condition,hidden_width,fold,epoch,train_loss,balanced_accuracy_full
text,128,0,1,1.0747447490614046,0.4269531265843452
text,128,0,2,1.0506915411635223,0.4625448472574729
text,128,0,3,1.0376272884072768,0.4544273130235899
text,128,0,4,1.0156334113809191,0.4637022122741347
text,128,0,5,1.0141559996216016,0.46293858778885233
text,128,0,6,0.9979375938567965,0.4380654408849398
text,128,0,7,0.9902973143030611,0.46192910094210143
text,128,0,8,0.9713913063084615,0.4576216588129509
text,128,0,9,0.9664623305870204,0.47026892630135597
text,128,0,10,0.9572597642511842,0.4545128848651407
text,128,0,11,0.9441163682992287,0.45049576739883834
text,128,0,12,0.9416389628546846,0.4711437829708143
text,128,0,13,0.9273768990616934,0.4635876986640948
text,128,0,14,0.9179541501224217,0.4625627422382712
text,128,0,15,0.9126857053714231,0.46037554961080757
text,128,0,16,0.9117145306978934,0.45705981144600877
text,128,0,17,0.8921254607954066,0.47828281027914593
text,128,0,18,0.8846116150124441,0.4656278080012046
text,128,0,19,0.8756350960608119,0.46828848388484623
text,128,0,20,0.8722830287675329,0.45248885655291676
text,128,0,21,0.8671663090162031,0.47271499489534463
text,128,0,22,0.8620966073141464,0.46959824157967267
text,128,0,23,0.8533305846547596,0.4604586349060515
text,128,0,24,0.8424913035702635,0.4714542547732059
text,128,0,25,0.83620879712981,0.45448704108877136
text,128,0,26,0.8330130250853005,0.4775034104918843
text,128,0,27,0.8332347017876094,0.4695776766188236
text,128,0,28,0.8231531928650012,0.47282091769170975
text,128,0,29,0.8286156236168755,0.4630288881446914
text,128,0,30,0.8026100068728025,0.46956469358605774
text,128,0,31,0.8066632156679757,0.4774904886036997
text,128,0,32,0.806706725203948,0.4779872985176495
text,128,0,33,0.794871345098941,0.4663161125530702
text,128,0,34,0.790390089559352,0.4650427562656534
text,128,0,35,0.7951738148722693,0.4721997702716554
text,128,0,36,0.7995230306026547,0.47216330771966436
text,128,0,37,0.7801438261163925,0.47275385227677047
text,128,0,38,0.7822890618844693,0.46696850485417657
text,128,0,39,0.7829064097788698,0.4708044407352783
text,128,0,40,0.757104652848667,0.4766985032234506
text,128,0,41,0.7713361467020339,0.45766809812245984
text,128,0,42,0.7629669533961334,0.47158104825332653
text,128,0,43,0.767432102034844,0.4720521978246511
text,128,0,44,0.7578839475195641,0.47864760904203624
text,128,0,45,0.7563393844411758,0.4675353864583136
text,128,0,46,0.7678996882515191,0.4648510170494124
text,128,0,47,0.7527619219005909,0.46429714905033187
text,128,0,48,0.7518029489206401,0.4562987652239052
text,128,0,49,0.746453509969552,0.4661477611391822
text,128,0,50,0.7464939567287594,0.4688088344626024
text,256,0,1,1.0793545494070218,0.44005582948667676
text,256,0,2,1.047721737843828,0.48224271679886427
text,256,0,3,1.0267317435642247,0.4594210623149497
text,256,0,4,1.0030552597854945,0.4410893767261752
text,256,0,5,0.9979931908750237,0.47475433992518795
text,256,0,6,0.9814638962637898,0.4761806697642919
text,256,0,7,0.9728407947461878,0.4616233067001804
text,256,0,8,0.958435152598455,0.46173186890430556
text,256,0,9,0.9417074521252494,0.4622031713370834
text,256,0,10,0.9349882132375276,0.46895637633731607
text,256,0,11,0.9189825096444306,0.47163285809522765
text,256,0,12,0.9114730704076712,0.4512879362128314
text,256,0,13,0.895482722575884,0.46764140097155077
text,256,0,14,0.8949420977880476,0.46432839393138403
text,256,0,15,0.8790571362004684,0.4611237656615986
text,256,0,16,0.8778116432635698,0.45842632150305934
text,256,0,17,0.8644475839273132,0.47540424567998757
text,256,0,18,0.8501633579247591,0.4735094973941912
text,256,0,19,0.8347537502319431,0.458936481317263
text,256,0,20,0.842661366652474,0.47085628114947004
text,256,0,21,0.827364432432985,0.45572681881028254
text,256,0,22,0.8229819305053196,0.4497786127953556
text,256,0,23,0.807549510027907,0.4740477735250363
text,256,0,24,0.8085399680437512,0.46431025437226053
text,256,0,25,0.7990788967149437,0.4472290468067273
text,256,0,26,0.799784951646563,0.45572175400079695
text,256,0,27,0.7851115871248892,0.47142316275360713
text,256,0,28,0.7835012547625427,0.4525455783428502
text,256,0,29,0.7754974961476055,0.4538115361359279
text,256,0,30,0.7753118696737555,0.4576940641879917
text,256,0,31,0.767606484569802,0.4589651785074269
text,256,0,32,0.7553392667634503,0.45425638334652324
text,256,0,33,0.7566520350704886,0.4733388122954498
text,256,0,34,0.7543332894981551,0.45302974151923125
text,256,0,35,0.756950730872162,0.46882200092911225
text,256,0,36,0.7456792507099785,0.44257761545386093
text,256,0,37,0.7436071794774155,0.4648536870294631
text,256,0,38,0.7358871111118556,0.4556259608234032
text,256,0,39,0.7341943847090543,0.472114351291558
text,256,0,40,0.7317173801560188,0.45904007042877454
text,256,0,41,0.727158096669894,0.46887356619268816
text,256,0,42,0.7302205007153576,0.4622834643631138
text,256,0,43,0.7166483193548085,0.4628682103757586
text,256,0,44,0.7275735610358409,0.46889701513962256
text,256,0,45,0.7226994771509142,0.4674861854518821
text,256,0,46,0.7186914841112761,0.45760612808929685
text,256,0,47,0.7143554802297023,0.4656173115147455
text,256,0,48,0.7167128975220364,0.44582346536221634
text,256,0,49,0.7131823535594947,0.45369502513623167
text,256,0,50,0.7182922771708754,0.4655602228573242
text,512,0,1,1.0786616133347207,0.43873069392964953
text,512,0,2,1.0444061415647625,0.45632776813697573
text,512,0,3,1.022214913852403,0.4544848602653711
text,512,0,4,1.001007971082638,0.4485460501344396
text,512,0,5,0.9861839385919793,0.47468718279337674
text,512,0,6,0.9770653576996144,0.4347886518184388
text,512,0,7,0.9586689398986099,0.4622885291725995
text,512,0,8,0.9390586135116438,0.47818401082650414
text,512,0,9,0.9246350743908824,0.47424224386590935
text,512,0,10,0.9146611962676088,0.4642245908138378
text,512,0,11,0.8949963171053354,0.4689275874302801
text,512,0,12,0.8836291787704795,0.480661232584673
text,512,0,13,0.8698871361010589,0.45904537981658544
text,512,0,14,0.8502940159136063,0.4787460416271902
text,512,0,15,0.8564093393495424,0.46354116763771397
text,512,0,16,0.8318981402161627,0.47871485789071944
text,512,0,17,0.828364617231827,0.4814299524517316
text,512,0,18,0.8228022039737071,0.46817197288515006
text,512,0,19,0.8104656066341631,0.4582478404702002
text,512,0,20,0.7977164261972869,0.4681902041611456
text,512,0,21,0.7919144893411023,0.4720443407459521
text,512,0,22,0.7796258302426831,0.4589366036064256
text,512,0,23,0.7848317571596907,0.4753757013512769
text,512,0,24,0.7735173557962779,0.46235083550095973
text,512,0,25,0.7600981945918108,0.4707994982149553
text,512,0,26,0.7612577042070483,0.46426602645844245
text,512,0,27,0.7574826503557492,0.48412469605792935
text,512,0,28,0.7489309476665931,0.4529752311249888
text,512,0,29,0.7388097947830066,0.4577122648916965
text,512,0,30,0.7368054343488152,0.4688709879295094
text,512,0,31,0.73359599474255,0.46294859511866093
text,512,0,32,0.7273269342743605,0.46163880685154385
text,512,0,33,0.7262705152166737,0.46628250341487393
text,512,0,34,0.7179847813183622,0.46361136161706384
text,512,0,35,0.7190639133965661,0.4661996321256647
text,512,0,36,0.7114439424904612,0.4558148160535587
text,512,0,37,0.7132253910805646,0.455724485125429
text,512,0,38,0.7069974612338481,0.46161541904919073
text,512,0,39,0.7098436826492894,0.4675871657279241
text,512,0,40,0.7086922118322521,0.46941457344816534
text,512,0,41,0.7032884724055045,0.4629357343750577
text,512,0,42,0.696754084252702,0.46085968221489804
text,512,0,43,0.6974900845149054,0.4648484999308149
text,512,0,44,0.6946920901488133,0.46374592045901153
text,512,0,45,0.6963457132885192,0.4616026194501688
text,512,0,46,0.6869903297999083,0.4524836694542686
text,512,0,47,0.6910511571346561,0.4747363837998084
text,512,0,48,0.6759814380662308,0.46350780307784295
text,512,0,49,0.694132022513275,0.4662177411124975
text,512,0,50,0.6842617457943044,0.45835916437124813
image,128,0,1,1.0744168984862652,0.4619258500885282
image,128,0,2,1.0270705260958704,0.48347003121655074
image,128,0,3,1.005417486116451,0.49476322137943923
image,128,0,4,0.9822322041567451,0.49461874692455493
image,128,0,5,0.9597414227301981,0.4947990419133264
image,128,0,6,0.94344834936981,0.5110133416049724
image,128,0,7,0.929451741783337,0.4809339679896296
image,128,0,8,0.8936109469829525,0.49651266975850356
image,128,0,9,0.8686188608359166,0.5011851246565789
image,128,0,10,0.8560658158179857,0.515170969319137
image,128,0,11,0.823693662130204,0.4926204400995376
image,128,0,12,0.8001921486940455,0.5103405677767608
image,128,0,13,0.7814149405188612,0.5057099153907779
image,128,0,14,0.7551880770146632,0.5307763097439374
image,128,0,15,0.7367858901751694,0.5123259527135935
image,128,0,16,0.6910300090435564,0.5367841521071738
image,128,0,17,0.6667209277377923,0.524248269664398
image,128,0,18,0.6371041503141561,0.5037896596238096
image,128,0,19,0.6095236541597796,0.4932105872168652
image,128,0,20,0.5966568500769946,0.5084071761155732
image,128,0,21,0.5848469587376655,0.4985089486215739
image,128,0,22,0.5459071201767408,0.5064349882175411
image,128,0,23,0.5385750813285836,0.4921650046856112
image,128,0,24,0.5093982636909035,0.485978375566609
image,128,0,25,0.5012917879211133,0.4974011514788316
image,128,0,26,0.47014859197688735,0.4959387259552246
image,128,0,27,0.46977380717577716,0.49313278073714156
image,128,0,28,0.44668981120541884,0.49769876253761997
image,128,0,29,0.4100636551019367,0.508212980925316
image,128,0,30,0.3931350380113935,0.5005433205588036
image,128,0,31,0.3696267679211666,0.4938937352423731
image,128,0,32,0.3820380041179913,0.49002907159881687
image,128,0,33,0.3332896751631997,0.49648725399420357
image,128,0,34,0.3510705042170416,0.5045348082547711
image,128,0,35,0.3518516591854108,0.49577307509367813
image,128,0,36,0.3293488129822106,0.5070869219342876
image,128,0,37,0.2988442044364715,0.4721535449681811
image,128,0,38,0.32299605793848296,0.48618279209270937
image,128,0,39,0.3099024920454972,0.4831903864739055
image,128,0,40,0.31419148661447593,0.5108765102227523
image,128,0,41,0.2898987611365873,0.4966867279999809
image,128,0,42,0.2769138954904405,0.4933423843618902
image,128,0,43,0.27400646475624185,0.50772378351174
image,128,0,44,0.23865912208938223,0.5128487592653658
image,128,0,45,0.2608787117094592,0.5149145900896822
image,128,0,46,0.2504829383051634,0.5023890818442028
image,128,0,47,0.24092087325085745,0.48400858249801176
image,128,0,48,0.2503708626378219,0.5168792266319219
image,128,0,49,0.2566700747979105,0.5175728405715984
image,128,0,50,0.21516572675996243,0.4799470536841475
image,256,0,1,1.0729837976359478,0.4742603222804516
image,256,0,2,1.025973392360686,0.48402592717757814
image,256,0,3,0.9949637597559164,0.4798468580968989
image,256,0,4,0.9634584291739577,0.49627992290972706
image,256,0,5,0.9409083075457778,0.508474363819675
image,256,0,6,0.9172476274710267,0.5062117901142135
image,256,0,7,0.8886974044522418,0.507769947670633
image,256,0,8,0.8601843381451264,0.5150282476755836
image,256,0,9,0.8270071767565855,0.4830197625197454
image,256,0,10,0.8002160547055301,0.4999480474874091
image,256,0,11,0.7614793835059565,0.5216986119588977
image,256,0,12,0.7410035818824993,0.48019858211015126
image,256,0,13,0.697404621860218,0.4977656750911059
image,256,0,14,0.7008681285783497,0.5334606791528386
image,256,0,15,0.6574558704710772,0.5096731339086509
image,256,0,16,0.6260144180092623,0.5063414675804195
image,256,0,17,0.5914036689177912,0.5227550272718081
image,256,0,18,0.5686290184962645,0.4865712843808592
image,256,0,19,0.5534802802343897,0.5058342223245919
image,256,0,20,0.5297100235898105,0.506730102539259
image,256,0,21,0.5039659722726774,0.48322958015052864
image,256,0,22,0.47500630534753385,0.5102737469401468
image,256,0,23,0.45486208982948706,0.4979861114975109
image,256,0,24,0.41492432384189526,0.5108379279919425
image,256,0,25,0.4037139717766468,0.5188204447995178
image,256,0,26,0.4029062303155905,0.49276518970503796
image,256,0,27,0.38506511239352637,0.5044183278273656
image,256,0,28,0.3698793809862165,0.5200552494284154
image,256,0,29,0.34851897996232584,0.5215097261564514
image,256,0,30,0.32697291906021325,0.5254418526547254
image,256,0,31,0.2968233520628154,0.5083659239047126
image,256,0,32,0.3080405445029374,0.5142749668153072
image,256,0,33,0.2923854598638233,0.5089999626406608
image,256,0,34,0.27005795236888025,0.5069339483826005
image,256,0,35,0.3069929554399568,0.505772160574557
image,256,0,36,0.270788499860345,0.5083761758128463
image,256,0,37,0.23299773678774136,0.5156315001148397
image,256,0,38,0.22902137909878914,0.5234278622446008
image,256,0,39,0.24070268188036742,0.5150207574643725
image,256,0,40,0.24414584304206377,0.5266765349944604
image,256,0,41,0.23635025749997626,0.5175649834928994
image,256,0,42,0.24887887574671294,0.5267100829880754
image,256,0,43,0.21521413045859986,0.5141715611375395
image,256,0,44,0.20850713586918534,0.5065073630202912
image,256,0,45,0.1908105260723347,0.5201252294017307
image,256,0,46,0.20228155931995379,0.5104054829405905
image,256,0,47,0.20855773558069596,0.5194029488441809
image,256,0,48,0.18171365735298917,0.5235368830330859
image,256,0,49,0.18739724885507603,0.5071495034132637
image,256,0,50,0.19272969924267339,0.4952140505682401
image,512,0,1,1.0718216044060176,0.46845379845119545
image,512,0,2,1.0193573655630774,0.4557055506867484
image,512,0,3,0.9802238864270812,0.5011260691817919
image,512,0,4,0.9517602192508249,0.5034550051395078
image,512,0,5,0.9259208833199035,0.4957785679152329
image,512,0,6,0.8927744591856955,0.5080164112871511
image,512,0,7,0.8562468206574009,0.48902978570638206
image,512,0,8,0.8304547605419252,0.5077755627813504
image,512,0,9,0.7868135540632978,0.5117875542935858
image,512,0,10,0.7476956999540094,0.47404083361505706
image,512,0,11,0.7189200254217586,0.510366503270002
image,512,0,12,0.6738998591216556,0.5175699260132222
image,512,0,13,0.645284101332831,0.49661726775560683
image,512,0,14,0.6249869133150855,0.5030205117446818
image,512,0,15,0.6003016956001667,0.5044777501696406
image,512,0,16,0.5814749380623049,0.49726152782739835
image,512,0,17,0.5398864343913703,0.5011491512612385
image,512,0,18,0.5094823740054223,0.5124787734038273
image,512,0,19,0.4794350735796814,0.49399216782752714
image,512,0,20,0.457917751853598,0.49700748228279706
image,512,0,21,0.4375149286890514,0.5016589442079542
image,512,0,22,0.42010699298941734,0.522143917753853
image,512,0,23,0.4140819545421607,0.4887585381529041
image,512,0,24,0.3709255221571018,0.4945023276417307
image,512,0,25,0.36994824607060695,0.4792586268431194
image,512,0,26,0.3735633006339537,0.5123286532659349
image,512,0,27,0.328668251467696,0.5024611814963372
image,512,0,28,0.3099136331844361,0.5043329394195589
image,512,0,29,0.28805341702619613,0.4794038961775607
image,512,0,30,0.25810329925026065,0.5108842755845794
image,512,0,31,0.2500414827535319,0.4977945251427232
image,512,0,32,0.26675280727521733,0.49602132209381794
image,512,0,33,0.2629072596958103,0.5029583277054842
image,512,0,34,0.26375788911967213,0.4983977164373979
image,512,0,35,0.21516389632826355,0.49855821077258683
image,512,0,36,0.19334226244889124,0.5070923230389704
image,512,0,37,0.20201724708138863,0.5050784854902991
image,512,0,38,0.21780567748250626,0.5150490266424673
image,512,0,39,0.21606104621096903,0.5078431173529402
image,512,0,40,0.2066725884920216,0.5056504624762125
image,512,0,41,0.15984012941102924,0.5064479406780164
image,512,0,42,0.19305992862493376,0.5082881785695702
image,512,0,43,0.1856816895440333,0.49764440500483076
image,512,0,44,0.17588372680346692,0.48866793207415854
image,512,0,45,0.18070887321044374,0.5129552629352534
image,512,0,46,0.1708093116928076,0.5057228984235439
image,512,0,47,0.1528084047853732,0.5312476427490057
image,512,0,48,0.15042968922625047,0.5227083739562645
image,512,0,49,0.1679464505806619,0.5089690234825154
image,512,0,50,0.14613414698552196,0.5162709093831802
early,128,0,1,1.0681517736036348,0.4676908465563076
early,128,0,2,1.0197856507065488,0.5032248059816196
early,128,0,3,0.9926933336757731,0.4985757694581879
early,128,0,4,0.9672011667456816,0.5051537748514253
early,128,0,5,0.9341410820577092,0.515786226477858
early,128,0,6,0.9083076831437782,0.512217145931143
early,128,0,7,0.887614499124745,0.5153081064242634
early,128,0,8,0.8459617443604818,0.5391650915312982
early,128,0,9,0.8151217455985778,0.52017912835016
early,128,0,10,0.7951627070303241,0.5439258799678469
early,128,0,11,0.760302821730068,0.5134210725464764
early,128,0,12,0.730989307135861,0.5518645968736735
early,128,0,13,0.6907183335837168,0.5088186281940069
early,128,0,14,0.668134166750797,0.5239734757252038
early,128,0,15,0.6486844516292464,0.5264742992917603
early,128,0,16,0.6162713325847534,0.5386608525507185
early,128,0,17,0.5741484028138062,0.5235286896591896
early,128,0,18,0.558705434676588,0.5168636959082678
early,128,0,19,0.5674290813229883,0.5345840070192348
early,128,0,20,0.534332483860457,0.5253224576689439
early,128,0,21,0.4860986080710083,0.5155254244570213
early,128,0,22,0.4656659285533323,0.5043199869590836
early,128,0,23,0.45869560689563793,0.5098077233228893
early,128,0,24,0.4272383692965053,0.5070222513487832
early,128,0,25,0.4164288180053254,0.5234047801651543
early,128,0,26,0.39471439104997014,0.5115649676360712
early,128,0,27,0.39949345118172475,0.5174225369999619
early,128,0,28,0.382429048160315,0.5155590641675083
early,128,0,29,0.3546556229381299,0.533442447876843
early,128,0,30,0.338931805309295,0.5128929260346026
early,128,0,31,0.3460543491178132,0.5360853816411397
early,128,0,32,0.3284530731310346,0.4990084590878651
early,128,0,33,0.31985261984586794,0.5081583788142016
early,128,0,34,0.3104340434074402,0.5260498030359793
early,128,0,35,0.30130661650637974,0.5200758755338457
early,128,0,36,0.30011656263442343,0.5070016558156435
early,128,0,37,0.2790025751433761,0.5095822526792894
early,128,0,38,0.26167664088521125,0.5017936253390646
early,128,0,39,0.2696895131049998,0.5089660172072673
early,128,0,40,0.296595550729453,0.5412210373149686
early,128,0,41,0.2820347434881668,0.5156444831476056
early,128,0,42,0.2344505944448809,0.5268264411263183
early,128,0,43,0.2526424990895534,0.5306753294678952
early,128,0,44,0.23822838747419375,0.5207409451448114
early,128,0,45,0.21458800812061207,0.5187529208002187
early,128,0,46,0.22121660873084,0.4978334130964397
early,128,0,47,0.2024897789510008,0.5135709786783341
early,128,0,48,0.19360734946486444,0.5300104127183828
early,128,0,49,0.21520703145120718,0.510260488756765
early,128,0,50,0.23602419941787675,0.4998030533035836
early,256,0,1,1.0689942141731879,0.4755696825354995
early,256,0,2,1.0107309870590275,0.4920269198394743
early,256,0,3,0.9762345107313144,0.49678030978168386
early,256,0,4,0.9490768629294944,0.4714589527152036
early,256,0,5,0.9092126839324134,0.5280503824012688
early,256,0,6,0.8939184682938531,0.522066233563292
early,256,0,7,0.8568721011237086,0.5318968453411203
early,256,0,8,0.8222388975588252,0.5163380053704101
early,256,0,9,0.7702002312525584,0.5133742969417702
early,256,0,10,0.7582481554442455,0.5148470660903831
early,256,0,11,0.7285668469631121,0.511903881859538
early,256,0,12,0.6996924835972578,0.5089509756402638
early,256,0,13,0.643731332668663,0.5262386276938442
early,256,0,14,0.6341115690784848,0.5398333508512558
early,256,0,15,0.6127313330374192,0.51818115782034
early,256,0,16,0.5717221210325424,0.525436145827136
early,256,0,17,0.5340593687596963,0.5280614291889597
early,256,0,18,0.5028020693089897,0.5219628278855244
early,256,0,19,0.4908422048155144,0.5307453094412105
early,256,0,20,0.46480187208504903,0.5289621602070779
early,256,0,21,0.46219732485714016,0.5153752126022569
early,256,0,22,0.4274266304303653,0.5214605557223104
early,256,0,23,0.3970336043713642,0.5144821756106208
early,256,0,24,0.40726389769370774,0.5103122068817941
early,256,0,25,0.3899129347804332,0.513467450711404
early,256,0,26,0.36656408519031103,0.5043067593479925
early,256,0,27,0.31591980581474116,0.5148704844650268
early,256,0,28,0.33016840183770035,0.4964382364215158
early,256,0,29,0.3231089173322266,0.5247271540252588
early,256,0,30,0.2728864621850572,0.5287082369516394
early,256,0,31,0.29964332402123417,0.5253381412540513
early,256,0,32,0.2744346410963444,0.5148212528863044
early,256,0,33,0.2679869360243185,0.5366729199229978
early,256,0,34,0.25543962043697543,0.5195372019632222
early,256,0,35,0.2659047865844187,0.5334011650936917
early,256,0,36,0.2603553889561512,0.5254183731355004
early,256,0,37,0.21764113353562284,0.5135426789279488
early,256,0,38,0.22527062931960426,0.520893888124208
early,256,0,39,0.25029622942277574,0.5062872017645023
early,256,0,40,0.216567966895458,0.5095874092056469
early,256,0,41,0.22036567044344021,0.5235080329814686
early,256,0,42,0.18982925855387167,0.5227394354035727
early,256,0,43,0.19833079620810207,0.5320058661296053
early,256,0,44,0.17970991200778744,0.5155797208452292
early,256,0,45,0.1792850406529901,0.49133388677332035
early,256,0,46,0.18682315705488675,0.5136537276783808
early,256,0,47,0.15885207021369177,0.5056425442529321
early,256,0,48,0.17112026706001152,0.51491185896505
early,256,0,49,0.1894245607088403,0.4991017351466615
early,256,0,50,0.17812134129295104,0.5149402198600168
early,512,0,1,1.0703295982161234,0.49983098618648114
early,512,0,2,1.0097390332457827,0.4800732051461643
early,512,0,3,0.965534084260249,0.5078715393924882
early,512,0,4,0.9316260343959907,0.5172413757962885
early,512,0,5,0.8946426255836512,0.5159162810023155
early,512,0,6,0.8611443598974036,0.5289181768715852
early,512,0,7,0.8290098768900231,0.5114404772685134
early,512,0,8,0.782005361522021,0.532707398292562
early,512,0,9,0.7453196137567601,0.5371800428896627
early,512,0,10,0.7121714405493388,0.5240545330585006
early,512,0,11,0.6732988202138451,0.5259876495690724
early,512,0,12,0.6321517676066227,0.5386011244855372
early,512,0,13,0.5862909703226586,0.5188929418914306
early,512,0,14,0.5432980780792049,0.518823084207278
early,512,0,15,0.535929206235269,0.5123959632591993
early,512,0,16,0.5253125306059016,0.5268758255664938
early,512,0,17,0.4940386244479922,0.5168427335076403
early,512,0,18,0.458753948441264,0.5440212757054622
early,512,0,19,0.44213595540258793,0.5178007060446331
early,512,0,20,0.41079321969270005,0.5313302083153085
early,512,0,21,0.3854241466233272,0.514815912926203
early,512,0,22,0.3689767803241494,0.5123829496541429
early,512,0,23,0.3641930999245911,0.518768879535942
early,512,0,24,0.33462326818710464,0.5200938928038066
early,512,0,25,0.30912771822974366,0.5142310751966863
early,512,0,26,0.2929911442635452,0.5338775323359551
early,512,0,27,0.2802269634090015,0.5176787939402541
early,512,0,28,0.27624639584672206,0.4890686430878079
early,512,0,29,0.30099239125432947,0.514885923471809
early,512,0,30,0.2525444340010842,0.510382309144272
early,512,0,31,0.2547546513122377,0.5097091073039913
early,512,0,32,0.22980409754208958,0.5018272956218421
early,512,0,33,0.21990840143349927,0.5189859122273204
early,512,0,34,0.2212557034036819,0.5187816179903827
early,512,0,35,0.20745905906772208,0.5116427129712134
early,512,0,36,0.19409690980848,0.5024770485151885
early,512,0,37,0.19276968275782244,0.5372656147312135
early,512,0,38,0.18657796182253303,0.5201689375866075
early,512,0,39,0.2048252587811579,0.5043123133141286
early,512,0,40,0.20027491144770057,0.5004916024337744
early,512,0,41,0.17891640580953866,0.519475323646931
early,512,0,42,0.15213512682227515,0.5155799348512639
early,512,0,43,0.16124869204137585,0.5213933374459178
early,512,0,44,0.17248420024890412,0.5043537489587332
early,512,0,45,0.1765838554315086,0.5266711950343589
early,512,0,46,0.1512924784222783,0.5102373149604466
early,512,0,47,0.15537046285543213,0.5042785513144791
early,512,0,48,0.14166249300890424,0.5161232146470133
early,512,0,49,0.141097898458677,0.5102500534148872
early,512,0,50,0.1485113573589756,0.5082906956881676
intermediate,128,0,1,1.0612678109642877,0.49376178523589487
intermediate,128,0,2,1.0053865584318185,0.5103278293223202
intermediate,128,0,3,0.9748095855765994,0.5146347517225295
intermediate,128,0,4,0.9499534313459299,0.5050653190237893
intermediate,128,0,5,0.9225445678497275,0.5190430008847416
intermediate,128,0,6,0.884631041304385,0.5236839051788584
intermediate,128,0,7,0.8616038548762861,0.5048296576166368
intermediate,128,0,8,0.840613646601756,0.539375123168116
intermediate,128,0,9,0.7980759897624083,0.516192888897422
intermediate,128,0,10,0.7771959498675971,0.5279992145774716
intermediate,128,0,11,0.7441040412972804,0.5292180604706457
intermediate,128,0,12,0.7030132420134083,0.5319541174322855
intermediate,128,0,13,0.683310882579761,0.5483545106571642
intermediate,128,0,14,0.6698081772756155,0.5412363846048788
intermediate,128,0,15,0.6302341181764125,0.5328268238506343
intermediate,128,0,16,0.6138999214376968,0.5301681453566489
intermediate,128,0,17,0.569522950401706,0.5314028582686745
intermediate,128,0,18,0.5448862684190839,0.5259410879704008
intermediate,128,0,19,0.532833723603332,0.5298676299302482
intermediate,128,0,20,0.5289809240636535,0.5484115993145856
intermediate,128,0,21,0.4801800406217341,0.5313202315577904
intermediate,128,0,22,0.4548298036938919,0.5476918664479239
intermediate,128,0,23,0.4330184922193333,0.5163121921663315
intermediate,128,0,24,0.41026943938637656,0.5261376779900928
intermediate,128,0,25,0.394969690804633,0.5280692251230774
intermediate,128,0,26,0.40586198584743693,0.5233008241861549
intermediate,128,0,27,0.37176215414371483,0.537907846841058
intermediate,128,0,28,0.3794959826602961,0.5439077098364327
intermediate,128,0,29,0.33894458946598344,0.544451173065926
intermediate,128,0,30,0.3167732530076739,0.5325729617397769
intermediate,128,0,31,0.3454011319369283,0.5300616416867613
intermediate,128,0,32,0.3147196263475103,0.5182458284058443
intermediate,128,0,33,0.3052181348502343,0.517572504276401
intermediate,128,0,34,0.29427835423361465,0.5267672022177873
intermediate,128,0,35,0.2858550569052935,0.531252738130782
intermediate,128,0,36,0.2678975782509987,0.5229540426932257
intermediate,128,0,37,0.2643738970956059,0.5242769668545618
intermediate,128,0,38,0.23322933871278284,0.5307711837898704
intermediate,128,0,39,0.2547274145715322,0.5161905857848591
intermediate,128,0,40,0.25400039315457973,0.539305387773126
intermediate,128,0,41,0.2328559504477188,0.520345176651485
intermediate,128,0,42,0.20466236808467528,0.5477357580665447
intermediate,128,0,43,0.20976166501812102,0.5452070933339627
intermediate,128,0,44,0.22132895516443363,0.5385262631364802
intermediate,128,0,45,0.20708178358120174,0.5240466148352203
intermediate,128,0,46,0.21138171061917363,0.535342536122741
intermediate,128,0,47,0.1957401364280324,0.5450490855450806
intermediate,128,0,48,0.1858911555769246,0.5128615588643878
intermediate,128,0,49,0.20390685214064685,0.5314935254920014
intermediate,128,0,50,0.1874601358259228,0.5221179211160304
intermediate,256,0,1,1.0631983191546088,0.48584584468660824
intermediate,256,0,2,1.0022255913609175,0.5104104254609135
intermediate,256,0,3,0.9710164514284543,0.5121371892003098
intermediate,256,0,4,0.9382794815870024,0.5045480358658624
intermediate,256,0,5,0.892587395386738,0.5307972109999836
intermediate,256,0,6,0.8679913261309242,0.509636121055428
intermediate,256,0,7,0.8345766851951206,0.5262177875823794
intermediate,256,0,8,0.7862356610076372,0.5194701365482829
intermediate,256,0,9,0.7520129177908487,0.529422752147362
intermediate,256,0,10,0.7209121364669413,0.512445439416247
intermediate,256,0,11,0.6898008774157005,0.5148856483211929
intermediate,256,0,12,0.6466770737318769,0.5308281195858384
intermediate,256,0,13,0.6152400124709488,0.5412749974079794
intermediate,256,0,14,0.5656079577298544,0.5187711215039236
intermediate,256,0,15,0.5349500013342694,0.5169587247783952
intermediate,256,0,16,0.5093467983307699,0.5102682846908827
intermediate,256,0,17,0.48562883506866117,0.5189138431474768
intermediate,256,0,18,0.4453831716537319,0.5260576601146784
intermediate,256,0,19,0.4084739224699103,0.5261870624302684
intermediate,256,0,20,0.39922812346782677,0.5426522791021049
intermediate,256,0,21,0.35623809477559004,0.5266064021596918
intermediate,256,0,22,0.35358841270647634,0.5134934167769358
intermediate,256,0,23,0.33784507977896117,0.5057021806012415
intermediate,256,0,24,0.3073719496751199,0.5168116109157507
intermediate,256,0,25,0.27668486620963617,0.5341131020262356
intermediate,256,0,26,0.2549441424288439,0.5353812406427135
intermediate,256,0,27,0.2742654247300335,0.5214296471364556
intermediate,256,0,28,0.23367768090707608,0.5307194962371319
intermediate,256,0,29,0.24500273574659795,0.5399652702854435
intermediate,256,0,30,0.2370640470128039,0.5242557904478997
intermediate,256,0,31,0.24416459078207745,0.5167985973106942
intermediate,256,0,32,0.23008146394462692,0.5070170336778443
intermediate,256,0,33,0.19548257627508267,0.5274452242892284
intermediate,256,0,34,0.18166161319524626,0.5281619814529326
intermediate,256,0,35,0.1928470826055275,0.537863435493496
intermediate,256,0,36,0.17499192204488678,0.5398695688249217
intermediate,256,0,37,0.1738866682506334,0.514251762446698
intermediate,256,0,38,0.15758532450174137,0.5147099289852566
intermediate,256,0,39,0.16766083624630024,0.5273673566649234
intermediate,256,0,40,0.14821564077432922,0.520904201176923
intermediate,256,0,41,0.13051167084590512,0.5234382058696067
intermediate,256,0,42,0.14578918751501233,0.5141094076706326
intermediate,256,0,43,0.14371731079311945,0.5110994331754641
intermediate,256,0,44,0.16393076406124962,0.5234898934223452
intermediate,256,0,45,0.14228550354223193,0.5314106236305015
intermediate,256,0,46,0.12636601906349101,0.5293424896936222
intermediate,256,0,47,0.1219465276436887,0.5226980303312586
intermediate,256,0,48,0.1268081681975528,0.5280741676434003
intermediate,256,0,49,0.12858505087760952,0.533949845994124
intermediate,256,0,50,0.10390375561882853,0.5273986015459755
intermediate,512,0,1,1.0687268379278898,0.4951463125629063
intermediate,512,0,2,0.9878740673802385,0.5300622837048651
intermediate,512,0,3,0.9566037324932885,0.5130401316141189
intermediate,512,0,4,0.9181543583171781,0.5154450091418282
intermediate,512,0,5,0.8862384577442536,0.5200651650413519
intermediate,512,0,6,0.8504857043731108,0.5370585282250623
intermediate,512,0,7,0.7981727294089401,0.5130009685097865
intermediate,512,0,8,0.7714143500264028,0.5355414903995772
intermediate,512,0,9,0.7301313183247516,0.5135892405266204
intermediate,512,0,10,0.6915650826534443,0.5081840697291174
intermediate,512,0,11,0.656170272257068,0.5157892327531058
intermediate,512,0,12,0.6198428572297995,0.5392535779312249
intermediate,512,0,13,0.5811032716305655,0.5004011797887727
intermediate,512,0,14,0.5438616813459125,0.5333774715684321
intermediate,512,0,15,0.49154935572680747,0.5234433623959643
intermediate,512,0,16,0.46293223394240235,0.5121525364902199
intermediate,512,0,17,0.4715842968161052,0.500970517366926
intermediate,512,0,18,0.42264221328967444,0.5147432629728369
intermediate,512,0,19,0.39564794368365924,0.525506431523358
intermediate,512,0,20,0.3640208467865553,0.5223095991876902
intermediate,512,0,21,0.3288791286644684,0.535461350235
intermediate,512,0,22,0.3243891167574307,0.5207979420853609
intermediate,512,0,23,0.3124057840820691,0.5147929225636284
intermediate,512,0,24,0.27360995095790586,0.5418238923144462
intermediate,512,0,25,0.262944642916844,0.5347522361439602
intermediate,512,0,26,0.22918589043687532,0.5269481697969534
intermediate,512,0,27,0.22864528157029276,0.5299531100549268
intermediate,512,0,28,0.22371872714844213,0.49067913021506976
intermediate,512,0,29,0.241660366312543,0.5077547226698855
intermediate,512,0,30,0.19827590748555457,0.5228507898769114
intermediate,512,0,31,0.20256874245422768,0.5261017045947524
intermediate,512,0,32,0.1662398738194168,0.5254597476355237
intermediate,512,0,33,0.16254624762458564,0.5188982207069509
intermediate,512,0,34,0.16388483636893877,0.5261171436015345
intermediate,512,0,35,0.14683034006705098,0.5452070321893814
intermediate,512,0,36,0.14534186698981985,0.5385729470243144
intermediate,512,0,37,0.15707275264582554,0.5157272627199428
intermediate,512,0,38,0.14419534185988528,0.535334679044042
intermediate,512,0,39,0.14854920842424596,0.5209893450064046
intermediate,512,0,40,0.1466614823779863,0.5175780582425372
intermediate,512,0,41,0.12927805435167466,0.5360022352013146
intermediate,512,0,42,0.1271951767462533,0.5451188515123614
intermediate,512,0,43,0.1135110240838409,0.517510717676982
intermediate,512,0,44,0.09436874027686395,0.5104182519673218
intermediate,512,0,45,0.12461195994001352,0.520673635151547
intermediate,512,0,46,0.11072389628217137,0.5287782169249545
intermediate,512,0,47,0.11424308747316711,0.5332146435483897
intermediate,512,0,48,0.11657240420648242,0.533295120008164
intermediate,512,0,49,0.10121515514667682,0.5398022282593664
intermediate,512,0,50,0.11976088145781337,0.5490924136552401
late,128,0,1,1.064202944489725,0.4645844368656415
late,128,0,2,1.0144443697824737,0.502435154286224
late,128,0,3,0.9806857316016838,0.48188365543585415
late,128,0,4,0.9576417513452824,0.49557083939097796
late,128,0,5,0.9288769820421359,0.5189287929976084
late,128,0,6,0.9074082882764337,0.5266036710350598
late,128,0,7,0.8660662562543355,0.5279908683421219
late,128,0,8,0.8377436683914367,0.5511318809742459
late,128,0,9,0.8171391840883837,0.5066706903877477
late,128,0,10,0.7851171768613616,0.5366623317196667
late,128,0,11,0.7555560457327699,0.5269995821990759
late,128,0,12,0.7387743652589275,0.5156107822925374
late,128,0,13,0.697421888542925,0.5339494485543453
late,128,0,14,0.6780792910702065,0.5432319297329733
late,128,0,15,0.6393718554120044,0.5274763163088272
late,128,0,16,0.6093305562544447,0.5345889189672672
late,128,0,17,0.5725634093953085,0.519532259442899
late,128,0,18,0.552137561481662,0.5148008713591995
late,128,0,19,0.5366189489003833,0.5202051249879825
late,128,0,20,0.5024540462612598,0.5269509926384573
late,128,0,21,0.480781327436449,0.528025211215294
late,128,0,22,0.4487618747165154,0.5385700936105197
late,128,0,23,0.42606773639638973,0.5439310364942046
late,128,0,24,0.42318089153584676,0.5352412806960829
late,128,0,25,0.40697324668388857,0.531294234919968
late,128,0,26,0.38750545980693707,0.5459318298655286
late,128,0,27,0.3510207315565835,0.5306809445786126
late,128,0,28,0.3339613808829629,0.536072551469827
late,128,0,29,0.31637474211696087,0.5438144337776364
late,128,0,30,0.32412308977738075,0.5391579376152843
late,128,0,31,0.32557378417930954,0.5450932217420266
late,128,0,32,0.29022986143144125,0.54439432898683
late,128,0,33,0.2913223797088758,0.5431622554825646
late,128,0,34,0.2590121744237804,0.5398642288648201
late,128,0,35,0.2560127515246975,0.5451499741042508
late,128,0,36,0.24458298550310426,0.5175004657688481
late,128,0,37,0.2242899607272762,0.5274399760459988
late,128,0,38,0.2398769426865145,0.5412519764731142
late,128,0,39,0.2188433192663024,0.5333415898899636
late,128,0,40,0.19776194167066863,0.5550949160583749
late,128,0,41,0.21214381690069062,0.5280689499724615
late,128,0,42,0.19384958683624448,0.5345813981837654
late,128,0,43,0.18980271419735373,0.5319979173340342
late,128,0,44,0.2011947202420883,0.5340300473032825
late,128,0,45,0.16059011163338263,0.518973234917461
late,128,0,46,0.18350475409598652,0.5386166857814819
late,128,0,47,0.17214622431765061,0.5233504226323652
late,128,0,48,0.16364634247869497,0.5313355177031193
late,128,0,49,0.15976152114894715,0.5385442498341505
late,128,0,50,0.16393125042822024,0.5385963348266675
late,256,0,1,1.0664465146067883,0.4800946872757332
late,256,0,2,1.0106310354386476,0.48508479846450464
late,256,0,3,0.9698987596744871,0.5024617012252783
late,256,0,4,0.9342142209786491,0.5186002122083839
late,256,0,5,0.9099940309710398,0.4903133633296421
late,256,0,6,0.8801097315606468,0.5164055905142905
late,256,0,7,0.8514649446112892,0.5140082133885558
late,256,0,8,0.8056270029558106,0.5236114386592363
late,256,0,9,0.7709727009475875,0.5332975148375989
late,256,0,10,0.7457010586301577,0.5221960638909513
late,256,0,11,0.7003174873793121,0.5347601849395311
late,256,0,12,0.6639125810327821,0.5406150537510804
late,256,0,13,0.6332704787601068,0.4945438550032073
late,256,0,14,0.5968569895302004,0.5379620515123938
late,256,0,15,0.5790927055582545,0.5298962965481214
late,256,0,16,0.5587369615704436,0.5373405677971423
late,256,0,17,0.5064819517426127,0.5333312462649578
late,256,0,18,0.4827514429620317,0.5432679337006043
late,256,0,19,0.45575134773899445,0.5576910436456748
late,256,0,20,0.4215259890536031,0.5497393437070822
late,256,0,21,0.41051607121415423,0.5239816996713907
late,256,0,22,0.3895690784741729,0.5261197524370039
late,256,0,23,0.35921685396160724,0.5293995477787529
late,256,0,24,0.3296303878719206,0.5340820711512181
late,256,0,25,0.32415512813297287,0.5122664386544467
late,256,0,26,0.31103919810089875,0.5207152848021862
late,256,0,27,0.30645575080783183,0.5242044086180678
late,256,0,28,0.2701549084507517,0.5182251411558328
late,256,0,29,0.2600306760198829,0.5148730627282055
late,256,0,30,0.2434188150359965,0.5366106135946375
late,256,0,31,0.2722673262538107,0.5353243048467454
late,256,0,32,0.22830867062542737,0.5334607097251292
late,256,0,33,0.20972244771941154,0.5557497337612068
late,256,0,34,0.20562821085867708,0.5227342177326338
late,256,0,35,0.21693361230631403,0.5400457773175086
late,256,0,36,0.19514602562793934,0.520293366809584
late,256,0,37,0.19580302513157233,0.5366184706733366
late,256,0,38,0.18942085099569744,0.5269143772250131
late,256,0,39,0.1800012052635111,0.5274374589274013
late,256,0,40,0.1530031824830396,0.5241784119802454
late,256,0,41,0.16035157084816445,0.5340249519215062
late,256,0,42,0.1335733887546382,0.5326351152066838
late,256,0,43,0.16058474960695748,0.5453337950972114
late,256,0,44,0.15077081479344492,0.5411381048811781
late,256,0,45,0.13403680981855254,0.5201302024943443
late,256,0,46,0.13322062501692983,0.5220197942537831
late,256,0,47,0.13058504927140785,0.5221648190098992
late,256,0,48,0.13639957463393787,0.5365978751401969
late,256,0,49,0.1390469053749799,0.5313432524926557
late,256,0,50,0.13811095954793576,0.532671210891187
late,512,0,1,1.0628083522422096,0.484763555025038
late,512,0,2,0.9938126343451599,0.5033330930351289
late,512,0,3,0.9669605862731196,0.4619734613358457
late,512,0,4,0.9233782519444536,0.49967079757419874
late,512,0,5,0.8762530270772335,0.495625930658743
late,512,0,6,0.8427402164129363,0.5335178900994225
late,512,0,7,0.8064020256351104,0.5474641436455789
late,512,0,8,0.7656475432458723,0.5359817008127562
late,512,0,9,0.7154909150154521,0.5189292821542589
late,512,0,10,0.6807446743361957,0.5131724790603758
late,512,0,11,0.6492806648841031,0.5215952674257114
late,512,0,12,0.604952474812621,0.5318894162744904
late,512,0,13,0.5406250235997689,0.5312448199075017
late,512,0,14,0.5122129889226452,0.5341410960537144
late,512,0,15,0.5020616536565269,0.5163537195278081
late,512,0,16,0.44585051523479446,0.5287214951350212
late,512,0,17,0.40414285327893884,0.5280792630251767
late,512,0,18,0.38001980623025955,0.5392484214048673
late,512,0,19,0.34393439756000466,0.522172523227145
late,512,0,20,0.33977862410649995,0.5150594008397636
late,512,0,21,0.32087791374070973,0.5078481515901351
late,512,0,22,0.32389116018786024,0.5031604716913123
late,512,0,23,0.2686029589258176,0.5306910741975838
late,512,0,24,0.25654842195220356,0.5062872934813741
late,512,0,25,0.2253750031341149,0.5221000872798135
late,512,0,26,0.21524434136711806,0.5273725743358623
late,512,0,27,0.24599456641660766,0.5307454011580824
late,512,0,28,0.2178533346856808,0.5056763062525818
late,512,0,29,0.21160752940013922,0.5208367383222053
late,512,0,30,0.2046530791532396,0.5149379473197446
late,512,0,31,0.1909056927165632,0.5116660396289853
late,512,0,32,0.1943689634516479,0.5209532493219015
late,512,0,33,0.1490078751489525,0.5050008318720288
late,512,0,34,0.1601720768390934,0.517515751914177
late,512,0,35,0.14644537099337834,0.52670983840975
late,512,0,36,0.16702667885126538,0.5214372596368293
late,512,0,37,0.15254066591180038,0.5056142139302561
late,512,0,38,0.15130986552960046,0.505697207508628
late,512,0,39,0.1333194644166882,0.5024354905814211
late,512,0,40,0.13113015615086926,0.5163510189754666
late,512,0,41,0.11776490952200941,0.5110964880447973
late,512,0,42,0.11092926383682286,0.5287729992540158
late,512,0,43,0.10304783311996779,0.5108998368805242
late,512,0,44,0.13004710199479155,0.5286955596417799
late,512,0,45,0.1445332809164998,0.518258566860285
late,512,0,46,0.11649427174682349,0.5202130737835535
late,512,0,47,0.09303425039145503,0.5208782656836819
late,512,0,48,0.10815962701743054,0.5182615119909517
late,512,0,49,0.09847928847186573,0.5168947879278666
late,512,0,50,0.09602062529104873,0.5419688253536904
learned,128,0,1,1.0696900173206623,0.4762246836720753
learned,128,0,2,1.0146740369823304,0.5024617012252783
learned,128,0,3,0.9813431650937052,0.5054795837529635
learned,128,0,4,0.9580834895284536,0.5248099335975961
learned,128,0,5,0.9332652183739506,0.5399677874040409
learned,128,0,6,0.8925284461392522,0.5231014622787766
learned,128,0,7,0.8756071181520649,0.5126442510223934
learned,128,0,8,0.8421683698219039,0.5368411490477231
learned,128,0,9,0.8111767623606487,0.5248357468016747
learned,128,0,10,0.7795138644500518,0.526780215822844
learned,128,0,11,0.7541309295620561,0.5212664522489252
learned,128,0,12,0.7168885199429362,0.5018530476813394
learned,128,0,13,0.6937651027627277,0.5300828486657142
learned,128,0,14,0.665763709941849,0.5076978174462081
learned,128,0,15,0.6352256873065513,0.49406742661636266
learned,128,0,16,0.5968993845784074,0.5373562819545404
learned,128,0,17,0.5693833173746521,0.5242432659994937
learned,128,0,18,0.5455880271697333,0.5175235784205854
learned,128,0,19,0.5238648924794777,0.5089739660028383
learned,128,0,20,0.5077386177878593,0.5141684325731289
learned,128,0,21,0.49471076849519796,0.5175857624597829
learned,128,0,22,0.44619290792781957,0.5142127827761095
learned,128,0,23,0.40018199350534794,0.5163199881004492
learned,128,0,24,0.40792413494683,0.5110808044596901
learned,128,0,25,0.4084173335897856,0.525304623832727
learned,128,0,26,0.35807451510132626,0.5208290035326689
learned,128,0,27,0.3403521594632621,0.5175548538739281
learned,128,0,28,0.3294608268704994,0.5117047441489578
learned,128,0,29,0.3280973268597781,0.5253586756426096
learned,128,0,30,0.3352652885095432,0.512833381403165
learned,128,0,31,0.3104557433247059,0.49527304489844565
learned,128,0,32,0.3087593720578538,0.5149171989251516
learned,128,0,33,0.2852675887041314,0.5274708540595631
learned,128,0,34,0.2696368893443113,0.5280818412883556
learned,128,0,35,0.2571523046634098,0.5300879440474905
learned,128,0,36,0.25185367652442936,0.5194959497523614
learned,128,0,37,0.22903109104895725,0.5326633232401973
learned,128,0,38,0.2115092670823799,0.535257178287225
learned,128,0,39,0.20826852535404927,0.5268342370604359
learned,128,0,40,0.21025758763043717,0.5385339979260165
learned,128,0,41,0.220377400087951,0.5149298762350111
learned,128,0,42,0.19240445303469847,0.5241525682038761
learned,128,0,43,0.1715204476177829,0.5288171660232525
learned,128,0,44,0.21213381576647417,0.5346228949729513
learned,128,0,45,0.1965732150904827,0.5101648790131151
learned,128,0,46,0.19129499486536813,0.5181784266957079
learned,128,0,47,0.1688978901035935,0.5233243342776707
learned,128,0,48,0.14776344575375913,0.5385858994847896
learned,128,0,49,0.18466061831516317,0.5155950375628487
learned,128,0,50,0.16939103967472643,0.5215280491493188
learned,256,0,1,1.0663887472415103,0.49434395298536077
learned,256,0,2,1.0044586168442873,0.5136902208026625
learned,256,0,3,0.9671240059461822,0.5147099289852566
learned,256,0,4,0.9383748011475034,0.5104963030253707
learned,256,0,5,0.8891729114682722,0.5248490661296379
learned,256,0,6,0.8638950430132544,0.5142102045129308
learned,256,0,7,0.8335328813736219,0.539387922767138
learned,256,0,8,0.7831947424745231,0.5161982900021048
learned,256,0,9,0.7530379785384033,0.5279057856572218
learned,256,0,10,0.7150545553461357,0.5235679750526847
learned,256,0,11,0.6930302637661241,0.5424969718655642
learned,256,0,12,0.6632170675427961,0.5463227169831133
learned,256,0,13,0.6196517579250167,0.5177409474071609
learned,256,0,14,0.5902379817194209,0.5233553651526881
learned,256,0,15,0.5660235375956633,0.5314205086711475
learned,256,0,16,0.5145431883679504,0.5314315248865477
learned,256,0,17,0.4970867946973364,0.5432034159765533
learned,256,0,18,0.4665794892659392,0.5241759865785198
learned,256,0,19,0.437917646163415,0.5452302059856998
learned,256,0,20,0.40206464909351425,0.5334088693109375
learned,256,0,21,0.3915179977446668,0.5214323782610877
learned,256,0,22,0.37545082026764953,0.5174924558286959
learned,256,0,23,0.3676682954981723,0.5181888926098764
learned,256,0,24,0.33554391127080946,0.5160559963706207
learned,256,0,25,0.30873728171357007,0.5077911546495858
learned,256,0,26,0.28949197196019427,0.523531481928403
learned,256,0,27,0.29196735119335465,0.509064480364712
learned,256,0,28,0.2936229733777679,0.5129679402451127
learned,256,0,29,0.24135053227114123,0.5090334494896944
learned,256,0,30,0.22950994464225,0.5228478447462446
learned,256,0,31,0.2219670685419988,0.5254002030040863
learned,256,0,32,0.21652570968177176,0.521564144833822
learned,256,0,33,0.21765110473085378,0.515483958240126
learned,256,0,34,0.21715438423530023,0.5253483014453132
learned,256,0,35,0.20120963910115652,0.5227964934887034
learned,256,0,36,0.21105484529729363,0.525410546629092
learned,256,0,37,0.19767037237565166,0.5147230343071851
learned,256,0,38,0.19698621493224586,0.5069756286055304
learned,256,0,39,0.2014206527462952,0.5227366125620686
learned,256,0,40,0.18280652247410775,0.5339523936850121
learned,256,0,41,0.17180497473355322,0.5118109420959388
learned,256,0,42,0.15879431496994478,0.5234357193232998
learned,256,0,43,0.17223056001894363,0.5169103186515206
learned,256,0,44,0.15274337800924323,0.5117721152868037
learned,256,0,45,0.13044474286122124,0.5334038045014519
learned,256,0,46,0.14056795952878856,0.5300153552387057
learned,256,0,47,0.13236056068345362,0.5265934496992165
learned,256,0,48,0.1309064168750244,0.5076306297421063
learned,256,0,49,0.11199002813632043,0.5084510677341939
learned,256,0,50,0.1244493195395996,0.5215639614000781
learned,512,0,1,1.0628080698571516,0.5121163490888448
learned,512,0,2,0.9875981072461141,0.5190070274894013
learned,512,0,3,0.9570151975300911,0.5249780098608682
learned,512,0,4,0.918215629178268,0.5133691404154126
learned,512,0,5,0.8888395930015959,0.5120150325176055
learned,512,0,6,0.8507356716889145,0.5318375147157174
learned,512,0,7,0.7998244518184131,0.4978455401050672
learned,512,0,8,0.7777723980231087,0.5381094099533635
learned,512,0,9,0.7277591378814542,0.5140966386439012
learned,512,0,10,0.693512167436273,0.5313637257366327
learned,512,0,11,0.6611960602126823,0.5138247185000289
learned,512,0,12,0.6367009646612193,0.5333364639358966
learned,512,0,13,0.5834681193554475,0.49384477881426675
learned,512,0,14,0.5503424077962525,0.5413551987171378
learned,512,0,15,0.49771175125252015,0.5358912475954639
learned,512,0,16,0.47302877762416834,0.5016123826092826
learned,512,0,17,0.45694170570592196,0.5043690962486433
learned,512,0,18,0.42874645085714314,0.5273335640929832
learned,512,0,19,0.3957618464027277,0.5407368741385875
learned,512,0,20,0.36939838549132586,0.5301680842120676
learned,512,0,21,0.33290997717640575,0.538026569236445
learned,512,0,22,0.3393970908169429,0.5294693137460336
learned,512,0,23,0.30314507040866584,0.5161284017456615
learned,512,0,24,0.28858250483035885,0.5220583459123023
learned,512,0,25,0.29076310203499456,0.5326711497466057
learned,512,0,26,0.25131862887077316,0.52350809412605
learned,512,0,27,0.24307327196514494,0.5109075105254791
learned,512,0,28,0.21871419529660271,0.5090568678643382
learned,512,0,29,0.22816199747570373,0.5254961796152241
learned,512,0,30,0.21328267964659228,0.514120057018545
learned,512,0,31,0.2104983923574217,0.5016795703133845
learned,512,0,32,0.21943967403582265,0.5097116244225889
learned,512,0,33,0.16642633026305317,0.517536592025642
learned,512,0,34,0.18273918506867215,0.5305511142509532
learned,512,0,35,0.15852025971719566,0.5187195868126384
learned,512,0,36,0.17703150384081726,0.5333130149889623
learned,512,0,37,0.16866519055892085,0.5189240339110294
learned,512,0,38,0.16011641992093148,0.5346435516506723
learned,512,0,39,0.1445431569771145,0.5249032096563925
learned,512,0,40,0.13237817900281557,0.5082932433790558
learned,512,0,41,0.1467906096202797,0.5214968654128481
learned,512,0,42,0.12347952151519136,0.5353217877281481
learned,512,0,43,0.12320333400535614,0.5267100829880754
learned,512,0,44,0.1660273835438804,0.5261405619761782
learned,512,0,45,0.13066738329478805,0.5130712542060084
learned,512,0,46,0.15217449199048333,0.5228766336532805
learned,512,0,47,0.12130074395806993,0.5385002970709484
learned,512,0,48,0.08391025662178139,0.5260836567525008
learned,512,0,49,0.08447717523578734,0.5202803532045274
learned,512,0,50,0.09733370424312644,0.5097065290408125
text,128,1,1,1.0759894247130146,0.45720923165162164
text,128,1,2,1.0498792073858065,0.442191227069304
text,128,1,3,1.0368730116078233,0.45373549987556694
text,128,1,4,1.022693626367514,0.4751792356322577
text,128,1,5,1.006247123864692,0.46224892489193886
text,128,1,6,0.9963106064033007,0.47986764231997103
text,128,1,7,0.9838172508662767,0.4634846341942147
text,128,1,8,0.9723529821931534,0.46845510961424514
text,128,1,9,0.9655337144383608,0.46585675090817813
text,128,1,10,0.9561580120734968,0.44665268858034374
text,128,1,11,0.9422371841165338,0.4553017059257669
text,128,1,12,0.9352381970938735,0.4451885054392855
text,128,1,13,0.9234948862256027,0.4649731230628029
text,128,1,14,0.9215497097631139,0.4604433609287417
text,128,1,15,0.9068717984702643,0.4578161410820605
text,128,1,16,0.9030529906743467,0.4564054611148105
text,128,1,17,0.8868808511673935,0.44945894533320857
text,128,1,18,0.8934380627992585,0.47323392137907333
text,128,1,19,0.8802312365354202,0.44765029347255164
text,128,1,20,0.8710685505328841,0.45576871220000764
text,128,1,21,0.8613223636869997,0.4671766283461649
text,128,1,22,0.8563324346004195,0.45506457985944865
text,128,1,23,0.8504364571859204,0.47149879816585
text,128,1,24,0.8490569324005307,0.4715719293611354
text,128,1,25,0.8460916358967778,0.46355941634457754
text,128,1,26,0.8376100271392682,0.4694850609966754
text,128,1,27,0.8176680809556656,0.46017141193958483
text,128,1,28,0.837812885837605,0.45625256433068745
text,128,1,29,0.8206939129378852,0.47725023648402826
text,128,1,30,0.8182001536286722,0.4594825356468717
text,128,1,31,0.8044921108118193,0.4596380005833374
text,128,1,32,0.8108328266406623,0.4553846511317909
text,128,1,33,0.8049296717944108,0.46161321546737016
text,128,1,34,0.7963051232765979,0.47344787292782203
text,128,1,35,0.7889176378725707,0.45445427679912825
text,128,1,36,0.7914700684897856,0.47009083921715383
text,128,1,37,0.7878902792304833,0.4535371101070858
text,128,1,38,0.7832026652150893,0.45185227987724225
text,128,1,39,0.7763520937579198,0.46409282770082494
text,128,1,40,0.7756954143679361,0.44915254030011914
text,128,1,41,0.7764382352979164,0.47871818013387407
text,128,1,42,0.7696835137414807,0.44921478742118987
text,128,1,43,0.765650623739548,0.45375210114606856
text,128,1,44,0.763678847335455,0.4516604022093447
text,128,1,45,0.7606115702569015,0.4562001312203554
text,128,1,46,0.7598969711093452,0.44899918491736357
text,128,1,47,0.7505112545383884,0.4555114077938532
text,128,1,48,0.7529094579025829,0.44640822493590315
text,128,1,49,0.7563190048760943,0.4503923464168466
text,128,1,50,0.7590541866194858,0.44457609282525495
text,256,1,1,1.0774057972149587,0.4444438024063588
text,256,1,2,1.0472536681518154,0.4403019535690286
text,256,1,3,1.0363573026782258,0.45213633587030094
text,256,1,4,1.0157574105450486,0.4606408334999575
text,256,1,5,1.0024793210617826,0.45570056444319706
text,256,1,6,0.9821678287400974,0.46186847146629884
text,256,1,7,0.9770813883133135,0.461615630753502
text,256,1,8,0.9575009643249311,0.4539783431381721
text,256,1,9,0.9507323634906077,0.45578653640019645
text,256,1,10,0.9345251570536396,0.4838842325841055
text,256,1,11,0.9264434087933517,0.46221914655405927
text,256,1,12,0.9145656667669301,0.4637049144040939
text,256,1,13,0.8935250475650697,0.4668105443443477
text,256,1,14,0.8898714095588744,0.4526064911884859
text,256,1,15,0.8790834844894609,0.46097374553401366
text,256,1,16,0.86485543369934,0.45591405739331314
text,256,1,17,0.8591117999685092,0.4553963606835443
text,256,1,18,0.8509983471998079,0.4495171873595541
text,256,1,19,0.8342327511529597,0.47060761872965734
text,256,1,20,0.8301268850411643,0.46557648599714935
text,256,1,21,0.8330989602043872,0.45681602918399405
text,256,1,22,0.8189800245555368,0.4674737391136328
text,256,1,23,0.8114224556549954,0.45565736445200217
text,256,1,24,0.8028278111472843,0.45380694954253253
text,256,1,25,0.7948579672440457,0.455015173500092
text,256,1,26,0.7994166697104146,0.4485936002866547
text,256,1,27,0.7894303470145999,0.4432119453325971
text,256,1,28,0.7859174257188332,0.45703224315266383
text,256,1,29,0.7764823840359064,0.4477669303914537
text,256,1,30,0.766035920678787,0.44590352185405924
text,256,1,31,0.7684292639960141,0.45294628220203165
text,256,1,32,0.7528241436312518,0.44831046149086135
text,256,1,33,0.7627969615728524,0.4587994071236878
text,256,1,34,0.753455146873404,0.45094584439320373
text,256,1,35,0.7456024709961858,0.4418422029366211
text,256,1,36,0.7523458338785046,0.4556235198729131
text,256,1,37,0.7433821394687562,0.4524192300801569
text,256,1,38,0.7405949946776462,0.44451626099031616
text,256,1,39,0.7410102419340079,0.44848662451228033
text,256,1,40,0.7463370495893824,0.456907137445679
text,256,1,41,0.7306899609841074,0.45032722541101133
text,256,1,42,0.7313047270449441,0.4530327127576636
text,256,1,43,0.7225361244259231,0.4530816605183876
text,256,1,44,0.7225051498788548,0.4445368062090586
text,256,1,45,0.7141131805622671,0.44912080527474035
text,256,1,46,0.7217777194626375,0.4596357381634164
text,256,1,47,0.7194556385826251,0.46166035940680566
text,256,1,48,0.7157765134113041,0.45555794026844526
text,256,1,49,0.7074875809702035,0.4655999051006563
text,256,1,50,0.7117421792873874,0.4444046075098889
text,512,1,1,1.0747913172238768,0.44258855692462534
text,512,1,2,1.0477599844219179,0.446754436330306
text,512,1,3,1.0281037987060748,0.46321442787986183
text,512,1,4,1.004929833994137,0.4520519537218948
text,512,1,5,0.9906226183798682,0.4598245279338542
text,512,1,6,0.9790028677837742,0.48077649309014153
text,512,1,7,0.9577693391659754,0.46621837121663773
text,512,1,8,0.9406828886567764,0.46719861050728956
text,512,1,9,0.9324079226321123,0.46917510946749363
text,512,1,10,0.9126403036080007,0.4654802414307788
text,512,1,11,0.9041463136672974,0.4492711339065205
text,512,1,12,0.8919689164074074,0.4811344140362978
text,512,1,13,0.8715875643131927,0.47029405955789866
text,512,1,14,0.8627175471288325,0.459773990364537
text,512,1,15,0.8504719283637099,0.47038605444360676
text,512,1,16,0.8388423897775765,0.452200906557777
text,512,1,17,0.831179959567513,0.4600210833078047
text,512,1,18,0.8193835501908631,0.44427286740935185
text,512,1,19,0.8086192825334905,0.4681833134912991
text,512,1,20,0.7977530152153155,0.45304041721469207
text,512,1,21,0.7960329728489473,0.4531286515916124
text,512,1,22,0.7892487108550985,0.46877019744811266
text,512,1,23,0.7832299556944939,0.44522461243829553
text,512,1,24,0.77560262886558,0.4648025549447022
text,512,1,25,0.7700141244360156,0.4488795212474861
text,512,1,26,0.7626979723377177,0.44564939706509105
text,512,1,27,0.7535982671685106,0.46545682232727187
text,512,1,28,0.754994801023188,0.4579908671610971
text,512,1,29,0.7482736908544706,0.4636920736423799
text,512,1,30,0.747134829287141,0.459475289788476
text,512,1,31,0.7456919602521761,0.4390851996769019
text,512,1,32,0.7381476080949538,0.44974245100790805
text,512,1,33,0.7336245216722563,0.45558408039050596
text,512,1,34,0.7384986154676423,0.4429783657623713
text,512,1,35,0.7264719944926384,0.4404203331627346
text,512,1,36,0.7225949792411384,0.4456652645777804
text,512,1,37,0.7215956746749678,0.4575926812549949
text,512,1,38,0.7176838018137013,0.43930064931451734
text,512,1,39,0.7152730820998745,0.4477336972772082
text,512,1,40,0.7154277362848517,0.4476844437840624
text,512,1,41,0.708837578302919,0.4463588185765466
text,512,1,42,0.7074078482592826,0.4445839501484943
text,512,1,43,0.698872639751184,0.4497241682090867
text,512,1,44,0.6953047079051261,0.44507247998522703
text,512,1,45,0.7012848356577355,0.4438350891546315
text,512,1,46,0.6884604398346948,0.46220872107847716
text,512,1,47,0.6956864989648653,0.45027555663173374
text,512,1,48,0.6882546068489395,0.45032465725866855
text,512,1,49,0.689453138766952,0.4378706164849699
text,512,1,50,0.6880657830889144,0.45033508273425066
image,128,1,1,1.065162357382887,0.4479295800398308
image,128,1,2,1.019318707971748,0.4684548344550656
image,128,1,3,0.9963562241376541,0.47925425136219085
image,128,1,4,0.9737054312948793,0.5042311227044846
image,128,1,5,0.9493957631231293,0.4991824715042097
image,128,1,6,0.9261661742928773,0.5127959107677125
image,128,1,7,0.8988154799606544,0.514472058196778
image,128,1,8,0.8746019309274168,0.5116467543140373
image,128,1,9,0.8613079673661961,0.5164587380466267
image,128,1,10,0.8292575633431983,0.5093050885492812
image,128,1,11,0.8143444901376259,0.5206884543819711
image,128,1,12,0.7795300383580326,0.5163029673777392
image,128,1,13,0.7633614017581689,0.5040275966313179
image,128,1,14,0.7422409919616119,0.5145385855717532
image,128,1,15,0.7173554274666654,0.5098194527756529
image,128,1,16,0.6923173590907901,0.5107839774198263
image,128,1,17,0.6558672787323399,0.5207191193438737
image,128,1,18,0.6514521679227433,0.4968774019103385
image,128,1,19,0.6030466947655665,0.5062756777017726
image,128,1,20,0.5943642128796716,0.5169119252154037
image,128,1,21,0.5795703611661756,0.5044682487708028
image,128,1,22,0.565948008552311,0.515535823585055
image,128,1,23,0.5363701558488561,0.5123871465198172
image,128,1,24,0.5093144151795255,0.5091387395386008
image,128,1,25,0.4863569312521166,0.49390442926788697
image,128,1,26,0.46583051772255285,0.49532599330935173
image,128,1,27,0.45313848207003177,0.49293800908269875
image,128,1,28,0.4370796436399925,0.5022410797979965
image,128,1,29,0.42345049617484487,0.513647650721498
image,128,1,30,0.3873540529115932,0.535314112547442
image,128,1,31,0.39001081058672404,0.5195259985679493
image,128,1,32,0.39023183696851954,0.5168176373365325
image,128,1,33,0.36454871836609726,0.5077484519238823
image,128,1,34,0.34004324338254655,0.5108515137117934
image,128,1,35,0.32341503932720095,0.5021146288683559
image,128,1,36,0.307045718659879,0.5129048432295861
image,128,1,37,0.3079046585115548,0.5048405085675397
image,128,1,38,0.30868789553642273,0.5138687564089159
image,128,1,39,0.2929967206528806,0.5079270302314333
image,128,1,40,0.29526341595048977,0.511469826961564
image,128,1,41,0.2917725806004732,0.5148945498304102
image,128,1,42,0.278924619275441,0.5097000948381972
image,128,1,43,0.256211044907257,0.5293565800037544
image,128,1,44,0.2913097426334391,0.5127150751153987
image,128,1,45,0.29755803927036095,0.5148194619476256
image,128,1,46,0.24562279641471824,0.5236840206503907
image,128,1,47,0.2509686801377244,0.5108539289979253
image,128,1,48,0.2490191812042802,0.5203724493508384
image,128,1,49,0.25270431870081295,0.5141651945650558
image,128,1,50,0.23670044079853167,0.508871468255497
image,256,1,1,1.0649882808445006,0.4539408909165063
image,256,1,2,1.01610268883192,0.4915668603175826
image,256,1,3,0.9965357483215532,0.503063836318199
image,256,1,4,0.9598682644798999,0.5012508736303952
image,256,1,5,0.9401899950085036,0.5124827796213443
image,256,1,6,0.91329889347547,0.5094500362904385
image,256,1,7,0.8830160090303797,0.4974982833124518
image,256,1,8,0.847138856496085,0.5131490011416049
image,256,1,9,0.8289679507883828,0.5171692296215583
image,256,1,10,0.8027237583333113,0.5145177346205891
image,256,1,11,0.7560396668479199,0.5206354098067955
image,256,1,12,0.7318343829920911,0.5059682026052071
image,256,1,13,0.688353771612713,0.5216493408103254
image,256,1,14,0.6476027530635123,0.5429540294615991
image,256,1,15,0.6359652624981297,0.5316808801669545
image,256,1,16,0.6213409853732492,0.5308694051731149
image,256,1,17,0.5970319439107039,0.525796111939646
image,256,1,18,0.5536129271264464,0.5151558593312898
image,256,1,19,0.5232055902168193,0.5141463003013911
image,256,1,20,0.4839765956708453,0.5307162026565702
image,256,1,21,0.47636366219032467,0.500422613926601
image,256,1,22,0.48359815717682125,0.5182707835371652
image,256,1,23,0.43880866855148254,0.527218960057282
image,256,1,24,0.4059061425251598,0.5157651840478606
image,256,1,25,0.3968460746011709,0.5320986329480494
image,256,1,26,0.38226482452057164,0.5280734210296213
image,256,1,27,0.3732068233602629,0.5119708306811046
image,256,1,28,0.35642092817724536,0.511501256254521
image,256,1,29,0.3281662953025087,0.5141339181383097
image,256,1,30,0.3314854498375745,0.51316621387695
image,256,1,31,0.31249950352929085,0.49697713182631703
image,256,1,32,0.2868920369880406,0.5146192683578561
image,256,1,33,0.30368776983163487,0.5186582382352635
image,256,1,34,0.2825582062634896,0.5450096213993129
image,256,1,35,0.26260086096177887,0.5155938515987054
image,256,1,36,0.242703199523484,0.5312772522237448
image,256,1,37,0.2752293682317408,0.5150948962863905
image,256,1,38,0.2553288170828281,0.5143736123569708
image,256,1,39,0.22479891863082024,0.5292896551766307
image,256,1,40,0.20214938116198763,0.5196060698892087
image,256,1,41,0.2483139419023759,0.5156638031768045
image,256,1,42,0.2407482593391198,0.5273922491939365
image,256,1,43,0.22933087449061276,0.512368863720996
image,256,1,44,0.2169482825309273,0.5101576539806055
image,256,1,45,0.19323332791566222,0.5154335560899758
image,256,1,46,0.17753583361001152,0.5246586650377244
image,256,1,47,0.21157952558415455,0.5251814980521788
image,256,1,48,0.21514838527193844,0.5280658694388037
image,256,1,49,0.218443416939007,0.5240710167498565
image,256,1,50,0.18767415405571305,0.5189617693835884
image,512,1,1,1.0588895268640492,0.4865747696153336
image,512,1,2,1.021599738147315,0.47118954982123823
image,512,1,3,0.9861006664791758,0.50249022114849
image,512,1,4,0.950598792141191,0.48419433697949815
image,512,1,5,0.9218241436274972,0.4753777782669497
image,512,1,6,0.9014162438435191,0.4946737437607656
image,512,1,7,0.8694484199438821,0.505265446060546
image,512,1,8,0.8304234488116787,0.5077634022393065
image,512,1,9,0.7991398330435665,0.5271486416002769
image,512,1,10,0.7418980307466402,0.5068154177191505
image,512,1,11,0.7145066985620914,0.538722662171177
image,512,1,12,0.6965352484560389,0.49216059268064355
image,512,1,13,0.6642826082199578,0.5372837325281564
image,512,1,14,0.6080792347590128,0.5096282477190832
image,512,1,15,0.5939091716225692,0.5249520764428889
image,512,1,16,0.5492878761191381,0.5037638718443064
image,512,1,17,0.5156473825609903,0.5294794232908182
image,512,1,18,0.497074603095768,0.49083551779148676
image,512,1,19,0.4926653848545445,0.5402230134577297
image,512,1,20,0.46394520638183034,0.5177817951017997
image,512,1,21,0.4570014274182908,0.5225019979613762
image,512,1,22,0.4235139669082922,0.5291499048866436
image,512,1,23,0.40889107915047274,0.5007627106725686
image,512,1,24,0.3835386471172643,0.5139492863288079
image,512,1,25,0.3455837368182936,0.5126522165294846
image,512,1,26,0.31867855255372257,0.49947138864277435
image,512,1,27,0.31910216558010873,0.5174339938988038
image,512,1,28,0.3525294139003503,0.5238717403573524
image,512,1,29,0.2789074852867076,0.5018613295569264
image,512,1,30,0.27648877604739874,0.5312642585958199
image,512,1,31,0.26270425679489695,0.533096543572679
image,512,1,32,0.27392019108524474,0.5136523284275509
image,512,1,33,0.253151838704357,0.5167090106070806
image,512,1,34,0.23568225689134573,0.5023113371085173
image,512,1,35,0.24969352637063175,0.5108096589432543
image,512,1,36,0.25822518808948086,0.512340766911436
image,512,1,37,0.22966488867294133,0.5143408989878423
image,512,1,38,0.20397862158422395,0.5031324121004
image,512,1,39,0.19842705097333027,0.5218237000104561
image,512,1,40,0.18125113228878637,0.5176406078694303
image,512,1,41,0.2005056989161674,0.497548301136652
image,512,1,42,0.19555592020665566,0.5270341753815694
image,512,1,43,0.17052531250192737,0.5162228960564798
image,512,1,44,0.17086632432430748,0.5200612137454851
image,512,1,45,0.1622682692497734,0.49903709573766203
image,512,1,46,0.1882792464078568,0.49690127961247804
image,512,1,47,0.17065109392711184,0.5123789834641562
image,512,1,48,0.1529565696406552,0.5158287152451027
image,512,1,49,0.1343183344782494,0.5221248158726489
image,512,1,50,0.12787682889640486,0.5279717344261433
early,128,1,1,1.0634957354838455,0.45758898189269154
early,128,1,2,1.0085685885171565,0.46754054164778774
early,128,1,3,0.9858314268232331,0.5056053287938184
early,128,1,4,0.961002769276226,0.49416619736739925
early,128,1,5,0.9336310844095986,0.5159103152284708
early,128,1,6,0.9048607343138046,0.5251642853168336
early,128,1,7,0.8713691073452706,0.5165435176471811
early,128,1,8,0.8445859129034629,0.5313659451992979
early,128,1,9,0.8146852611556766,0.5412125470140032
early,128,1,10,0.7897120263632826,0.5359975468030478
early,128,1,11,0.7621029264970715,0.5264942824979806
early,128,1,12,0.7310891123268548,0.5173371378675897
early,128,1,13,0.707529448774543,0.4967245051262155
early,128,1,14,0.6830588831050503,0.5086289612985557
early,128,1,15,0.6611223227082901,0.5128552840040186
early,128,1,16,0.6413707108948175,0.5167247252535593
early,128,1,17,0.5936206981265951,0.5268549244626906
early,128,1,18,0.5765621170910011,0.5238217225331521
early,128,1,19,0.5563443586269389,0.5209865434931885
early,128,1,20,0.5225679913530825,0.5283745368918141
early,128,1,21,0.5422146686418788,0.5058777975280923
early,128,1,22,0.492887151210014,0.5294729111902347
early,128,1,23,0.48896013204194116,0.5160699992723569
early,128,1,24,0.4550091685272577,0.509770352148718
early,128,1,25,0.4633078617373789,0.5205360773429651
early,128,1,26,0.4408140805136813,0.5254924279251102
early,128,1,27,0.37817199766792337,0.5286423279200351
early,128,1,28,0.35275450912047557,0.5280649522415384
early,128,1,29,0.3821829227324859,0.5138398341218172
early,128,1,30,0.38219276844985844,0.5294927226511648
early,128,1,31,0.3537641704238932,0.5419112373174548
early,128,1,32,0.34805895540657944,0.5233011519386187
early,128,1,33,0.3639189891145611,0.53201856162679
early,128,1,34,0.33318944107203347,0.5126265350060565
early,128,1,35,0.33870132881512477,0.5299050945416367
early,128,1,36,0.3111478166160934,0.5247598930425695
early,128,1,37,0.2839145519602017,0.5258099310451096
early,128,1,38,0.2953615975505098,0.5194303654664223
early,128,1,39,0.271095443624524,0.5214721994451569
early,128,1,40,0.2572196097042304,0.51966045968704
early,128,1,41,0.2773414726645302,0.5253389196761438
early,128,1,42,0.26603792994979797,0.5352299444117311
early,128,1,43,0.25116273510487375,0.5259270265626442
early,128,1,44,0.2533490563940814,0.5260098189024573
early,128,1,45,0.24363349976502066,0.5173643480531265
early,128,1,46,0.2266587772237973,0.516839252618751
early,128,1,47,0.22595362247913842,0.5201082048187099
early,128,1,48,0.22283692481949574,0.5247700127857299
early,128,1,49,0.22541637331481992,0.5326261436685568
early,128,1,50,0.21326345553391873,0.52537609673863
early,256,1,1,1.0570180290953068,0.4677048116780001
early,256,1,2,0.9988130340425987,0.5105965634452865
early,256,1,3,0.9810260071216292,0.5009876991617429
early,256,1,4,0.9340563267860513,0.5171944525463537
early,256,1,5,0.9129613403260238,0.5064509235259264
early,256,1,6,0.872756422661108,0.526466919446233
early,256,1,7,0.8438936010433307,0.5067268776098084
early,256,1,8,0.8168509322514371,0.522156398031817
early,256,1,9,0.7844250108313373,0.5356020819154992
early,256,1,10,0.7561109457116114,0.5390446901310186
early,256,1,11,0.702665816298307,0.5291104654042363
early,256,1,12,0.6856350895613823,0.524640382238903
early,256,1,13,0.6605073086858735,0.5097469941916954
early,256,1,14,0.6221829313305732,0.5275791434233593
early,256,1,15,0.5864402083900031,0.5348436209235933
early,256,1,16,0.5556461480189496,0.524951923576678
early,256,1,17,0.5278412057502376,0.5244399746364383
early,256,1,18,0.4902078998996204,0.5213887956405002
early,256,1,19,0.49200377079445545,0.5244250854674984
early,256,1,20,0.46595475742510295,0.5286033470362604
early,256,1,21,0.4494821634192479,0.5410511814417974
early,256,1,22,0.43948270822447427,0.501285023941906
early,256,1,23,0.42253586340920507,0.5390738570040546
early,256,1,24,0.37838208057436107,0.5253706547015226
early,256,1,25,0.3701080282529195,0.5498374726445915
early,256,1,26,0.3689464733513009,0.5288243915771941
early,256,1,27,0.34172267863756717,0.5278319841361562
early,256,1,28,0.344853328751141,0.5298061289567125
early,256,1,29,0.33671969480401887,0.5126792738488104
early,256,1,30,0.2985329789908852,0.533260018698595
early,256,1,31,0.3060703885367536,0.5378502241324384
early,256,1,32,0.28605201112942436,0.5247125962369231
early,256,1,33,0.25694740405232885,0.5296321672087303
early,256,1,34,0.2773077430061781,0.5293644373269936
early,256,1,35,0.2510680884044627,0.5242059364675798
early,256,1,36,0.25642281888038154,0.5267632047361621
early,256,1,37,0.22907631842326617,0.5148326084417613
early,256,1,38,0.21252990605950042,0.5071035399534186
early,256,1,39,0.2249128856058196,0.5298070461539779
early,256,1,40,0.2309869759742982,0.5220751037808706
early,256,1,41,0.21984833870034207,0.510615060256803
early,256,1,42,0.226383943648476,0.5253759438724191
early,256,1,43,0.24401957578859304,0.5292972067674483
early,256,1,44,0.20886635121319863,0.5189171935964957
early,256,1,45,0.1774252542047676,0.5214308032752503
early,256,1,46,0.18431250676708272,0.5256847641916403
early,256,1,47,0.19070436768331553,0.5182369389580762
early,256,1,48,0.1750114521016599,0.509552181492549
early,256,1,49,0.19542955190647304,0.5258535896349371
early,256,1,50,0.18684195572622805,0.5265059003300075
early,512,1,1,1.0574332633669294,0.4683351707851881
early,512,1,2,1.0086183016068666,0.47832506938597313
early,512,1,3,0.9749186492654596,0.5015863538167942
early,512,1,4,0.9328848383245193,0.4582844925789569
early,512,1,5,0.9126446039032122,0.5066826381283794
early,512,1,6,0.884119040071182,0.5189175604754017
early,512,1,7,0.8437662277947574,0.5072121055363862
early,512,1,8,0.8013917088821492,0.5253464712669613
early,512,1,9,0.7677286838296205,0.5142543461392416
early,512,1,10,0.727078936231418,0.5364102244259414
early,512,1,11,0.6748319401202865,0.5226153941166075
early,512,1,12,0.6416244642941031,0.5349187088063778
early,512,1,13,0.6214337583601944,0.5147097040082131
early,512,1,14,0.5551313445011149,0.5130065909795484
early,512,1,15,0.5319297901914501,0.5215460949714966
early,512,1,16,0.472085293040188,0.5064571298940882
early,512,1,17,0.4741242476335661,0.5059865771237549
early,512,1,18,0.44718311746602296,0.5213147778211917
early,512,1,19,0.41917951275983195,0.5217891828200392
early,512,1,20,0.40427130499849795,0.5217526172223965
early,512,1,21,0.40517226573363374,0.518702049691302
early,512,1,22,0.36517266729685266,0.5236840206503907
early,512,1,23,0.3523370229353116,0.5449310481669202
early,512,1,24,0.36171392834405575,0.5195989768970238
early,512,1,25,0.3178468580477507,0.5188215604949685
early,512,1,26,0.2929612138452805,0.52070838813587
early,512,1,27,0.2799064216651316,0.5259268736964334
early,512,1,28,0.28233375973275954,0.5103236972588642
early,512,1,29,0.25073273577715155,0.5181328370684662
early,512,1,30,0.26265030919410426,0.5171226054272396
early,512,1,31,0.23349511060189074,0.5241746600408336
early,512,1,32,0.23684690403813138,0.5168363787339865
early,512,1,33,0.22227662082106422,0.5242140995232408
early,512,1,34,0.2379861518623322,0.5049292015430927
early,512,1,35,0.20299090640594952,0.5261241934014383
early,512,1,36,0.1858357918641855,0.5097210986555722
early,512,1,37,0.1889298731495389,0.5163034259763717
early,512,1,38,0.18545310457391062,0.5143620556714281
early,512,1,39,0.20542936969616907,0.5348171139226264
early,512,1,40,0.18603822405100495,0.526703831499856
early,512,1,41,0.17570741247786625,0.5248065783833725
early,512,1,42,0.15942423370253694,0.5406072273921575
early,512,1,43,0.15410653030465593,0.5129927718740848
early,512,1,44,0.15033157151241314,0.5345933483631392
early,512,1,45,0.1324837232042798,0.5068489565658177
early,512,1,46,0.1797858731249186,0.5163186820242177
early,512,1,47,0.1499878141559719,0.5168155277828224
early,512,1,48,0.16247691476126042,0.5220056108014042
early,512,1,49,0.1452719349795439,0.5261625628203693
early,512,1,50,0.12484721528498206,0.5345782451815042
intermediate,128,1,1,1.0585786523468539,0.4549430206485563
intermediate,128,1,2,1.0062018141658913,0.46965058452981717
intermediate,128,1,3,0.9795304320928618,0.4963408415101469
intermediate,128,1,4,0.9554188633215396,0.5256334011447845
intermediate,128,1,5,0.9278794589630888,0.5235354958398989
intermediate,128,1,6,0.905166949187051,0.5059248497478013
intermediate,128,1,7,0.8631460511778283,0.5209220339521968
intermediate,128,1,8,0.8242620117082371,0.5269755664763176
intermediate,128,1,9,0.8063328306818884,0.5276827867143364
intermediate,128,1,10,0.7718005654380078,0.49333922173977646
intermediate,128,1,11,0.7325662687381734,0.5338689765362595
intermediate,128,1,12,0.6955841291607834,0.5256226699367806
intermediate,128,1,13,0.6563113552378858,0.5028572223475726
intermediate,128,1,14,0.6734952452614551,0.5318615068817311
intermediate,128,1,15,0.6197242434882116,0.5399621625554828
intermediate,128,1,16,0.5842343873865022,0.5278683968675879
intermediate,128,1,17,0.5538143162026493,0.5203108136946112
intermediate,128,1,18,0.5151867187555068,0.5373038191482661
intermediate,128,1,19,0.5152215780861421,0.5365471008311642
intermediate,128,1,20,0.49645725870382756,0.537438127401146
intermediate,128,1,21,0.47077597110603114,0.5216464057790765
intermediate,128,1,22,0.4287650528072998,0.5157538413750132
intermediate,128,1,23,0.42050661846721576,0.5285720706095143
intermediate,128,1,24,0.408503942915148,0.5261131564610128
intermediate,128,1,25,0.38985779826722433,0.534195009590826
intermediate,128,1,26,0.3880888728175576,0.5089148211129028
intermediate,128,1,27,0.355405047340343,0.5241127186521847
intermediate,128,1,28,0.32883108229305485,0.5139591003395464
intermediate,128,1,29,0.34593547423054855,0.5377536738336461
intermediate,128,1,30,0.3401646787726034,0.5370672128270648
intermediate,128,1,31,0.29899622609452625,0.5238658397216123
intermediate,128,1,32,0.3141316661997417,0.5259135743360869
intermediate,128,1,33,0.2701403379753193,0.5286862922422845
intermediate,128,1,34,0.2494271983077207,0.5122156612044512
intermediate,128,1,35,0.27755825984196403,0.5150817497922547
intermediate,128,1,36,0.2698954389164141,0.52156300197442
intermediate,128,1,37,0.2481775596698751,0.5189720419929595
intermediate,128,1,38,0.2387355332925251,0.5333562632649654
intermediate,128,1,39,0.24029136830427517,0.5178827173742232
intermediate,128,1,40,0.22188776770601748,0.5431823198609284
intermediate,128,1,41,0.202690981660928,0.5235407850107955
intermediate,128,1,42,0.2255376147160067,0.5203960213205562
intermediate,128,1,43,0.2064538920723547,0.5276675306664905
intermediate,128,1,44,0.2059771487015126,0.5260797704805563
intermediate,128,1,45,0.19397077026955412,0.5214128262088508
intermediate,128,1,46,0.17904268952179456,0.5132621527108988
intermediate,128,1,47,0.15586495749515497,0.5246793631226776
intermediate,128,1,48,0.19117929162628694,0.5161913138973118
intermediate,128,1,49,0.17768982612085468,0.5226393329652316
intermediate,128,1,50,0.18002798965596778,0.5174001493197148
intermediate,256,1,1,1.0577828195777152,0.4483845710298963
intermediate,256,1,2,0.9947403412791375,0.5013767436684344
intermediate,256,1,3,0.9679433880202727,0.520005478724998
intermediate,256,1,4,0.9293582323655056,0.44414984068283503
intermediate,256,1,5,0.9021751351869638,0.5086575472799904
intermediate,256,1,6,0.8569550612780052,0.4943165871456637
intermediate,256,1,7,0.8114888136155336,0.511810535172375
intermediate,256,1,8,0.7912022197653302,0.5264870977860693
intermediate,256,1,9,0.7443970271295762,0.5143022238364895
intermediate,256,1,10,0.7172317174788848,0.519265606264335
intermediate,256,1,11,0.6595734324980909,0.5271709906403076
intermediate,256,1,12,0.633482806951668,0.5086434835885894
intermediate,256,1,13,0.5878670591069018,0.5268620174548754
intermediate,256,1,14,0.5337833249037034,0.5257186087707294
intermediate,256,1,15,0.5453409249075442,0.5338951166583201
intermediate,256,1,16,0.49580816529554333,0.523240127747235
intermediate,256,1,17,0.49218711335202214,0.5178397313957235
intermediate,256,1,18,0.4369624006779488,0.5053878918954615
intermediate,256,1,19,0.421521322777265,0.5238297327226022
intermediate,256,1,20,0.39720220085517,0.5105184488115263
intermediate,256,1,21,0.365769731012855,0.518757050953977
intermediate,256,1,22,0.34221958472659897,0.519008913323024
intermediate,256,1,23,0.35590905263980854,0.5152112274728708
intermediate,256,1,24,0.30694907387410564,0.5358958601995699
intermediate,256,1,25,0.32297569873138987,0.536714214172899
intermediate,256,1,26,0.2813685650587708,0.5235197811934204
intermediate,256,1,27,0.28778266875449754,0.5142822900825905
intermediate,256,1,28,0.2988738129770975,0.5173661518744148
intermediate,256,1,29,0.25719208072802524,0.5124079974709814
intermediate,256,1,30,0.24785314531620406,0.5373662191355477
intermediate,256,1,31,0.23056520310443218,0.5269164072527067
intermediate,256,1,32,0.20685165881954154,0.5285204018302365
intermediate,256,1,33,0.201329160667467,0.5234054066944395
intermediate,256,1,34,0.20032207061612387,0.5162856017761831
intermediate,256,1,35,0.1931015343021533,0.5306640752786598
intermediate,256,1,36,0.18258354969303126,0.5156147025498695
intermediate,256,1,37,0.1907618358692159,0.5007519183180803
intermediate,256,1,38,0.18449307325005218,0.5212987574422915
intermediate,256,1,39,0.1741011407900983,0.5115786065572266
intermediate,256,1,40,0.18991703033603707,0.5162443584724875
intermediate,256,1,41,0.16202815729645606,0.5372775261599947
intermediate,256,1,42,0.16131626421541678,0.5284480349660056
intermediate,256,1,43,0.1447143279739565,0.5268488709607397
intermediate,256,1,44,0.14126864560632882,0.5305655682923683
intermediate,256,1,45,0.14699014141334324,0.5286992858702092
intermediate,256,1,46,0.12741053982434936,0.5279433318841616
intermediate,256,1,47,0.1436139144531385,0.5268881575769361
intermediate,256,1,48,0.10653705804992536,0.5214259727029864
intermediate,256,1,49,0.11902225463409123,0.5308429593186325
intermediate,256,1,50,0.13050158599543132,0.4957889944888674
intermediate,512,1,1,1.0551383382692112,0.47717530146745446
intermediate,512,1,2,0.9992879979566639,0.5078971907470694
intermediate,512,1,3,0.962513430537827,0.5013623742446117
intermediate,512,1,4,0.9285908737207648,0.5155837318555451
intermediate,512,1,5,0.8866460177842088,0.4783721827521666
intermediate,512,1,6,0.8356473668040879,0.4876483490143492
intermediate,512,1,7,0.8094218925541155,0.5212597765585169
intermediate,512,1,8,0.7509985272027063,0.5051510715615651
intermediate,512,1,9,0.720630474603708,0.548544193927298
intermediate,512,1,10,0.6734029606884233,0.5411628349222247
intermediate,512,1,11,0.628791506052643,0.5251102623979083
intermediate,512,1,12,0.5982351874116212,0.526129176839913
intermediate,512,1,13,0.5579965515086657,0.5285178336778937
intermediate,512,1,14,0.5430741427451606,0.5261276787510464
intermediate,512,1,15,0.5031576520345342,0.5192547221901204
intermediate,512,1,16,0.4467054649287947,0.5197570099858324
intermediate,512,1,17,0.4317344508458936,0.534279697471654
intermediate,512,1,18,0.41182365872728544,0.5252381502699311
intermediate,512,1,19,0.3886779639038827,0.5209395524199638
intermediate,512,1,20,0.37335053446098887,0.5199370252357656
intermediate,512,1,21,0.3680440516765975,0.5295020780632708
intermediate,512,1,22,0.30848593826056153,0.5196808520395716
intermediate,512,1,23,0.317415725058458,0.5148821676673289
intermediate,512,1,24,0.28538193274044926,0.5166127660407102
intermediate,512,1,25,0.25228628211134063,0.5018282493088918
intermediate,512,1,26,0.23802635128416727,0.5108279417420756
intermediate,512,1,27,0.21259916595273756,0.5102451240264715
intermediate,512,1,28,0.23011195291997255,0.5062389592379192
intermediate,512,1,29,0.22648822522069526,0.5073454965920007
intermediate,512,1,30,0.19402342976078274,0.5201053309339453
intermediate,512,1,31,0.19249809492291428,0.5171062181694333
intermediate,512,1,32,0.1887889860339678,0.5254330546888042
intermediate,512,1,33,0.18092385059579463,0.5132839820058126
intermediate,512,1,34,0.15126461048764506,0.5220621101529456
intermediate,512,1,35,0.18192853772734094,0.5245882548609927
intermediate,512,1,36,0.15783927274814116,0.5253940738050296
intermediate,512,1,37,0.13975493156221594,0.5122700510022825
intermediate,512,1,38,0.12636851740321461,0.5312021643409601
intermediate,512,1,39,0.14661587645688395,0.5254118980052183
intermediate,512,1,40,0.1364029315630282,0.5246610803238562
intermediate,512,1,41,0.11444274830849464,0.514687110382245
intermediate,512,1,42,0.12650227094963779,0.5239959288670718
intermediate,512,1,43,0.15402439768545897,0.503681538103126
intermediate,512,1,44,0.15954935779487053,0.5280551382307999
intermediate,512,1,45,0.1133841755469953,0.5085229944411731
intermediate,512,1,46,0.10129203058759684,0.5150557625364051
intermediate,512,1,47,0.09140623276784351,0.5247258955972697
intermediate,512,1,48,0.08551643761437083,0.5214930503963209
intermediate,512,1,49,0.09002494467837917,0.5183694433896675
intermediate,512,1,50,0.10921959449925761,0.5268310467605509
late,128,1,1,1.0583055570056745,0.45492534931457845
late,128,1,2,1.0156579990712364,0.489800796983277
late,128,1,3,0.9780130883840126,0.4979177176218665
late,128,1,4,0.955983693831236,0.5037121419185443
late,128,1,5,0.9289673529272005,0.5085448848825712
late,128,1,6,0.9027669733277769,0.5247674446333871
late,128,1,7,0.8792426102743374,0.5279226337992085
late,128,1,8,0.8535017044212562,0.534417338207931
late,128,1,9,0.8273696293981057,0.5226267979359392
late,128,1,10,0.8017600949980769,0.5382056380727361
late,128,1,11,0.7762974342649064,0.5341666070488444
late,128,1,12,0.7577523787816366,0.515349938272624
late,128,1,13,0.7051804176778618,0.5177045059455784
late,128,1,14,0.6864349114613271,0.533403560070612
late,128,1,15,0.6555079262400549,0.5318082482938603
late,128,1,16,0.6291500974514979,0.5292923761951845
late,128,1,17,0.6007449615971623,0.5317838508466037
late,128,1,18,0.5859949907918615,0.5276895128276152
late,128,1,19,0.542263199338137,0.5290663482157761
late,128,1,20,0.5407358517484089,0.5213064618993198
late,128,1,21,0.4906048072291797,0.5272126008229093
late,128,1,22,0.48987402244815675,0.5264357347392133
late,128,1,23,0.44880094803537285,0.5188522254568713
late,128,1,24,0.4249372709141629,0.5228112768792302
late,128,1,25,0.4200464745206157,0.5321791628679413
late,128,1,26,0.4057844215490687,0.5180136319972215
late,128,1,27,0.3762374715855115,0.5275323052163454
late,128,1,28,0.363116014973698,0.5287360043340629
late,128,1,29,0.3422043256246512,0.5299004168355839
late,128,1,30,0.3362862710251896,0.5328958302377926
late,128,1,31,0.3134419587184125,0.5274702109614856
late,128,1,32,0.29824439387308954,0.5259292889825653
late,128,1,33,0.2997775267115415,0.5379144279410083
late,128,1,34,0.30132979952444244,0.534642601856285
late,128,1,35,0.29228712770882553,0.5259602596768898
late,128,1,36,0.2863559977510783,0.5417012297169469
late,128,1,37,0.26152788106537866,0.5334002275872147
late,128,1,38,0.24675031205800574,0.5366904893369704
late,128,1,39,0.2378154072392331,0.5351630195846074
late,128,1,40,0.2408379521269811,0.5341120643848022
late,128,1,41,0.2154722422596038,0.5249851566909235
late,128,1,42,0.22184892033967446,0.5327711831294404
late,128,1,43,0.19933513534350658,0.536534565801872
late,128,1,44,0.19023755212311982,0.5331485180843785
late,128,1,45,0.20356451729776978,0.5318073310965948
late,128,1,46,0.18420992259747712,0.5306565236878423
late,128,1,47,0.189192243174618,0.5375877834215983
late,128,1,48,0.18002594620224058,0.543829799983735
late,128,1,49,0.18048876635436936,0.5197599450170812
late,128,1,50,0.20436937213335138,0.5264595207216264
late,256,1,1,1.0557632502608412,0.45972238273174365
late,256,1,2,1.0135592259759978,0.48226369788255835
late,256,1,3,0.9737971473553675,0.5202144162620298
late,256,1,4,0.9359612239627387,0.5126725477355317
late,256,1,5,0.9175044143293786,0.4902999357350449
late,256,1,6,0.8829661365256222,0.5263655385751768
late,256,1,7,0.8470863984638625,0.5196183909058057
late,256,1,8,0.8146673861763921,0.5219865636715285
late,256,1,9,0.7769878165615512,0.5280974515979716
late,256,1,10,0.7371163771847101,0.534003743387772
late,256,1,11,0.70859683091872,0.536160563330331
late,256,1,12,0.6564312556910077,0.5061942305846154
late,256,1,13,0.6373478626328817,0.530339020567843
late,256,1,14,0.5837571239221128,0.5170786411049904
late,256,1,15,0.5402666116011111,0.5399890670085978
late,256,1,16,0.5198314629514699,0.5170125417554056
late,256,1,17,0.5037574917469125,0.5388065245744663
late,256,1,18,0.49202954393672194,0.5320443960164288
late,256,1,19,0.4576863135722053,0.5397675638690316
late,256,1,20,0.4189736553690252,0.505978261201883
late,256,1,21,0.38445770232070464,0.5471480056768397
late,256,1,22,0.3770753933688787,0.5354827239780435
late,256,1,23,0.37478264665666217,0.5286732986143595
late,256,1,24,0.3702473140607669,0.5446064520547359
late,256,1,25,0.32429094616509485,0.5203386047717493
late,256,1,26,0.2934005254992037,0.5233146041651762
late,256,1,27,0.28973696895158824,0.536090611752232
late,256,1,28,0.2802408628576384,0.5162540196170151
late,256,1,29,0.24613723381767122,0.5269058289109139
late,256,1,30,0.2695504025680812,0.5359993506243362
late,256,1,31,0.2311375120024043,0.5313009770596735
late,256,1,32,0.2327599011537597,0.5307266281321522
late,256,1,33,0.20411185384422462,0.5333070097718197
late,256,1,34,0.21088662403305686,0.5365245989249225
late,256,1,35,0.20915108054798107,0.5458618199517309
late,256,1,36,0.21958459463958038,0.535963396491537
late,256,1,37,0.19634622241568378,0.528803387759819
late,256,1,38,0.19395237640915267,0.5168051023072403
late,256,1,39,0.1776157989120233,0.5210247600459087
late,256,1,40,0.1569949776090662,0.5154146618263109
late,256,1,41,0.14222519602284345,0.5311450535245751
late,256,1,42,0.14529130864018217,0.5208720161279966
late,256,1,43,0.14722075561682382,0.5221252744712817
late,256,1,44,0.14439637540519393,0.5245155822643399
late,256,1,45,0.12927082059733824,0.5211842300770996
late,256,1,46,0.13737704880594268,0.511537363253531
late,256,1,47,0.14320998992819797,0.5245618090065103
late,256,1,48,0.15685060735684367,0.5349655470133917
late,256,1,49,0.12684123081172233,0.5155183051172881
late,256,1,50,0.11201567615423928,0.5234522449014533
late,512,1,1,1.0557835978160066,0.4799613187339988
late,512,1,2,1.0003406403884487,0.5090354019800455
late,512,1,3,0.9585009506681147,0.5178218460490505
late,512,1,4,0.9276537109860598,0.4853756870571848
late,512,1,5,0.882064778191524,0.5292246870370064
late,512,1,6,0.8366483066651452,0.5190570967526936
late,512,1,7,0.8001694638585168,0.5207994352510705
late,512,1,8,0.756743634466737,0.5140702952213411
late,512,1,9,0.7067442680281291,0.5303658333012314
late,512,1,10,0.6605950085509793,0.5327875092407625
late,512,1,11,0.6253867779816855,0.5504323667908552
late,512,1,12,0.5765628041870637,0.5132542953876595
late,512,1,13,0.5481034131657108,0.5345548260779972
late,512,1,14,0.5144242796059356,0.5334605180207861
late,512,1,15,0.4760138980672741,0.5151055357746679
late,512,1,16,0.4416978453870208,0.5284716069357235
late,512,1,17,0.3945049372870778,0.5312018586085383
late,512,1,18,0.3702545380342038,0.5166003838776287
late,512,1,19,0.36959149846880457,0.5361650881701732
late,512,1,20,0.37253333444357545,0.5217532286872401
late,512,1,21,0.3289880628973793,0.5300931199810202
late,512,1,22,0.29297000689925795,0.5228401380198444
late,512,1,23,0.2830008492069295,0.5278504198011883
late,512,1,24,0.27195454590276785,0.5370235542372374
late,512,1,25,0.24488836800645342,0.5438681694026661
late,512,1,26,0.2502979015506159,0.5206304263683207
late,512,1,27,0.2336086743459927,0.5267068582508315
late,512,1,28,0.21533435168541634,0.5253940738050296
late,512,1,29,0.18074610094072938,0.5333121460765052
late,512,1,30,0.18467122879553968,0.5300687225337636
late,512,1,31,0.18641346282377017,0.5372834267957347
late,512,1,32,0.16861474551162695,0.5242867721198936
late,512,1,33,0.18264044246335667,0.5218931929899225
late,512,1,34,0.16399208829784645,0.5248710879243642
late,512,1,35,0.1533431527534808,0.521575842736134
late,512,1,36,0.1416070632577881,0.5219565101744692
late,512,1,37,0.176437065513741,0.5136245373504128
late,512,1,38,0.17170349138928212,0.5311936955528774
late,512,1,39,0.14925301730085233,0.5324626685426409
late,512,1,40,0.15319722785255102,0.5293467659930159
late,512,1,41,0.13685349388698267,0.5333716721790221
late,512,1,42,0.12923512543280294,0.5318963298045697
late,512,1,43,0.09791511900507872,0.5175921798538231
late,512,1,44,0.11014656677568366,0.5324477182272166
late,512,1,45,0.11385209737174468,0.5242214982478475
late,512,1,46,0.10187792145889106,0.5314049260830723
late,512,1,47,0.121076410484752,0.5217316134050215
late,512,1,48,0.1189965951474007,0.5250821655883484
late,512,1,49,0.09945788568868412,0.5487462524848402
late,512,1,50,0.089384283508685,0.520994247950217
learned,128,1,1,1.0644851218997025,0.46612536741393784
learned,128,1,2,1.00475636367097,0.4776357344946273
learned,128,1,3,0.978944448035533,0.5153273446466559
learned,128,1,4,0.9627789252699204,0.5096488846575521
learned,128,1,5,0.9311492089524357,0.5231169175812652
learned,128,1,6,0.9080196030809498,0.502834934454026
learned,128,1,7,0.8776078901578748,0.5081780671229418
learned,128,1,8,0.8467918797115016,0.5346046910359865
learned,128,1,9,0.8126497686378599,0.5357598092718859
learned,128,1,10,0.780040336406137,0.5170003736050194
learned,128,1,11,0.7502756891601042,0.5403447866813174
learned,128,1,12,0.7051933465667284,0.5298930181109772
learned,128,1,13,0.6890264026761994,0.5347810069236164
learned,128,1,14,0.6708057524338169,0.5292551379862139
learned,128,1,15,0.6481140180835574,0.537148812810433
learned,128,1,16,0.6053570341563287,0.529378042419762
learned,128,1,17,0.556070011275334,0.553681538103126
learned,128,1,18,0.5329065017812834,0.5308021746135695
learned,128,1,19,0.538248041014033,0.5399599001355617
learned,128,1,20,0.5066928274518862,0.519611664792527
learned,128,1,21,0.48263059552573156,0.5209860848945559
learned,128,1,22,0.4323419785405707,0.5146215307777772
learned,128,1,23,0.4231861841490888,0.5405186872828153
learned,128,1,24,0.4219983051142355,0.5321432087351422
learned,128,1,25,0.4087963758569377,0.5374339082937257
learned,128,1,26,0.3706886017416406,0.519416607507443
learned,128,1,27,0.35802630051540263,0.5391880786368247
learned,128,1,28,0.347183362940165,0.5206435728624564
learned,128,1,29,0.3282366090715714,0.5417717927598894
learned,128,1,30,0.346826159891494,0.523857982398373
learned,128,1,31,0.2896371373510736,0.5278940783910159
learned,128,1,32,0.28883250218051,0.5309167631252457
learned,128,1,33,0.2993182848914089,0.5281068070100775
learned,128,1,34,0.2704017382124903,0.5225962858402474
learned,128,1,35,0.2645705677080029,0.5373609299646512
learned,128,1,36,0.26868474115849794,0.5341560287070515
learned,128,1,37,0.2527908556886858,0.5346607317888954
learned,128,1,38,0.2287846701195234,0.530029588783778
learned,128,1,39,0.21411255565215284,0.535967921331379
learned,128,1,40,0.20690083096972287,0.5350064845846655
learned,128,1,41,0.19641485630370814,0.5280731152971995
learned,128,1,42,0.20321903614390865,0.5215371675847811
learned,128,1,43,0.19700126815342842,0.5420021927129288
learned,128,1,44,0.23200160233680345,0.5299939403834006
learned,128,1,45,0.22599206978254743,0.5280105624437069
learned,128,1,46,0.1864094630939754,0.5301444218813917
learned,128,1,47,0.1670997243697249,0.5393591053535581
learned,128,1,48,0.16738930962530021,0.5364570626329553
learned,128,1,49,0.18410161599086652,0.5172962002963158
learned,128,1,50,0.1749649739328019,0.5411190234661863
learned,256,1,1,1.0580521959645228,0.47927516345983934
learned,256,1,2,1.0000305412009631,0.496647705141869
learned,256,1,3,0.966163811721201,0.520701448009896
learned,256,1,4,0.9288359564433261,0.45551122435440017
learned,256,1,5,0.8935157384459428,0.5253229298704856
learned,256,1,6,0.8537776712670414,0.5132751463388237
learned,256,1,7,0.8150696385250943,0.5272168505035718
learned,256,1,8,0.7967011330947475,0.5211288619355187
learned,256,1,9,0.7403020043698508,0.5425115735008258
learned,256,1,10,0.7007742857369851,0.5251132891488838
learned,256,1,11,0.6641705039292183,0.5407808222612336
learned,256,1,12,0.6269770674505258,0.5209693919043278
learned,256,1,13,0.5891600069724355,0.5351678501568713
learned,256,1,14,0.5456458431842133,0.5366936689541566
learned,256,1,15,0.5242440468995903,0.554211769842187
learned,256,1,16,0.4998445826878385,0.5436397261371259
learned,256,1,17,0.4663308872951297,0.5298843964566835
learned,256,1,18,0.4307962296203053,0.5358615570218482
learned,256,1,19,0.41312963771694916,0.5372365885887208
learned,256,1,20,0.39167671175453606,0.5504281476834348
learned,256,1,21,0.38765851734817186,0.5502385324354583
learned,256,1,22,0.33953510846678664,0.5481483315876012
learned,256,1,23,0.32226518011625044,0.5179332549435404
learned,256,1,24,0.2967909372697665,0.537940568063069
learned,256,1,25,0.31002963848627146,0.5211338453739933
learned,256,1,26,0.284759878955801,0.5359884665501214
learned,256,1,27,0.2686959886801212,0.532530204834608
learned,256,1,28,0.2563665059451356,0.5378181833746378
learned,256,1,29,0.2675669049340596,0.5221245101402272
learned,256,1,30,0.2594908820049656,0.5184419631201094
learned,256,1,31,0.2263106213310572,0.5410693113744078
learned,256,1,32,0.21883895453505628,0.5277614210932134
learned,256,1,33,0.23254858665266062,0.5320516418748246
learned,256,1,34,0.1956713596979777,0.5334627804407072
learned,256,1,35,0.17220203711448379,0.539944491221505
learned,256,1,36,0.1767736471152994,0.5274599383521145
learned,256,1,37,0.19027590892446322,0.528779968656312
learned,256,1,38,0.1916821822719624,0.5348172667888372
learned,256,1,39,0.16226041622049225,0.52462980389711
learned,256,1,40,0.14690793440567226,0.531469435624064
learned,256,1,41,0.15726369547014787,0.5385765526468173
learned,256,1,42,0.14931087995686243,0.5244972994655186
learned,256,1,43,0.15658873413491436,0.533408237776665
learned,256,1,44,0.16114503123707033,0.5457105741226855
learned,256,1,45,0.1570974365463407,0.5468910070031069
learned,256,1,46,0.13786160265366862,0.5372932408064731
learned,256,1,47,0.12902557644553073,0.5316434890917728
learned,256,1,48,0.11090197028919781,0.5289173036601674
learned,256,1,49,0.12741677592119832,0.5366590600440132
learned,256,1,50,0.12617944034300452,0.5490375543362946
learned,512,1,1,1.0550857995125877,0.4838506937374382
learned,512,1,2,1.0006087355100577,0.5053107556054511
learned,512,1,3,0.9679343997649946,0.5061500522496708
learned,512,1,4,0.9249879271965328,0.5102121966446478
learned,512,1,5,0.8950750555579118,0.4836199880519769
learned,512,1,6,0.8425949868254774,0.4850886654596351
learned,512,1,7,0.8165678915389254,0.5125488789709292
learned,512,1,8,0.7583996243677115,0.5244698141208022
learned,512,1,9,0.7207561865879168,0.5286427865186677
learned,512,1,10,0.689904330752966,0.5290039482284946
learned,512,1,11,0.6320832280975002,0.5264512965194811
learned,512,1,12,0.5955844473025305,0.5203467678274104
learned,512,1,13,0.5618859471611464,0.5204181563478917
learned,512,1,14,0.5260543140370076,0.5348125890827844
learned,512,1,15,0.4897330932104056,0.5151077370481045
learned,512,1,16,0.47718044106415874,0.5223562858891646
learned,512,1,17,0.4370923686058815,0.5299857773277397
learned,512,1,18,0.3917367433312684,0.5344199063602738
learned,512,1,19,0.36904272491850565,0.5214481688768063
learned,512,1,20,0.35952692832846656,0.5155888681602306
learned,512,1,21,0.3414966622049727,0.524881819132368
learned,512,1,22,0.3012776478069035,0.5261729882959515
learned,512,1,23,0.3255887006524354,0.506932818969107
learned,512,1,24,0.3015646923558293,0.5296033060681159
learned,512,1,25,0.2652254573159956,0.5225662017699461
learned,512,1,26,0.24613618350091568,0.5106726296718207
learned,512,1,27,0.24337022444551074,0.5283015585627396
learned,512,1,28,0.24075370761040316,0.5187435987274194
learned,512,1,29,0.2283018079251442,0.5024986899365728
learned,512,1,30,0.2207263212191464,0.5182550688906865
learned,512,1,31,0.23431029305683346,0.5164617647976021
learned,512,1,32,0.17098603847380386,0.5332216492796639
learned,512,1,33,0.18606609880454897,0.5164537546081519
learned,512,1,34,0.1762339776269407,0.5214587472185993
learned,512,1,35,0.1657954756356287,0.5181819376954012
learned,512,1,36,0.17032536938590953,0.5207038632960278
learned,512,1,37,0.19177659106223288,0.5260173704932748
learned,512,1,38,0.1779383733047275,0.5289954182939275
learned,512,1,39,0.177151836435313,0.5206015040812221
learned,512,1,40,0.15348080504597642,0.5347624183923733
learned,512,1,41,0.1282107735399812,0.5313555197237158
learned,512,1,42,0.12067799008111628,0.5201805716829409
learned,512,1,43,0.1234865122110512,0.5202769691155222
learned,512,1,44,0.12921933182502982,0.527161696374686
learned,512,1,45,0.12003339678440195,0.5206201537589495
learned,512,1,46,0.1141447160500554,0.5146765320404522
learned,512,1,47,0.12021068771054426,0.5208508594444108
learned,512,1,48,0.10196688728226139,0.5345312541082795
learned,512,1,49,0.11216065666963422,0.502133217399599
learned,512,1,50,0.11213170688139798,0.5372884102342094
text,128,2,1,1.0702900776352033,0.43937683817808343
text,128,2,2,1.043033059250523,0.4267346630460718
text,128,2,3,1.031793600201646,0.4360489902015707
text,128,2,4,1.0172021113548542,0.4316842087859077
text,128,2,5,1.00714402541064,0.43323697487110063
text,128,2,6,0.9917182970031369,0.43827182406917514
text,128,2,7,0.9724682671872954,0.42476218773666136
text,128,2,8,0.9752864862261972,0.42302309134221366
text,128,2,9,0.9585364936063111,0.43323815007313815
text,128,2,10,0.9420412799171916,0.4303244595043208
text,128,2,11,0.9371049505341291,0.42401005843266626
text,128,2,12,0.9180778843854068,0.41675282113327733
text,128,2,13,0.9151235612561687,0.44373635144668183
text,128,2,14,0.9074088879508372,0.4485280553956201
text,128,2,15,0.9062533907247973,0.4507822550003631
text,128,2,16,0.9011418355445087,0.4253989851441495
text,128,2,17,0.887617594040796,0.4195369558085131
text,128,2,18,0.8717915967658714,0.44757577702737755
text,128,2,19,0.8671526886017273,0.45248564956739595
text,128,2,20,0.8629472473925037,0.4402629405143527
text,128,2,21,0.8590259924750764,0.43135389596495594
text,128,2,22,0.8532666519640782,0.4148749698499891
text,128,2,23,0.8417751707627475,0.43391198660691127
text,128,2,24,0.8411585677455425,0.4463053025764319
text,128,2,25,0.8398363471851705,0.4372630954789248
text,128,2,26,0.8341460424304126,0.42451466587304054
text,128,2,27,0.8192316982168637,0.4403811496296412
text,128,2,28,0.8173796018980558,0.42972818630502213
text,128,2,29,0.8235549498135752,0.4284771229497992
text,128,2,30,0.8155488923353197,0.42335166162221327
text,128,2,31,0.805273690250263,0.44078323082329635
text,128,2,32,0.7956490252339148,0.44152932202027123
text,128,2,33,0.8047555122598982,0.45472988021692445
text,128,2,34,0.7906944879700964,0.44016547979365717
text,128,2,35,0.7958693613540302,0.4338606019109272
text,128,2,36,0.7901074037283063,0.43965086287386007
text,128,2,37,0.7849848348560664,0.4363873268157439
text,128,2,38,0.7852261936379354,0.4495011632068719
text,128,2,39,0.7791893532416032,0.42790111185459523
text,128,2,40,0.7820656785453901,0.44484351333862415
text,128,2,41,0.7691776871837502,0.4585843808030667
text,128,2,42,0.7712428848573866,0.45068961666044216
text,128,2,43,0.7746853082737193,0.44581589171412866
text,128,2,44,0.7584702859390606,0.44429777382693764
text,128,2,45,0.756740048786571,0.4468193116331061
text,128,2,46,0.763753745251896,0.43230653905107214
text,128,2,47,0.7518376751400845,0.43832730171018647
text,128,2,48,0.7499624147097895,0.42456134976087473
text,128,2,49,0.7528911993879445,0.4299490432396544
text,128,2,50,0.7521398585767131,0.44037186958596575
text,256,2,1,1.0733281243867228,0.4412916070150322
text,256,2,2,1.0468824388394,0.4441093767830651
text,256,2,3,1.023987151723891,0.46346981724554687
text,256,2,4,1.008476292528273,0.4317556124407374
text,256,2,5,0.9913487653777624,0.45831586739960367
text,256,2,6,0.9793671794658174,0.4404058693966367
text,256,2,7,0.9647678778781847,0.4655024304799104
text,256,2,8,0.9505644464484984,0.4623729079782765
text,256,2,9,0.9399007212642918,0.4314413472062287
text,256,2,10,0.9245276097116686,0.44117514044069583
text,256,2,11,0.914560786488407,0.4281370437946739
text,256,2,12,0.9003305303702703,0.4566863889883083
text,256,2,13,0.8947644556244644,0.44850750962206803
text,256,2,14,0.8830276574122636,0.4514353431395433
text,256,2,15,0.8711785500614575,0.43859520725052653
text,256,2,16,0.863836921714869,0.4413897161230587
text,256,2,17,0.8568796042300412,0.42080418832280353
text,256,2,18,0.8462108873570797,0.44454484992426835
text,256,2,19,0.8395452629695443,0.4456771773494963
text,256,2,20,0.8248884641549815,0.4578896743020759
text,256,2,21,0.8244268515195193,0.43254417300789477
text,256,2,22,0.8170604276797765,0.4409065054646084
text,256,2,23,0.8047606421079607,0.4410555940265372
text,256,2,24,0.7995022062355086,0.45162665792640544
text,256,2,25,0.7933704549857571,0.4357233781887689
text,256,2,26,0.7914636802454535,0.4486985002152646
text,256,2,27,0.7808451831868265,0.4267946793984003
text,256,2,28,0.7810548393892797,0.4356931066052514
text,256,2,29,0.7766345160509945,0.44372273531273015
text,256,2,30,0.7732538233542591,0.444292708300914
text,256,2,31,0.7651905383254145,0.4344623053541232
text,256,2,32,0.7646207228053871,0.43246563709242375
text,256,2,33,0.7606434544669882,0.44150833048042903
text,256,2,34,0.7563621120271585,0.4506130259069642
text,256,2,35,0.7517374499201267,0.43824576700330936
text,256,2,36,0.7428238741767793,0.4455126490642474
text,256,2,37,0.7494652449244634,0.4514054362738995
text,256,2,38,0.7430245678802273,0.4412513664763001
text,256,2,39,0.7381798149679029,0.43914118990746215
text,256,2,40,0.7474555778956655,0.4454190381433299
text,256,2,41,0.7316574841708443,0.4395941695066032
text,256,2,42,0.731923526367255,0.45523943161069785
text,256,2,43,0.7228084017471657,0.4376385117435914
text,256,2,44,0.7195449940340123,0.45336664585343334
text,256,2,45,0.7208124195814367,0.4606173587553038
text,256,2,46,0.719064045190733,0.44871333207546193
text,256,2,47,0.7137766788530178,0.4617297077458944
text,256,2,48,0.7055510911383577,0.45528068525463466
text,256,2,49,0.716037785448195,0.4520895254323447
text,256,2,50,0.710508922540489,0.43195657198914866
text,512,2,1,1.0719983692991268,0.4410817321408193
text,512,2,2,1.0362239334865384,0.4508081094451879
text,512,2,3,1.019771948207679,0.4508087983567271
text,512,2,4,1.006061289084618,0.4453125405242082
text,512,2,5,0.9878588690596773,0.4142199365488158
text,512,2,6,0.9724981610167812,0.4409114899422157
text,512,2,7,0.952473597091286,0.45370623871806054
text,512,2,8,0.9427221993937409,0.4545490611999834
text,512,2,9,0.9186997143450975,0.4321781988837364
text,512,2,10,0.9113938426901106,0.4467173932495098
text,512,2,11,0.9035638702654205,0.4285842284320438
text,512,2,12,0.8876468542559113,0.45131725559687946
text,512,2,13,0.8751855900114929,0.43782873237683234
text,512,2,14,0.8594158436383861,0.4449667879799362
text,512,2,15,0.8468257647113931,0.44324264501831045
text,512,2,16,0.8387835108620423,0.4510805536968452
text,512,2,17,0.8259844030563419,0.44757529073687924
text,512,2,18,0.8245041169365365,0.44387028395474776
text,512,2,19,0.8124468632503948,0.4337517944119386
text,512,2,20,0.8080137425155102,0.4332639639937548
text,512,2,21,0.798685134258164,0.43463818041766517
text,512,2,22,0.7938768243602127,0.43301656370275854
text,512,2,23,0.780046512556248,0.4437572214138994
text,512,2,24,0.7714317667214685,0.44290823925233164
text,512,2,25,0.7712706467316839,0.4441903036268194
text,512,2,26,0.7630691328465997,0.4305875426638863
text,512,2,27,0.7606633619494768,0.44814757360492985
text,512,2,28,0.7473334402812969,0.4169701929860052
text,512,2,29,0.7445650864374204,0.45668095874441095
text,512,2,30,0.7517495637485451,0.4520334399282106
text,512,2,31,0.7389955893574055,0.44042240327357796
text,512,2,32,0.7353112673962636,0.42928991699345387
text,512,2,33,0.7288471098924535,0.44690664130175434
text,512,2,34,0.7285419878550179,0.4378544247248244
text,512,2,35,0.7234569474620063,0.4312052936935255
text,512,2,36,0.723433647828585,0.43782873237683234
text,512,2,37,0.716552202172531,0.43264694239986307
text,512,2,38,0.718687115380585,0.45462180215368336
text,512,2,39,0.7190895680520074,0.44804999131160983
text,512,2,40,0.7134753940965808,0.4448430270481259
text,512,2,41,0.7142992831769047,0.44616634506655045
text,512,2,42,0.7063140971509795,0.44292331425777803
text,512,2,43,0.7062339804009194,0.4338555363849035
text,512,2,44,0.7090031347756149,0.4516831081484132
text,512,2,45,0.7056025204717898,0.45013905476798105
text,512,2,46,0.705527558028991,0.4431042548473438
text,512,2,47,0.6961098206859853,0.4383996779460127
text,512,2,48,0.6968053584605192,0.4395887392627058
text,512,2,49,0.7014432857951661,0.4541741312258152
text,512,2,50,0.6956075893117342,0.4636537566265185
image,128,2,1,1.0660347309084417,0.42327960958005245
image,128,2,2,1.0263452025485094,0.4571140814815391
image,128,2,3,0.9938989060310331,0.4813234460749225
image,128,2,4,0.9755597279838405,0.4678717188359112
image,128,2,5,0.962525642531616,0.4861098413525879
image,128,2,6,0.9327807069723428,0.4904206445229425
image,128,2,7,0.9179949016111556,0.4712888416430654
image,128,2,8,0.8893921074614061,0.4866652256258234
image,128,2,9,0.8636510868964918,0.4860315080581577
image,128,2,10,0.8416210461428657,0.4902305454623261
image,128,2,11,0.8101033159882387,0.49370962978380173
image,128,2,12,0.8035154352028696,0.5083511477752535
image,128,2,13,0.7742375162967655,0.4996797371826793
image,128,2,14,0.7456525039454047,0.49985370760843634
image,128,2,15,0.7377049156346503,0.48397502606517073
image,128,2,16,0.6949076745127976,0.5078884018419387
image,128,2,17,0.6731152183616486,0.4987955394841949
image,128,2,18,0.6493274212391483,0.503771669104603
image,128,2,19,0.6339806624413787,0.4924295510955152
image,128,2,20,0.614404058210266,0.5183257763789902
image,128,2,21,0.5739126896631597,0.5179495496301598
image,128,2,22,0.5493953282502548,0.5012293423796333
image,128,2,23,0.5489688156003524,0.5086547551430084
image,128,2,24,0.4983005624878645,0.48827067318166256
image,128,2,25,0.4887909286923191,0.4878057389411057
image,128,2,26,0.5017529935455447,0.5247956688374674
image,128,2,27,0.4762162476318932,0.5122071882813067
image,128,2,28,0.426939689099144,0.5093915662963079
image,128,2,29,0.43257576841598494,0.5173840343048769
image,128,2,30,0.416078845698964,0.49055648166879334
image,128,2,31,0.3971654248116486,0.5012242768536097
image,128,2,32,0.3883316408060137,0.49809524064247407
image,128,2,33,0.37674687113655625,0.5198140279247455
image,128,2,34,0.35716239782248665,0.49993268929019746
image,128,2,35,0.36105649418926206,0.4894960036646852
image,128,2,36,0.32087531213055515,0.49571788796904337
image,128,2,37,0.31958488746378627,0.5162616758348636
image,128,2,38,0.2991714532728548,0.5010860487794757
image,128,2,39,0.3167537901683621,0.4959278844158808
image,128,2,40,0.2938028246711333,0.4953528459016734
image,128,2,41,0.31532653960115753,0.4906424740385713
image,128,2,42,0.2941173023618428,0.5088472856561161
image,128,2,43,0.28405512195850974,0.4993193959234592
image,128,2,44,0.2523354021194371,0.5076978975392404
image,128,2,45,0.24682547768894783,0.5076005583911695
image,128,2,46,0.2491630194412611,0.49867246746392374
image,128,2,47,0.2503432627194673,0.4995372945908936
image,128,2,48,0.24317933524028076,0.5128610058562343
image,128,2,49,0.22581448240656807,0.5011622748150799
image,128,2,50,0.2289027636196136,0.49273287479381284
image,256,2,1,1.0627342757925522,0.4562726773469028
image,256,2,2,1.0142464639709958,0.4486704169389893
image,256,2,3,0.9858552471648198,0.4750485155820443
image,256,2,4,0.9606865100374538,0.4602256517589452
image,256,2,5,0.9403912828461689,0.46562250370877556
image,256,2,6,0.9070079681795958,0.47913554407477726
image,256,2,7,0.8830329228994769,0.4830378632265828
image,256,2,8,0.8556816050045922,0.4808818132540745
image,256,2,9,0.8294383270042679,0.5008902763297127
image,256,2,10,0.7974376833583441,0.4872742639507019
image,256,2,11,0.7655195586214844,0.46715683127924224
image,256,2,12,0.7268097629042306,0.4811398714118245
image,256,2,13,0.7323430820552297,0.5107100619339578
image,256,2,14,0.6782365099440556,0.5126089047570882
image,256,2,15,0.6475495287372572,0.5022957369181372
image,256,2,16,0.6321202971746944,0.4869087355928335
image,256,2,17,0.5656652592393618,0.5116268410958265
image,256,2,18,0.5591232247018142,0.5011796597003931
image,256,2,19,0.5282099404635097,0.5186365565315946
image,256,2,20,0.4951337675937314,0.5056517897435499
image,256,2,21,0.504681672103598,0.5167789673524011
image,256,2,22,0.45336117708499374,0.5094492322445613
image,256,2,23,0.43813418081962485,0.5300902376858279
image,256,2,24,0.4118181483466599,0.5079519843245879
image,256,2,25,0.3947520564517519,0.5058927872096521
image,256,2,26,0.3654633714591273,0.5190050431566607
image,256,2,27,0.37128950437144426,0.5155730074408931
image,256,2,28,0.35311829929506533,0.5178120104675651
image,256,2,29,0.35562214412598564,0.5275848690387268
image,256,2,30,0.33043202489213996,0.5066397699392072
image,256,2,31,0.2961448228034923,0.5214458972643242
image,256,2,32,0.29649038410643913,0.5145687770377517
image,256,2,33,0.2933231204582097,0.49216278023300447
image,256,2,34,0.29650648069631774,0.5256407201508408
image,256,2,35,0.26355914705622513,0.5246515242289377
image,256,2,36,0.23867902253464143,0.5194640608628219
image,256,2,37,0.2511685643820089,0.4912163373507413
image,256,2,38,0.2507419558147335,0.5202260780736153
image,256,2,39,0.23099552166731543,0.5313982375535568
image,256,2,40,0.21315723327447922,0.5301841322762026
image,256,2,41,0.21815283994563717,0.5182754858366271
image,256,2,42,0.22148805785886344,0.5369155274501259
image,256,2,43,0.17416208287959253,0.5106801550683141
image,256,2,44,0.1954064339262585,0.5097061557244821
image,256,2,45,0.1803287399993182,0.5206983471958545
image,256,2,46,0.1895046334839461,0.5234166300327825
image,256,2,47,0.19796694478161098,0.5048264331953566
image,256,2,48,0.20327657635037683,0.5238027852126191
image,256,2,49,0.15139573724328084,0.5338335398446983
image,256,2,50,0.16702673311938382,0.5233660963451703
image,512,2,1,1.0585533654404562,0.4623711249131161
image,512,2,2,1.0132025224933543,0.46750878402736706
image,512,2,3,0.9804727860412923,0.4717445768883633
image,512,2,4,0.947430078024475,0.47155022278588693
image,512,2,5,0.9194075999905421,0.47220789016059256
image,512,2,6,0.8998034118199418,0.49285136757855863
image,512,2,7,0.8640885644957731,0.49183291317834277
image,512,2,8,0.8362693411137229,0.48596602093772373
image,512,2,9,0.7953052612962351,0.48261661408245415
image,512,2,10,0.7587200388170703,0.49664321773883996
image,512,2,11,0.7224338557320866,0.49561430809291124
image,512,2,12,0.6800758464341865,0.5047704692638469
image,512,2,13,0.6554381500029712,0.5030973057561233
image,512,2,14,0.6330302983414967,0.49561945466735136
image,512,2,15,0.5731548105291131,0.5104784660841555
image,512,2,16,0.5453366609684017,0.5088979409163529
image,512,2,17,0.5228511329284851,0.516427176701109
image,512,2,18,0.4933672549782406,0.5219442234524291
image,512,2,19,0.46279491045091314,0.5335187072712748
image,512,2,20,0.46141171820708393,0.5222485602559314
image,512,2,21,0.43944386883432146,0.5128450798424159
image,512,2,22,0.42197101821824395,0.5153978618130984
image,512,2,23,0.3647126556224254,0.5091452196347245
image,512,2,24,0.3735733105486942,0.49151654068500833
image,512,2,25,0.36250016349177017,0.501445782175573
image,512,2,26,0.3389159588491827,0.5135752450255724
image,512,2,27,0.30692416154060626,0.503004788988827
image,512,2,28,0.3069541619004519,0.4953065267317129
image,512,2,29,0.274369563935468,0.512114185223512
image,512,2,30,0.25537745608184736,0.5192678021225609
image,512,2,31,0.26754694155828557,0.5266536227345346
image,512,2,32,0.27606705239427864,0.5227881400879731
image,512,2,33,0.2502800017395046,0.5206165693437282
image,512,2,34,0.21189712151098705,0.5024601436307615
image,512,2,35,0.24820986443838108,0.5102251087345554
image,512,2,36,0.24662641962115314,0.5089141100754204
image,512,2,37,0.21419555632081902,0.516057231204548
image,512,2,38,0.20484523153312867,0.5253003978504663
image,512,2,39,0.17697871320855613,0.5211781132966087
image,512,2,40,0.1638073919005802,0.5057689047052172
image,512,2,41,0.19286917230607017,0.5094226888881973
image,512,2,42,0.17455093129389954,0.5019969114069487
image,512,2,43,0.18020865243991763,0.5154496112269563
image,512,2,44,0.18944958305112733,0.4986314569652361
image,512,2,45,0.16090729819462363,0.504306386031662
image,512,2,46,0.17929358285143898,0.4866759240167855
image,512,2,47,0.16185071161831843,0.5132885362526324
image,512,2,48,0.15195730176666689,0.491940585999502
image,512,2,49,0.12146748522536475,0.5141012087236625
image,512,2,50,0.1374207567222116,0.513978055654975
early,128,2,1,1.0630329636736644,0.4377726063484901
early,128,2,2,1.0053926770392498,0.46117979424076444
early,128,2,3,0.9793974580978886,0.46507984403691144
early,128,2,4,0.9518707273280727,0.44362130321963217
early,128,2,5,0.9401951946808994,0.4831794548099966
early,128,2,6,0.9076967770566474,0.4618219813679416
early,128,2,7,0.8831532498103054,0.47479831912068304
early,128,2,8,0.8588694134371198,0.48820854957050824
early,128,2,9,0.8240670607895665,0.5148364394328426
early,128,2,10,0.8007502377091842,0.5035390601495959
early,128,2,11,0.765524699839558,0.4905857806713143
early,128,2,12,0.7467845129169662,0.48640619488707687
early,128,2,13,0.7279274741652284,0.5027205521925866
early,128,2,14,0.7042523334159964,0.5273059003895512
early,128,2,15,0.6666126597791139,0.519454659246522
early,128,2,16,0.6365041528440467,0.5016970322663471
early,128,2,17,0.6174958772012266,0.5108575700517672
early,128,2,18,0.5819689424770147,0.53267973458913
early,128,2,19,0.5705213080816915,0.5203954692638469
early,128,2,20,0.5526162738567179,0.5143530666775596
early,128,2,21,0.5123559083168094,0.5192271563417469
early,128,2,22,0.4975220988868143,0.5000196542409718
early,128,2,23,0.48442055324537564,0.5046826127804923
early,128,2,24,0.45939929057089707,0.5244556302065503
early,128,2,25,0.4258790431316467,0.5226127513149296
early,128,2,26,0.414532214705962,0.5224543827093253
early,128,2,27,0.4113916891182262,0.48954244440727024
early,128,2,28,0.3688793487038545,0.4970708697078626
early,128,2,29,0.3471156105824042,0.5087949283791354
early,128,2,30,0.345067675535267,0.504476466133433
early,128,2,31,0.38515252637808456,0.5215010101874618
early,128,2,32,0.3468948448145831,0.5062115101070618
early,128,2,33,0.34846235426849165,0.5109556386355856
early,128,2,34,0.32072191102529735,0.49974173922120907
early,128,2,35,0.3102349340134236,0.5122893308513067
early,128,2,36,0.28423234685566806,0.5071682056139969
early,128,2,37,0.2966980101319072,0.5098605529576836
early,128,2,38,0.31022711063517544,0.5246507947931903
early,128,2,39,0.255749000321252,0.5215171793465293
early,128,2,40,0.25002016205742333,0.5082133654674095
early,128,2,41,0.2553711466000378,0.5237764850015042
early,128,2,42,0.2635930265336301,0.5135605347379997
early,128,2,43,0.2815492545159595,0.5121915054127374
early,128,2,44,0.24015580982663365,0.5279851266430136
early,128,2,45,0.24290038954426288,0.50622139801386
early,128,2,46,0.22442423899773103,0.5123352853033935
early,128,2,47,0.2227020326822322,0.51031811179235
early,128,2,48,0.20287180551541747,0.49134864889047963
early,128,2,49,0.2052093181149837,0.5233484683146079
early,128,2,50,0.20674187980863315,0.4947457122145799
early,256,2,1,1.0542466830363315,0.4418531509679126
early,256,2,2,0.9976292966780449,0.4542848838867967
early,256,2,3,0.9677477351800999,0.48585141847696417
early,256,2,4,0.9266664633513356,0.48661850121378114
early,256,2,5,0.9097975613210523,0.4734079740619132
early,256,2,6,0.8646726667275393,0.4803400451147905
early,256,2,7,0.8373921852704151,0.5053510595945764
early,256,2,8,0.8080917304947665,0.5029342363423693
early,256,2,9,0.7841039225336999,0.504996878015001
early,256,2,10,0.7414655653190237,0.47713539073117345
early,256,2,11,0.7147780336813238,0.48799907993837727
early,256,2,12,0.6732451526386469,0.478689372542612
early,256,2,13,0.6699865901130256,0.49894414175562546
early,256,2,14,0.6208655412218212,0.5174299887569637
early,256,2,15,0.5737007268234692,0.5239509011935514
early,256,2,16,0.5714948410696375,0.5173654742175261
early,256,2,17,0.5368921398452289,0.5261587816283341
early,256,2,18,0.5085813156779342,0.49812757896060916
early,256,2,19,0.47652256568898066,0.5364577254702105
early,256,2,20,0.4748828415009515,0.5186044613587085
early,256,2,21,0.43670741166102617,0.49459613736215285
early,256,2,22,0.43344270595954076,0.5172811433402841
early,256,2,23,0.4095118636969307,0.5225453190325023
early,256,2,24,0.3631493576684181,0.5227523166879338
early,256,2,25,0.3624477482494547,0.5124588030899547
early,256,2,26,0.3376836044471485,0.5159117087729399
early,256,2,27,0.34403519833998303,0.52014875788439
early,256,2,28,0.30707339058446714,0.5351605860902763
early,256,2,29,0.29388501181324284,0.5160719414921208
early,256,2,30,0.2686420936578221,0.5172037015784341
early,256,2,31,0.2617367103339336,0.5144097600448165
early,256,2,32,0.2677509150849683,0.5036572692648843
early,256,2,33,0.31724146359164535,0.5066176437215358
early,256,2,34,0.2652704084224288,0.5093971181128297
early,256,2,35,0.26822353516082925,0.5220472359896465
early,256,2,36,0.236116124416562,0.5266585666879338
early,256,2,37,0.20605110786110406,0.520451554767981
early,256,2,38,0.21121310142562727,0.5130409738648035
early,256,2,39,0.2192850096504714,0.5074725829417074
early,256,2,40,0.23008431944054722,0.536261831447823
early,256,2,41,0.21711824871465363,0.5247127968317201
early,256,2,42,0.2127483399802839,0.538350408613696
early,256,2,43,0.1866068044614495,0.5189697060471197
early,256,2,44,0.17417953426878557,0.5046165177969355
early,256,2,45,0.2032459813409147,0.49929370357546715
early,256,2,46,0.17991579957709317,0.5274509770548691
early,256,2,47,0.18471801447032202,0.5082638991550216
early,256,2,48,0.1834560521789474,0.49576432871162845
early,256,2,49,0.15491665675088406,0.5103031583595282
early,256,2,50,0.157059082107558,0.5076375975174546
early,512,2,1,1.0534068553106233,0.4518474743368294
early,512,2,2,0.989188315633163,0.4810498671454359
early,512,2,3,0.9542245532754443,0.467885132348822
early,512,2,4,0.9188056867734521,0.47451493333281464
early,512,2,5,0.8950744125734428,0.49331926008631327
early,512,2,6,0.8659082882445744,0.4921514739789196
early,512,2,7,0.8307361593015152,0.48908508819364477
early,512,2,8,0.7893739731067206,0.4930616071706451
early,512,2,9,0.7575395313179794,0.49238947265361593
early,512,2,10,0.7095736778200513,0.4950126856981316
early,512,2,11,0.6915485040940679,0.5026535251522414
early,512,2,12,0.6395152778908371,0.5167304598751984
early,512,2,13,0.6239564464702563,0.5168585568972851
early,512,2,14,0.5786989055004952,0.5227108198987479
early,512,2,15,0.5511144405113053,0.540455884374384
early,512,2,16,0.5379268503392263,0.5107409413805982
early,512,2,17,0.527931360993687,0.5268124776306371
early,512,2,18,0.4634442880910875,0.538932822533794
early,512,2,19,0.4679278728513396,0.5290416332747191
early,512,2,20,0.4256963495425184,0.5017702595105454
early,512,2,21,0.38869889982603917,0.5163034157692986
early,512,2,22,0.38997928784035024,0.5051513968208273
early,512,2,23,0.3519637211742107,0.5014307882185428
early,512,2,24,0.3532022444469661,0.511851183112363
early,512,2,25,0.34572355213301253,0.5277136144481446
early,512,2,26,0.3275378252328009,0.5081160263193385
early,512,2,27,0.3230597073818496,0.5243885221177886
early,512,2,28,0.29873865876030586,0.534537891107238
early,512,2,29,0.28278219921594366,0.5186973428438787
early,512,2,30,0.2404957221047443,0.5075607636187275
early,512,2,31,0.24472412028417398,0.49727701635492205
early,512,2,32,0.2595031312384476,0.5331952835657153
early,512,2,33,0.2359100630398814,0.5207096939741475
early,512,2,34,0.21351813630212216,0.5095924042720944
early,512,2,35,0.20570760528227025,0.520647327217744
early,512,2,36,0.18741156599416922,0.5298801196663657
early,512,2,37,0.2001731239823348,0.5033750992032616
early,512,2,38,0.25557458427100055,0.5063456452361687
early,512,2,39,0.2026395246420716,0.5311820814270746
early,512,2,40,0.19847527046705302,0.5108698894110568
early,512,2,41,0.18260579836813984,0.5261533513844366
early,512,2,42,0.18931505675493246,0.5134169979925928
early,512,2,43,0.17295917363117577,0.5149910798112933
early,512,2,44,0.16247421562652126,0.5255111642572593
early,512,2,45,0.16379361815313478,0.527285962479122
early,512,2,46,0.17467255921138775,0.5299265604089508
early,512,2,47,0.180457440664322,0.5220319178389509
early,512,2,48,0.15523623092443736,0.5323806659326922
early,512,2,49,0.14044477806467184,0.5210944713309057
early,512,2,50,0.1300858365965843,0.5175795636093907
intermediate,128,2,1,1.054724942500847,0.45184710961895574
intermediate,128,2,2,0.992686178714711,0.43576884635035745
intermediate,128,2,3,0.9646124714360945,0.45445581499693954
intermediate,128,2,4,0.9308287298355052,0.4690288470765512
intermediate,128,2,5,0.9068619698159072,0.4543823446074922
intermediate,128,2,6,0.8883292984470154,0.46797639286566456
intermediate,128,2,7,0.8598212313745812,0.48636048358023926
intermediate,128,2,8,0.8320309309559313,0.4692708981720664
intermediate,128,2,9,0.8011622160858735,0.48851211641405495
intermediate,128,2,10,0.7763306432104783,0.5138632100489663
intermediate,128,2,11,0.7443497559548362,0.48833048691295006
intermediate,128,2,12,0.7261794832486553,0.4887290425004928
intermediate,128,2,13,0.6845544195300202,0.512021303738342
intermediate,128,2,14,0.6578410815426812,0.5168066859108027
intermediate,128,2,15,0.6269977055428967,0.4706177202312409
intermediate,128,2,16,0.5998168630859415,0.4932718467627317
intermediate,128,2,17,0.5890797574142673,0.4894230195657361
intermediate,128,2,18,0.5602334972015564,0.5179596806822072
intermediate,128,2,19,0.5433320550596624,0.5260059648392518
intermediate,128,2,20,0.5243106663949917,0.5312844861011692
intermediate,128,2,21,0.48785519552051104,0.5165918265589825
intermediate,128,2,22,0.46155250392871305,0.5110860860617472
intermediate,128,2,23,0.44342405935343426,0.49447249800296705
intermediate,128,2,24,0.43326922628927217,0.510849384161713
intermediate,128,2,25,0.4363625391277475,0.505629339332213
intermediate,128,2,26,0.415250585132722,0.526729848770139
intermediate,128,2,27,0.3790442711679477,0.5306923058468976
intermediate,128,2,28,0.3639447017209876,0.534897138212837
intermediate,128,2,29,0.34163784781505696,0.5221699027678358
intermediate,128,2,30,0.3454659176591731,0.5109365922577366
intermediate,128,2,31,0.33606851950742034,0.5207034127218781
intermediate,128,2,32,0.3168742102615093,0.5174763079269241
intermediate,128,2,33,0.31056278725211167,0.5294016908644817
intermediate,128,2,34,0.2821817383223852,0.5213165845159918
intermediate,128,2,35,0.2761076674847007,0.5252077595105454
intermediate,128,2,36,0.26629824426497684,0.53587134017771
intermediate,128,2,37,0.2719059114532758,0.5155830169203157
intermediate,128,2,38,0.27226252408935686,0.5232766999419045
intermediate,128,2,39,0.25263014141749807,0.5168844923905263
intermediate,128,2,40,0.2327092127872662,0.5248932511307874
intermediate,128,2,41,0.2353454729800379,0.5199166757440893
intermediate,128,2,42,0.2281738743943021,0.5161912447610304
intermediate,128,2,43,0.2279892431755841,0.5050113451573247
intermediate,128,2,44,0.2244298967869506,0.5017377996197857
intermediate,128,2,45,0.19870889269887562,0.5442438036864711
intermediate,128,2,46,0.20642307911084073,0.4993411168990487
intermediate,128,2,47,0.17248162565681435,0.5056762663652963
intermediate,128,2,48,0.2126914420427943,0.5259482988909983
intermediate,128,2,49,0.20388041073789132,0.5070360156468832
intermediate,128,2,50,0.1854253562893175,0.5187018005067795
intermediate,256,2,1,1.0544333534919017,0.45451388618727506
intermediate,256,2,2,0.9922737247902461,0.46538989475376846
intermediate,256,2,3,0.9542101291076975,0.4809252552052535
intermediate,256,2,4,0.9204123501541653,0.4612767686709616
intermediate,256,2,5,0.8889768119719489,0.5051255829002107
intermediate,256,2,6,0.8440734889029832,0.493571888000166
intermediate,256,2,7,0.8176330736096825,0.46690902574616416
intermediate,256,2,8,0.7828316867097562,0.501179416555144
intermediate,256,2,9,0.7652829723333148,0.4788081895210232
intermediate,256,2,10,0.7218663485977775,0.4920946185148299
intermediate,256,2,11,0.6747145109862743,0.5198909833960972
intermediate,256,2,12,0.6503734981298681,0.501558155804882
intermediate,256,2,13,0.6031246782716709,0.5019659103876838
intermediate,256,2,14,0.5799013938680315,0.5109556386355856
intermediate,256,2,15,0.5447385715328643,0.5208479220482816
intermediate,256,2,16,0.5150407638677962,0.5009271938833733
intermediate,256,2,17,0.5143371173023435,0.5112860730291618
intermediate,256,2,18,0.48459747237324596,0.5261535945296858
intermediate,256,2,19,0.4455387466698543,0.5255053692954883
intermediate,256,2,20,0.4214671942707907,0.5362621961656967
intermediate,256,2,21,0.40711360173473904,0.5189485929346529
intermediate,256,2,22,0.36386405799436555,0.5053265424486217
intermediate,256,2,23,0.35432859514823156,0.5185279921778553
intermediate,256,2,24,0.3392117390453679,0.5132832275813596
intermediate,256,2,25,0.32477054470720856,0.5300813223600261
intermediate,256,2,26,0.29422443859970243,0.5161183822347059
intermediate,256,2,27,0.26857151917964267,0.5124636254707292
intermediate,256,2,28,0.27159957225812686,0.5160563801961761
intermediate,256,2,29,0.2601920470512331,0.4995061314747959
intermediate,256,2,30,0.257377051830448,0.5299734874420342
intermediate,256,2,31,0.2508557331792568,0.5327421823939497
intermediate,256,2,32,0.22761808242496215,0.5113621774921415
intermediate,256,2,33,0.22174280954165287,0.5154034136296204
intermediate,256,2,34,0.19927388814502917,0.5362521866862738
intermediate,256,2,35,0.19720712124383163,0.5169165875634123
intermediate,256,2,36,0.21631420935833504,0.5206573366971669
intermediate,256,2,37,0.18246611211142436,0.5118209115288455
intermediate,256,2,38,0.17538351645941658,0.49608795503822894
intermediate,256,2,39,0.17423986314613676,0.518768868071333
intermediate,256,2,40,0.17571920015818954,0.5273274592683078
intermediate,256,2,41,0.1902754518955272,0.5065000424693702
intermediate,256,2,42,0.17685279377251717,0.5062834000523897
intermediate,256,2,43,0.16051910300893263,0.5239049467414646
intermediate,256,2,44,0.14664986797998242,0.5363902931877834
intermediate,256,2,45,0.1649700834277574,0.514296859600801
intermediate,256,2,46,0.1364092732874615,0.5284903419465107
intermediate,256,2,47,0.12655681332128238,0.5207650500425341
intermediate,256,2,48,0.12426457210999167,0.5193348696871142
intermediate,256,2,49,0.10769352456051105,0.5091245928127561
intermediate,256,2,50,0.12242784577485032,0.5271782491337546
intermediate,512,2,1,1.0495237433218791,0.463061373751206
intermediate,512,2,2,0.9871413306461636,0.4514577935508803
intermediate,512,2,3,0.9437390536958763,0.45956510716545806
intermediate,512,2,4,0.9118247154852243,0.4713018499138942
intermediate,512,2,5,0.864303430273118,0.46184791686118287
intermediate,512,2,6,0.8314994313762993,0.49248413720394635
intermediate,512,2,7,0.7948726288649497,0.5039781804695361
intermediate,512,2,8,0.7530806575084037,0.5090055326890958
intermediate,512,2,9,0.7005049136965754,0.5192827555553826
intermediate,512,2,10,0.6526215462284533,0.5048569479241231
intermediate,512,2,11,0.652579021606239,0.5208317528892139
intermediate,512,2,12,0.5814073325102151,0.5219227456220888
intermediate,512,2,13,0.5508078769635701,0.528475874804187
intermediate,512,2,14,0.527167832976441,0.5426688708593985
intermediate,512,2,15,0.48517969323939397,0.525917419444358
intermediate,512,2,16,0.448855214922282,0.5186347329422262
intermediate,512,2,17,0.4148578048338463,0.5370594289134066
intermediate,512,2,18,0.3798988441665303,0.5143026950867802
intermediate,512,2,19,0.366661074141212,0.5064082551378212
intermediate,512,2,20,0.35779077099878565,0.5170535999113005
intermediate,512,2,21,0.3554409636078956,0.5337294331538597
intermediate,512,2,22,0.30255678931012464,0.5275595414086086
intermediate,512,2,23,0.276435078118364,0.53668871345689
intermediate,512,2,24,0.2749536672661399,0.5490973881013144
intermediate,512,2,25,0.27665621172655064,0.5371783674644425
intermediate,512,2,26,0.22559040354064783,0.5321190011204133
intermediate,512,2,27,0.19462852015412468,0.5351353800327825
intermediate,512,2,28,0.19696680811224357,0.534383372301412
intermediate,512,2,29,0.20985661493446428,0.5288559513527953
intermediate,512,2,30,0.19857355333945276,0.5340745373108006
intermediate,512,2,31,0.2082197834715926,0.540384845437428
intermediate,512,2,32,0.18633617619946916,0.5362573737849221
intermediate,512,2,33,0.18611347985459092,0.5467602759666158
intermediate,512,2,34,0.1386042948151682,0.5255065444975258
intermediate,512,2,35,0.15128937950684415,0.5156803560683867
intermediate,512,2,36,0.15081932601069903,0.5286969748840683
intermediate,512,2,37,0.13737680136629965,0.5443368067442657
intermediate,512,2,38,0.12799970920663784,0.5351505766108535
intermediate,512,2,39,0.12464551706268763,0.5404616793361551
intermediate,512,2,40,0.1577185932552959,0.5260198241184526
intermediate,512,2,41,0.14325348909923538,0.5085836756818441
intermediate,512,2,42,0.10646443509520252,0.5273688344848693
intermediate,512,2,43,0.12500820946411123,0.5333132495357548
intermediate,512,2,44,0.10743645236863147,0.5435288350813856
intermediate,512,2,45,0.10098032992283112,0.5503324849185107
intermediate,512,2,46,0.10660661192643217,0.5170399837773489
intermediate,512,2,47,0.08921093554994546,0.5242191714517652
intermediate,512,2,48,0.08083530832039298,0.5370081657900471
intermediate,512,2,49,0.08983168846484052,0.5371110567546399
intermediate,512,2,50,0.08668065371931391,0.5221196122254729
late,128,2,1,1.0621869790675171,0.43314089197348354
late,128,2,2,1.0102414783396825,0.4652304319945431
late,128,2,3,0.9785140657846907,0.47708283083315184
late,128,2,4,0.9462025536157701,0.4540462773489777
late,128,2,5,0.9238527895817402,0.48275415324504894
late,128,2,6,0.8986765403741307,0.4678534829422261
late,128,2,7,0.8705925920563656,0.4831441177004554
late,128,2,8,0.8464036079869041,0.48001641878819007
late,128,2,9,0.819367078006248,0.49241840693826316
late,128,2,10,0.7994841055298039,0.4774644878258795
late,128,2,11,0.7733888467465491,0.4671711768489413
late,128,2,12,0.7487024105755629,0.49669719598414824
late,128,2,13,0.7239852940711925,0.490807610186943
late,128,2,14,0.6932634287918251,0.4919450436624029
late,128,2,15,0.6710191676164212,0.5189485118862366
late,128,2,16,0.6522409113185674,0.5056408076831306
late,128,2,17,0.6156165001432218,0.5240083239965557
late,128,2,18,0.5909387618156778,0.4940823714507277
late,128,2,19,0.5715491928182169,0.49417452350015045
late,128,2,20,0.5350962577785128,0.5008290037269304
late,128,2,21,0.5323564079463462,0.5179769034706877
late,128,2,22,0.5024599968039063,0.5356749598648242
late,128,2,23,0.47925645127643407,0.5272904201420228
late,128,2,24,0.4429312073785881,0.504914249154503
late,128,2,25,0.4332616662283641,0.5327357795690558
late,128,2,26,0.40989674278573107,0.5175843859901653
late,128,2,27,0.40178735834072943,0.5185837129641157
late,128,2,28,0.4004309982286051,0.5141936039183342
late,128,2,29,0.3559342622659277,0.5019352740862926
late,128,2,30,0.34933258108098714,0.5244609388778231
late,128,2,31,0.3337822549951073,0.5007210067121056
late,128,2,32,0.3051474354465216,0.5219590553126264
late,128,2,33,0.31936365340585127,0.5215164499107819
late,128,2,34,0.2933194407651714,0.5182543727241605
late,128,2,35,0.29275750367612535,0.5164886114007241
late,128,2,36,0.2656343518241981,0.5074467690210908
late,128,2,37,0.2773443455775813,0.5087493386449223
late,128,2,38,0.25471711721392154,0.5209620382185428
late,128,2,39,0.24986779259017786,0.5047647553504923
late,128,2,40,0.23521024261252366,0.5035147051004741
late,128,2,41,0.23879899251113287,0.5132471205118628
late,128,2,42,0.2575660540076093,0.5101539482249748
late,128,2,43,0.21328934531393928,0.5110133045838391
late,128,2,44,0.20471767620624615,0.5161917310515287
late,128,2,45,0.20096834111862283,0.5135602915927505
late,128,2,46,0.1897683842080181,0.5110958118717127
late,128,2,47,0.2043758250580034,0.5160615672948242
late,128,2,48,0.18962155426576152,0.5149905935207951
late,128,2,49,0.1683223940522426,0.5114148994869959
late,128,2,50,0.18268378164896376,0.5076626820023238
late,256,2,1,1.0569512832364032,0.44573950358169157
late,256,2,2,0.9990679682649108,0.46982401308964344
late,256,2,3,0.9592715452749664,0.4861759363361447
late,256,2,4,0.9310222129593596,0.45520048784662787
late,256,2,5,0.8935017090904951,0.4684513365856442
late,256,2,6,0.8719500036796012,0.5115371204988951
late,256,2,7,0.8440950258135288,0.4711392667906383
late,256,2,8,0.8062101843434449,0.49395123511302685
late,256,2,9,0.7590940295770808,0.5047100476694365
late,256,2,10,0.7376060188500383,0.5032987515950328
late,256,2,11,0.7077153562835223,0.5196526200035273
late,256,2,12,0.6627812114202636,0.5135491879597066
late,256,2,13,0.6302692558444238,0.5173942869295488
late,256,2,14,0.5997916669464236,0.508438801637567
late,256,2,15,0.5663271869490945,0.5167816014259334
late,256,2,16,0.5270268568950417,0.5115282862215099
late,256,2,17,0.5037998422682383,0.5188613848386293
late,256,2,18,0.46607579660587567,0.5243484031516811
late,256,2,19,0.46548548918089216,0.5123098361006505
late,256,2,20,0.4346888538697867,0.5337815472855912
late,256,2,21,0.3871427553182975,0.5003804817906902
late,256,2,22,0.36647770979958494,0.4918076665966408
late,256,2,23,0.34564846467870214,0.48977343239394977
late,256,2,24,0.34636357328474465,0.5066691499901445
late,256,2,25,0.2991498585061455,0.5168637439959333
late,256,2,26,0.3099496776707561,0.5277196525551648
late,256,2,27,0.2832950463806047,0.5156043731780316
late,256,2,28,0.25623046171856645,0.503026591012833
late,256,2,29,0.2807462573618,0.5316447057877647
late,256,2,30,0.26725940470791615,0.5218670248358284
late,256,2,31,0.2249987776437301,0.5310896862324027
late,256,2,32,0.17727126208476182,0.5239459572401522
late,256,2,33,0.20264941974570813,0.5100816935617732
late,256,2,34,0.16616266731432874,0.5119650561373751
late,256,2,35,0.19333530140485736,0.49910360451485064
late,256,2,36,0.1779188854221202,0.5202347502541679
late,256,2,37,0.1815619686272292,0.5403587883715623
late,256,2,38,0.18371860318127636,0.5076017741174151
late,256,2,39,0.16822191839411937,0.5241729738544293
late,256,2,40,0.15033751241655202,0.5009832793875074
late,256,2,41,0.15766751061195783,0.5112442925705186
late,256,2,42,0.14746995443635125,0.4972310619028353
late,256,2,43,0.13422599433997895,0.5169724299222973
late,256,2,44,0.14624364973970494,0.5175755922369881
late,256,2,45,0.1419153422415159,0.5116915987805131
late,256,2,46,0.13821723946330197,0.5038947816490824
late,256,2,47,0.13553618764982814,0.5133243596526719
late,256,2,48,0.1303131289802118,0.5277805604400734
late,256,2,49,0.12523954571201856,0.5122070667086822
late,256,2,50,0.12711163094222683,0.5214859351820152
late,512,2,1,1.0463113708599245,0.4609776189661075
late,512,2,2,0.986946392942358,0.48286138029991804
late,512,2,3,0.9506593341321017,0.4731706642987561
late,512,2,4,0.901155601365181,0.47769377379581507
late,512,2,5,0.8764231112776174,0.46348708055823556
late,512,2,6,0.8358433042460292,0.48941292903789696
late,512,2,7,0.795452590693571,0.488585505755086
late,512,2,8,0.7609507094559533,0.5070363803647567
late,512,2,9,0.7279644671403865,0.5242447422271327
late,512,2,10,0.7018935981440724,0.5064838733103026
late,512,2,11,0.6369703811178516,0.5169881127908665
late,512,2,12,0.5916246313495505,0.5117678248161174
late,512,2,13,0.5644814970258102,0.4994228947511748
late,512,2,14,0.5404062854661507,0.5065250053816149
late,512,2,15,0.48579762430122275,0.5183307608565975
late,512,2,16,0.4618946223210523,0.5307854304773169
late,512,2,17,0.4134189438151751,0.531603695289077
late,512,2,18,0.4320418069847917,0.5222215306090691
late,512,2,19,0.38082960255807907,0.5090581736355337
late,512,2,20,0.3407023543023704,0.5260359932775202
late,512,2,21,0.30076927545421517,0.5284594624998703
late,512,2,22,0.3368242288839227,0.5164483303377838
late,512,2,23,0.2929104262006279,0.5068840093419646
late,512,2,24,0.26685617938857514,0.5214659162231697
late,512,2,25,0.24745912091413977,0.5003281245137096
late,512,2,26,0.25905186335441127,0.525932616022429
late,512,2,27,0.23571197636320487,0.510015112287718
late,512,2,28,0.22615327386436443,0.5176525477083398
late,512,2,29,0.2029321168102776,0.5188459451153092
late,512,2,30,0.21576798238624553,0.5201328318705715
late,512,2,31,0.1962942167046968,0.5252891726447979
late,512,2,32,0.17796541435411428,0.5346663528471984
late,512,2,33,0.1851616221465114,0.504487812911726
late,512,2,34,0.17198655986074773,0.5193655059885054
late,512,2,35,0.16535102428764017,0.5103128031210772
late,512,2,36,0.15334249214583326,0.525340557340782
late,512,2,37,0.1496985152544486,0.5413980316905792
late,512,2,38,0.1428766776912918,0.5313531746340502
late,512,2,39,0.14956911306758663,0.5259285230774019
late,512,2,40,0.12721878854281313,0.5187484843946137
late,512,2,41,0.11906358130552151,0.5258507165976782
late,512,2,42,0.13143076021645508,0.5189183213511354
late,512,2,43,0.11642668505880881,0.5233284493557624
late,512,2,44,0.13017451504055533,0.5219653365648957
late,512,2,45,0.13224223465147428,0.5084500268432355
late,512,2,46,0.12627994110890195,0.5135970875737864
late,512,2,47,0.10290237889914816,0.5102773444389116
late,512,2,48,0.10744641576681478,0.5209153543307087
late,512,2,49,0.08744256658969805,0.5235653538768376
late,512,2,50,0.09460914447801069,0.5156035221696595
learned,128,2,1,1.0674298546111844,0.4370624601241791
learned,128,2,2,1.0079983493532363,0.4560061496296412
learned,128,2,3,0.9694490856868015,0.4587168544396378
learned,128,2,4,0.9436040223914652,0.4717760641981264
learned,128,2,5,0.9177865737659038,0.46726385571307044
learned,128,2,6,0.8830357778466986,0.46537814273339356
learned,128,2,7,0.8589247298295363,0.4920837985512434
learned,128,2,8,0.8397209167832118,0.4959233051803554
learned,128,2,9,0.8014982871757652,0.5019084875846794
learned,128,2,10,0.7797458551430929,0.5266739253628375
learned,128,2,11,0.7391615378118195,0.5148205134190241
learned,128,2,12,0.7086352980437727,0.5143376269542395
learned,128,2,13,0.6695131731791326,0.5237296795410455
learned,128,2,14,0.6528122206665734,0.517898651224674
learned,128,2,15,0.6156029889951647,0.4850641546844688
learned,128,2,16,0.5969788460643984,0.5044140993770294
learned,128,2,17,0.566798150519862,0.5156196913287272
learned,128,2,18,0.5618402767732315,0.5129982613493719
learned,128,2,19,0.5296097371625884,0.5205028178913407
learned,128,2,20,0.5175885897470435,0.5321181501120414
learned,128,2,21,0.4743126692907883,0.49228025991254554
learned,128,2,22,0.4617481238234047,0.4968613595515235
learned,128,2,23,0.43348579741196336,0.501903908349154
learned,128,2,24,0.4158513789409811,0.4996816823446723
learned,128,2,25,0.3902367731267528,0.5062682034743187
learned,128,2,26,0.4244221687043389,0.4964235765304535
learned,128,2,27,0.3795541071893738,0.5110022009507952
learned,128,2,28,0.34963536034916626,0.5093861360524105
learned,128,2,29,0.3110420253580807,0.498553772058137
learned,128,2,30,0.3049038567921249,0.4947810493241211
learned,128,2,31,0.3294069932469068,0.5043536777826191
learned,128,2,32,0.31439490280789023,0.503791769111865
learned,128,2,33,0.3102352262148893,0.5049096699189776
learned,128,2,34,0.28319565151332443,0.5167513298424159
learned,128,2,35,0.2851135258262801,0.4979048984366085
learned,128,2,36,0.2674805620915379,0.5181924922582554
learned,128,2,37,0.23310087266143367,0.49726169820422644
learned,128,2,38,0.23801095602513142,0.5013120928127561
learned,128,2,39,0.23715592543245026,0.5156340368984262
learned,128,2,40,0.223699903759711,0.4981673737330512
learned,128,2,41,0.21747934864666063,0.49251092370555954
learned,128,2,42,0.20838330064355956,0.49671125788438997
learned,128,2,43,0.23495346041086734,0.5059025535438257
learned,128,2,44,0.22813773543980817,0.49655588807019185
learned,128,2,45,0.20392695289094187,0.49844026375099854
learned,128,2,46,0.18695664409974175,0.5084090163445478
learned,128,2,47,0.1795459306951196,0.4952188323451911
learned,128,2,48,0.17546478977108815,0.5076005583911695
learned,128,2,49,0.1767890263740761,0.4934842746620605
learned,128,2,50,0.1909400979072217,0.5031897009507952
learned,256,2,1,1.0560263055381287,0.4616922228533193
learned,256,2,2,0.9927848405972421,0.4628739087641219
learned,256,2,3,0.9659198362957803,0.4672584659933812
learned,256,2,4,0.923551714017875,0.4638506637541108
learned,256,2,5,0.8981117103499141,0.4892390801847644
learned,256,2,6,0.8584756852368455,0.48934197114935724
learned,256,2,7,0.8393940143958736,0.475848058209621
learned,256,2,8,0.8005362892494714,0.4855343975962985
learned,256,2,9,0.7802031650499452,0.47221538713910766
learned,256,2,10,0.7473023951307589,0.49532123701928565
learned,256,2,11,0.6812494519654746,0.5091497988702499
learned,256,2,12,0.6653838064857328,0.49632919564958033
learned,256,2,13,0.6319597385938501,0.49531629306588654
learned,256,2,14,0.582446804713984,0.5227517088248109
learned,256,2,15,0.5603856787119721,0.5059802384509249
learned,256,2,16,0.5374637499905852,0.4752341164555518
learned,256,2,17,0.5001004394333076,0.5257373298631643
learned,256,2,18,0.49929132896421463,0.5207299560782421
learned,256,2,19,0.44701043840940957,0.5218050227972986
learned,256,2,20,0.4247590756072485,0.5178785106932039
learned,256,2,21,0.40458623953078154,0.5281045514845476
learned,256,2,22,0.38255039402517244,0.5027124878751569
learned,256,2,23,0.37546669462984483,0.519370571514529
learned,256,2,24,0.32607723760315727,0.5180331510716546
learned,256,2,25,0.33359191776962993,0.5246150929657755
learned,256,2,26,0.3061471328320014,0.5253354918147584
learned,256,2,27,0.29911152002108915,0.527322150597035
learned,256,2,28,0.28045570633521594,0.5190466615184713
learned,256,2,29,0.24879945904963996,0.5084201199775918
learned,256,2,30,0.2528726946365947,0.5281917595805712
learned,256,2,31,0.2457605962361011,0.5110073880494435
learned,256,2,32,0.23218920211036337,0.5219789526988474
learned,256,2,33,0.21382597595775607,0.5209247559470086
learned,256,2,34,0.2037082361182554,0.5282435089944291
learned,256,2,35,0.20702352645611302,0.5053832358158787
learned,256,2,36,0.2096774800952557,0.5133915487898499
learned,256,2,37,0.20317712829606097,0.5324946605303289
learned,256,2,38,0.1652558108883895,0.525280014173747
learned,256,2,39,0.16781607932026213,0.5207710881495545
learned,256,2,40,0.14848742268977108,0.5199930233523181
learned,256,2,41,0.13951994154891667,0.5326333748949613
learned,256,2,42,0.14462077389439182,0.5318607403416223
learned,256,2,43,0.13454703542198443,0.5211772622882367
learned,256,2,44,0.15305925720111538,0.5200964006074092
learned,256,2,45,0.15141231545422046,0.5101537050797257
learned,256,2,46,0.15266036959465742,0.5318045332648637
learned,256,2,47,0.13669676425485525,0.5246667208070087
learned,256,2,48,0.12389928000172956,0.5163918395915679
learned,256,2,49,0.15756043659902252,0.5115841285803948
learned,256,2,50,0.12842559687468466,0.5083267522019234
learned,512,2,1,1.0521094726367453,0.45778005631892354
learned,512,2,2,0.982263360911219,0.4410151913909724
learned,512,2,3,0.9531628760460047,0.4508310056228149
learned,512,2,4,0.9176132450803933,0.4836905866478894
learned,512,2,5,0.8710847669294802,0.49365812351519295
learned,512,2,6,0.8379971357846956,0.4768173972695113
learned,512,2,7,0.7925196247232112,0.4752467194842987
learned,512,2,8,0.7647344642332522,0.5140601577007666
learned,512,2,9,0.7074140496661881,0.5108223545148506
learned,512,2,10,0.683180993734833,0.49453279802475286
learned,512,2,11,0.6428489226937021,0.5224897198188665
learned,512,2,12,0.5910651760584251,0.5157415476227527
learned,512,2,13,0.5516233587022767,0.5226696878274356
learned,512,2,14,0.5421623331685411,0.5272453166983079
learned,512,2,15,0.5123293719812129,0.5039940659591464
learned,512,2,16,0.4606000926603219,0.519690226468727
learned,512,2,17,0.4374848414018325,0.5294523461247186
learned,512,2,18,0.4075473257652153,0.5219495321237019
learned,512,2,19,0.38633560620538915,0.5145492443694044
learned,512,2,20,0.3618979021022844,0.5375943079372983
learned,512,2,21,0.38277116365137354,0.5248623716841472
learned,512,2,22,0.33577198153517357,0.5146166361276233
learned,512,2,23,0.2972705908600755,0.5270032250785844
learned,512,2,24,0.29352410250474337,0.5277546249468322
learned,512,2,25,0.25940465294154347,0.5293503061684977
learned,512,2,26,0.235251385514676,0.5299470656582946
learned,512,2,27,0.23048252475843864,0.5339612721489112
learned,512,2,28,0.23644747506669606,0.5155376703313519
learned,512,2,29,0.21872613421036588,0.5312337092683078
learned,512,2,30,0.20536429151497057,0.5337241244825869
learned,512,2,31,0.18613284524934326,0.5040033460028218
learned,512,2,32,0.1788684080728192,0.5378515961350928
learned,512,2,33,0.19294573304614876,0.5331171123681181
learned,512,2,34,0.19047243478492767,0.5279200042404532
learned,512,2,35,0.17572410387588072,0.5123159957802953
learned,512,2,36,0.15053098899581244,0.5109973785700207
learned,512,2,37,0.1520146294837309,0.5081206055548639
learned,512,2,38,0.16472881031657624,0.5372342098233275
learned,512,2,39,0.15258487583828223,0.5353510498687664
learned,512,2,40,0.14601141683237157,0.5422929683042337
learned,512,2,41,0.14493478259046677,0.5182898314063262
learned,512,2,42,0.1386706351901773,0.5246720294782815
learned,512,2,43,0.11719954350333806,0.510174939764817
learned,512,2,44,0.1217214088460845,0.5119455234690279
learned,512,2,45,0.14733073839649768,0.5131846321828348
learned,512,2,46,0.11229131762970083,0.509674911559968
learned,512,2,47,0.10665329700315714,0.5044825042404532
learned,512,2,48,0.09359946735117795,0.5271983896652247
learned,512,2,49,0.12200019383019735,0.526746747364954
learned,512,2,50,0.11111427677025447,0.5317794487799944
text,128,3,1,1.0698804605693717,0.416199018662961
text,128,3,2,1.0496228833473165,0.4242568793154078
text,128,3,3,1.0335249042635812,0.43096538326732725
text,128,3,4,1.0171784031453557,0.4333541855881948
text,128,3,5,1.0028744449166103,0.4433417781818701
text,128,3,6,0.9967307045821744,0.4490536332744736
text,128,3,7,0.9821249212270008,0.44882249422121917
text,128,3,8,0.9689490732722258,0.4570735798134418
text,128,3,9,0.9617825197299738,0.4542971297909634
text,128,3,10,0.9446873702303902,0.4522842304249077
text,128,3,11,0.9366063410074923,0.45173683589496716
text,128,3,12,0.9344122060306409,0.45117491523480235
text,128,3,13,0.9156102210439313,0.4680266372887611
text,128,3,14,0.9062256032883809,0.458268194145598
text,128,3,15,0.9071501608918474,0.44313616898012803
text,128,3,16,0.891655491284675,0.45797774259835294
text,128,3,17,0.8880428728008769,0.4640335553405161
text,128,3,18,0.8827152810795769,0.4458875459476421
text,128,3,19,0.8658051306664631,0.4348337496069519
text,128,3,20,0.8632727642958077,0.43737386324656385
text,128,3,21,0.8517513197129933,0.4346047524219556
text,128,3,22,0.850990497941122,0.4463487277424359
text,128,3,23,0.8397775794823132,0.4372858131741911
text,128,3,24,0.8414115596816177,0.4445178973293522
text,128,3,25,0.833689659677875,0.44330646273319774
text,128,3,26,0.8383221092648531,0.4429562418954142
text,128,3,27,0.8202834481968305,0.4471862692885895
text,128,3,28,0.8240634758434995,0.45314730182257357
text,128,3,29,0.8130813702862925,0.4447935182153409
text,128,3,30,0.8138212624020601,0.4372184001547505
text,128,3,31,0.8104485504290196,0.4395785867096486
text,128,3,32,0.8000063534182403,0.456305897686019
text,128,3,33,0.7900450201558817,0.4563010048874389
text,128,3,34,0.7896573602841163,0.4544160593099766
text,128,3,35,0.7803842796705156,0.47201833869632787
text,128,3,36,0.7859504706572488,0.4536300342633955
text,128,3,37,0.7845493399035868,0.45900300722363846
text,128,3,38,0.7901937540288995,0.4536532699811337
text,128,3,39,0.7773038975855443,0.44571709992905645
text,128,3,40,0.7757365937632416,0.4616406520017515
text,128,3,41,0.764588187814383,0.44846786783450665
text,128,3,42,0.7629951472681854,0.4511102531456837
text,128,3,43,0.7783259284433894,0.45111070994223174
text,128,3,44,0.7660457966215324,0.45703337156618934
text,128,3,45,0.7542740315666998,0.46865642776491434
text,128,3,46,0.7604839514687424,0.45299565551969395
text,128,3,47,0.7551300088772599,0.4564709941094766
text,128,3,48,0.7498559374459751,0.45944951062269207
text,128,3,49,0.7470658914581019,0.44208616628401326
text,128,3,50,0.7458515738317479,0.46754221977622895
text,256,3,1,1.0743760869141024,0.4180269458802068
text,256,3,2,1.0435566964573886,0.42520751353579533
text,256,3,3,1.0266450471903017,0.44574721804811684
text,256,3,4,1.0139772314675815,0.4458817395559662
text,256,3,5,0.9968986311508099,0.4586042035352236
text,256,3,6,0.984282881489599,0.44165675722688685
text,256,3,7,0.973264255760852,0.44481840855168614
text,256,3,8,0.9627072302458798,0.44899477757703093
text,256,3,9,0.941501570309644,0.4460028109432373
text,256,3,10,0.9350049807763224,0.451141132592324
text,256,3,11,0.9235405073115963,0.43774026483317874
text,256,3,12,0.9058348183856585,0.45464136151845186
text,256,3,13,0.9011682715091406,0.45103381585666286
text,256,3,14,0.8878942066462252,0.4518883299323308
text,256,3,15,0.8799147830583662,0.44514723100895753
text,256,3,16,0.8610359723655341,0.4441381978876753
text,256,3,17,0.860569523579163,0.43738135470995004
text,256,3,18,0.8539551430971835,0.45822951870453954
text,256,3,19,0.8372842869209369,0.46186904012468394
text,256,3,20,0.8325839142524759,0.4419705967573861
text,256,3,21,0.8260148333005256,0.437381506975466
text,256,3,22,0.8217928743487253,0.44379867624014785
text,256,3,23,0.8187108760728886,0.4292909396901872
text,256,3,24,0.8071269992134333,0.4634867698726394
text,256,3,25,0.8021965903761499,0.435316025251226
text,256,3,26,0.7980451056470421,0.45557337874175247
text,256,3,27,0.7927944763168615,0.4398458025391554
text,256,3,28,0.7863611775543053,0.47213696368430896
text,256,3,29,0.7878500844171534,0.44961325980086436
text,256,3,30,0.7742600025930954,0.4483801222931658
text,256,3,31,0.7675474201821532,0.43857245678420426
text,256,3,32,0.7714052453091007,0.4531239138393193
text,256,3,33,0.76462522601582,0.45902104561176466
text,256,3,34,0.7573196435473977,0.4451317912856374
text,256,3,35,0.749063147300201,0.44241710015643965
text,256,3,36,0.7493654960737178,0.44379103251124574
text,256,3,37,0.7468335400701194,0.45053793782629487
text,256,3,38,0.7456249775686813,0.4470989805437966
text,256,3,39,0.7334734628961973,0.4411587373282608
text,256,3,40,0.7455603655096124,0.4406734062226329
text,256,3,41,0.7279578113431082,0.4380950739385104
text,256,3,42,0.7314193620107561,0.4372751139839351
text,256,3,43,0.7301518096349626,0.45044835494772784
text,256,3,44,0.7299241161471262,0.45175792974444723
text,256,3,45,0.7201313988076454,0.4354007153312129
text,256,3,46,0.7334411484408753,0.44709393547970055
text,256,3,47,0.7242548762191653,0.44986274177327684
text,256,3,48,0.7160195595931008,0.45314730182257357
text,256,3,49,0.7228302010066846,0.4379047521945725
text,256,3,50,0.71253086415885,0.43666198135522966
text,512,3,1,1.0760572755524,0.42628579701374436
text,512,3,2,1.0378362052727743,0.4436062126279518
text,512,3,3,1.023985226741012,0.42284014004854303
text,512,3,4,1.005614776261814,0.43661734725697937
text,512,3,5,0.9888214612506447,0.4418614223824299
text,512,3,6,0.972955455330654,0.4621745964111139
text,512,3,7,0.9678234295695239,0.45661988948203414
text,512,3,8,0.9469510987791091,0.4441581954254404
text,512,3,9,0.9228508207186354,0.4441518002737694
text,512,3,10,0.909876185561974,0.46193140808002847
text,512,3,11,0.901120230789584,0.45965572888649814
text,512,3,12,0.8844496607780457,0.4429960136481876
text,512,3,13,0.8781231732268608,0.44721225593664976
text,512,3,14,0.8657932016237868,0.45529747362680056
text,512,3,15,0.8495451477185594,0.4494413114291877
text,512,3,16,0.8488189163008285,0.45318032313747203
text,512,3,17,0.8389892543797718,0.46180483483211326
text,512,3,18,0.8204223363811433,0.4285663690058548
text,512,3,19,0.8098669176950505,0.4485088374093391
text,512,3,20,0.8049502762824453,0.4472610215059003
text,512,3,21,0.7946420680165915,0.4509226823320678
text,512,3,22,0.7981879224327846,0.4421223953257816
text,512,3,23,0.7767332420923323,0.44698524835439546
text,512,3,24,0.7850651032637551,0.44822177630758314
text,512,3,25,0.7687789966298647,0.4505090479823966
text,512,3,26,0.7606826075084546,0.44702407606096983
text,512,3,27,0.7587081203285936,0.4497468677156177
text,512,3,28,0.7420405555145902,0.44650052631083154
text,512,3,29,0.7474422732572905,0.4285660644748228
text,512,3,30,0.7491282077984036,0.440495773271693
text,512,3,31,0.7472274887000079,0.4476379700172551
text,512,3,32,0.7442895564109243,0.43086803484744535
text,512,3,33,0.7315379484161657,0.431812710410641
text,512,3,34,0.7271472768009645,0.4450182113617523
text,512,3,35,0.7234335161004392,0.44922026250412533
text,512,3,36,0.7234779998894137,0.4485371181911734
text,512,3,37,0.7093221195705274,0.45419745678420426
text,512,3,38,0.7145453938014844,0.4443890299476629
text,512,3,39,0.7131111880871638,0.4393840116822976
text,512,3,40,0.7097764227402772,0.44694213691130497
text,512,3,41,0.7010746080213817,0.4380175707908777
text,512,3,42,0.7028869808656383,0.4610753713492008
text,512,3,43,0.6996308468399247,0.4485319208615614
text,512,3,44,0.7036718545159745,0.4439938907826659
text,512,3,45,0.6990989699413639,0.43661780405352735
text,512,3,46,0.6999817166028847,0.45703795983373746
text,512,3,47,0.6887745357932845,0.4470705474964463
text,512,3,48,0.6896302899765094,0.44334162591635423
text,512,3,49,0.6883040660338876,0.43943537591635423
text,512,3,50,0.6861235798965574,0.4491560572115547
image,128,3,1,1.0704007379671665,0.43660294293916785
image,128,3,2,1.0340373129120672,0.43995280459275027
image,128,3,3,1.009266171467866,0.47823876061229736
image,128,3,4,0.9790790439900303,0.4672944228755265
image,128,3,5,0.9493537944648902,0.46953279701764233
image,128,3,6,0.9327813305779902,0.47212537120302595
image,128,3,7,0.9207786802221968,0.475572043271667
image,128,3,8,0.8901080526606575,0.478463636477328
image,128,3,9,0.8641555493414714,0.5070665106330868
image,128,3,10,0.8557343701417534,0.4831384821978468
image,128,3,11,0.8111520085035194,0.48306357771502
image,128,3,12,0.7911037512474659,0.4967661748206272
image,128,3,13,0.7572566373810095,0.5075136535473074
image,128,3,14,0.742952207308165,0.5112042042173731
image,128,3,15,0.7087989948806962,0.48057008777640053
image,128,3,16,0.696019080296861,0.4803412428569201
image,128,3,17,0.6686252758140964,0.5008792622975315
image,128,3,18,0.6226874437007605,0.4960076692283005
image,128,3,19,0.6242591214429646,0.4953633526219228
image,128,3,20,0.5642536632053515,0.4935624880623835
image,128,3,21,0.5352576562247351,0.498788859783843
image,128,3,22,0.536579546972095,0.5076210920953814
image,128,3,23,0.5120185243833751,0.4824098104956174
image,128,3,24,0.5050488320320689,0.5014728237319165
image,128,3,25,0.4737831304210643,0.5111034653520021
image,128,3,26,0.45504246082605493,0.5002069694403516
image,128,3,27,0.45733966190777525,0.4951238085121865
image,128,3,28,0.4609786343824177,0.4876430341652959
image,128,3,29,0.4074764231424681,0.4976694544655456
image,128,3,30,0.39898195238637674,0.48661106985730734
image,128,3,31,0.3720091419070179,0.5068280628350653
image,128,3,32,0.37246188872459673,0.4909841557782611
image,128,3,33,0.3642289337375401,0.49361706002331
image,128,3,34,0.3441219194085186,0.47925821884590697
image,128,3,35,0.3453473369176475,0.49775870235997743
image,128,3,36,0.2998517982622716,0.4961256851542178
image,128,3,37,0.30882639613451135,0.4780201885396284
image,128,3,38,0.326317722416673,0.4686665178931065
image,128,3,39,0.28909789876163944,0.4923531953344871
image,128,3,40,0.2961111372990134,0.48065018958883926
image,128,3,41,0.2852729530858744,0.4889576540261114
image,128,3,42,0.2772277776951565,0.4911928204413572
image,128,3,43,0.27446124129270383,0.49368172211242856
image,128,3,44,0.23496424480882613,0.49815493783668946
image,128,3,45,0.22936469254069303,0.5075498825890757
image,128,3,46,0.23602314207566347,0.5027340897559335
image,128,3,47,0.22563346689908292,0.50259803544189
image,128,3,48,0.24891656059869297,0.4768622600457885
image,128,3,49,0.2702035894568678,0.4830742769052761
image,128,3,50,0.21265271867757068,0.49158505641051625
image,256,3,1,1.0718478625981596,0.4285432551005293
image,256,3,2,1.0254356037259726,0.462580739297399
image,256,3,3,0.9962859419003831,0.4749947133412853
image,256,3,4,0.9735537626980487,0.4623542392668647
image,256,3,5,0.9555488091488783,0.466845016280635
image,256,3,6,0.9214691485409962,0.45970985420191096
image,256,3,7,0.899690932628372,0.468328346333154
image,256,3,8,0.8802447790250728,0.4891404843066633
image,256,3,9,0.8556349598924528,0.4602248364790171
image,256,3,10,0.8069629981255656,0.48553887699999737
image,256,3,11,0.7788647868870441,0.5084992986853355
image,256,3,12,0.7445010486697652,0.49828731747628074
image,256,3,13,0.7247660100772119,0.5032376115152034
image,256,3,14,0.6953297959572358,0.46152129613929366
image,256,3,15,0.681202707802438,0.49875094567036465
image,256,3,16,0.6194869376601974,0.5007481007820681
image,256,3,17,0.5932774486029959,0.515208289886906
image,256,3,18,0.567154234304478,0.5257891393839346
image,256,3,19,0.5567135667301597,0.5217876523792077
image,256,3,20,0.5336540906217085,0.5011012248156897
image,256,3,21,0.4977847813623738,0.5080859688666963
image,256,3,22,0.4785964924315507,0.5088881949641774
image,256,3,23,0.4672624262839712,0.5009774024980964
image,256,3,24,0.4339623961461152,0.5165742739817781
image,256,3,25,0.4178817991498877,0.5004257242316398
image,256,3,26,0.40051643745437343,0.5282593936048158
image,256,3,27,0.39774138141052884,0.5126706226465841
image,256,3,28,0.37419153336455063,0.48586142611801053
image,256,3,29,0.33633403737507567,0.4948156535609504
image,256,3,30,0.32503501454573025,0.5076145446781943
image,256,3,31,0.31561602909527525,0.4979192409689901
image,256,3,32,0.3001105053574627,0.4989096266400823
image,256,3,33,0.29449223457830737,0.49526936419442685
image,256,3,34,0.28476437505003044,0.4972616265075504
image,256,3,35,0.2869508605040805,0.5130912916630935
image,256,3,36,0.2686133439316175,0.4984062571463282
image,256,3,37,0.2765541833420699,0.5068045225862952
image,256,3,38,0.24535021365313006,0.5112216335434354
image,256,3,39,0.21294212700184728,0.4976590598063215
image,256,3,40,0.2056674880819171,0.4976644094014495
image,256,3,41,0.2142938328663092,0.5147894582076229
image,256,3,42,0.21849989719415835,0.5113217633467424
image,256,3,43,0.24218549965563868,0.5056360471677152
image,256,3,44,0.22879375735814658,0.5071767305645859
image,256,3,45,0.1960735393600314,0.508150174159267
image,256,3,46,0.22730191270406333,0.5055028960495097
image,256,3,47,0.2035217234445492,0.49918723712881324
image,256,3,48,0.17943773843855135,0.49827050736331674
image,256,3,49,0.1847414880678916,0.5038308988716597
image,256,3,50,0.18030481180907543,0.49749717110973385
image,512,3,1,1.0674104996376637,0.4250437671999127
image,512,3,2,1.0232377507923784,0.46260749742407353
image,512,3,3,0.9913563865641649,0.48275309817690676
image,512,3,4,0.9575336229114633,0.4753176989537775
image,512,3,5,0.9308284087330884,0.45713073013710553
image,512,3,6,0.893115048633196,0.4732325242228043
image,512,3,7,0.8556343569805485,0.48250180932037123
image,512,3,8,0.8194728634120282,0.4761966973244147
image,512,3,9,0.8053172533424737,0.4678785336968865
image,512,3,10,0.7594904790373997,0.4583088591893985
image,512,3,11,0.7117756614510301,0.4936913554440728
image,512,3,12,0.6871205097093632,0.49884633494060754
image,512,3,13,0.6447400887599166,0.4621807377869251
image,512,3,14,0.6034053779397336,0.4917987661377084
image,512,3,15,0.5724514732186082,0.47171936028018796
image,512,3,16,0.5522478712790924,0.4774995419853279
image,512,3,17,0.526592817294036,0.4786796403382942
image,512,3,18,0.47331530245810904,0.5015607215387734
image,512,3,19,0.4716437131322491,0.48422749531915504
image,512,3,20,0.43217441595661704,0.4973508744019823
image,512,3,21,0.4312805252549536,0.47116780382614415
image,512,3,22,0.4082715982541988,0.48514755462393416
image,512,3,23,0.3758001051336059,0.48971292143846495
image,512,3,24,0.40241760280743943,0.48707545937897107
image,512,3,25,0.3695140268009995,0.497713631767248
image,512,3,26,0.3206918899613525,0.4676874506253687
image,512,3,27,0.3457166942626394,0.4815291575063732
image,512,3,28,0.32939756556331173,0.4866907148731981
image,512,3,29,0.32014361975704814,0.48672309667292946
image,512,3,30,0.30725103663524406,0.4777578655087016
image,512,3,31,0.27471048396607345,0.5041801756632442
image,512,3,32,0.2673326264969341,0.4922142378246057
image,512,3,33,0.26127800002148016,0.4997149081989174
image,512,3,34,0.23228054318128455,0.5033200074614164
image,512,3,35,0.2384665433648993,0.49675776976414515
image,512,3,36,0.2309560552239418,0.494300508867294
image,512,3,37,0.2084728376403529,0.4880238299186878
image,512,3,38,0.20128930067516745,0.5111597223846388
image,512,3,39,0.21303760857170165,0.49995353871555787
image,512,3,40,0.20350307663073713,0.48671654925574237
image,512,3,41,0.19550130738637833,0.4877436207651509
image,512,3,42,0.20065442929093127,0.4783444227293517
image,512,3,43,0.17365088614181698,0.49621587709484866
image,512,3,44,0.18780081820581596,0.5002919640513704
image,512,3,45,0.17291637888441536,0.5038894195849672
image,512,3,46,0.20639348615214462,0.5042833609279053
image,512,3,47,0.17876682730869473,0.5011652778427443
image,512,3,48,0.14289332684422038,0.5052121399712328
image,512,3,49,0.13988372558698603,0.4799508442249872
image,512,3,50,0.16063116982345182,0.4897724166510747
early,128,3,1,1.0659449219079542,0.430552814776268
early,128,3,2,1.0179171506022908,0.4392594178860902
early,128,3,3,0.992550066316315,0.46210320418618916
early,128,3,4,0.9536142889117696,0.4531588943038567
early,128,3,5,0.9340666189243656,0.47307387370618975
early,128,3,6,0.9079206997811482,0.4742024454085491
early,128,3,7,0.8838713431233511,0.48185486359608437
early,128,3,8,0.8603033008375717,0.4930147890014111
early,128,3,9,0.8224467607068766,0.493905369702297
early,128,3,10,0.7878220068846697,0.5079395198934288
early,128,3,11,0.7738040975875256,0.48639919746734134
early,128,3,12,0.722979110885041,0.5007907452775764
early,128,3,13,0.698894359366432,0.5141477402660514
early,128,3,14,0.6854698358405947,0.4889474116324033
early,128,3,15,0.6448359792145135,0.4852414212390174
early,128,3,16,0.6444319904786754,0.50143445282189
early,128,3,17,0.6069262055826437,0.5001218225638167
early,128,3,18,0.5637989247032485,0.4918088562659006
early,128,3,19,0.543638365899081,0.501329125688971
early,128,3,20,0.5068238443105009,0.499464208102377
early,128,3,21,0.5135099839477639,0.48931931507966214
early,128,3,22,0.5029696397756407,0.4855474343219954
early,128,3,23,0.4772859065944612,0.4993060143823104
early,128,3,24,0.42812755984785666,0.5251804427572613
early,128,3,25,0.4212654687035146,0.486278735142134
early,128,3,26,0.4287634164250958,0.4957436915787668
early,128,3,27,0.4113674274601861,0.5034092858089514
early,128,3,28,0.43294822061873234,0.476514028810747
early,128,3,29,0.3845342196407118,0.5278874901575571
early,128,3,30,0.35780763485668843,0.5114332014023694
early,128,3,31,0.3519278295065096,0.5120874558714233
early,128,3,32,0.34269225347728627,0.5180613294639215
early,128,3,33,0.3212641360560013,0.5126165074822057
early,128,3,34,0.3039930295881801,0.5007739351646124
early,128,3,35,0.31114189935292247,0.48585317332704453
early,128,3,36,0.28891304634628495,0.5009676169009363
early,128,3,37,0.2989402608409602,0.4991447347477866
early,128,3,38,0.28535101582242556,0.4962391128125869
early,128,3,39,0.2705415711977095,0.49434086938006255
early,128,3,40,0.26792801206648664,0.506789235128491
early,128,3,41,0.24869298856919972,0.5073539067189778
early,128,3,42,0.23305937101703664,0.5118847498655191
early,128,3,43,0.2455468169993755,0.4956871300150983
early,128,3,44,0.24847586897655308,0.49278166034541454
early,128,3,45,0.23589430616788215,0.48038007056349447
early,128,3,46,0.24640943328435508,0.48898348840865563
early,128,3,47,0.22953025380354278,0.48818966736765645
early,128,3,48,0.243690931516168,0.4937687063261896
early,128,3,49,0.24033067059454494,0.4850695946797536
early,128,3,50,0.20245277452531285,0.4879795003514695
early,256,3,1,1.0661116832213877,0.44169708728655216
early,256,3,2,1.0103071160341432,0.4561282647350791
early,256,3,3,0.9799732590845118,0.47369752280653205
early,256,3,4,0.9560009724806741,0.4705488851078316
early,256,3,5,0.9315501994487503,0.48049992382663786
early,256,3,6,0.8825745067671331,0.47582079436960295
early,256,3,7,0.8629157936385788,0.47649351357022757
early,256,3,8,0.8308007695287934,0.4910011181567411
early,256,3,9,0.8043364607850919,0.4942308017140793
early,256,3,10,0.7550738453865051,0.4762934366822327
early,256,3,11,0.7272315977131509,0.5125733960391151
early,256,3,12,0.6859741039301088,0.4887942325233295
early,256,3,13,0.6570801438461423,0.49564401857200774
early,256,3,14,0.6322872516996574,0.47849925645703245
early,256,3,15,0.6064624620981865,0.47672755581932
early,256,3,16,0.5954453370958098,0.4791147035215806
early,256,3,17,0.5646243614988177,0.5038927795773531
early,256,3,18,0.5281934681987264,0.514818348051521
early,256,3,19,0.49416409269053274,0.49457751029396096
early,256,3,20,0.4715995195648433,0.5099381976602921
early,256,3,21,0.4403620496470267,0.48996013973020663
early,256,3,22,0.4263386571906624,0.4844127415458937
early,256,3,23,0.420059455470889,0.5020481945126594
early,256,3,24,0.3948555520067664,0.5049764431035334
early,256,3,25,0.3929964314892654,0.4975052716351838
early,256,3,26,0.35615363670269234,0.4813463272258214
early,256,3,27,0.33593419006981773,0.5086384084607328
early,256,3,28,0.3217678229222123,0.49115919006439496
early,256,3,29,0.3084732136489209,0.4792371249964269
early,256,3,30,0.30743244719442897,0.49455228497348064
early,256,3,31,0.2965548907587041,0.5008774249603054
early,256,3,32,0.2750959862121113,0.48695683439098986
early,256,3,33,0.27915182584867426,0.5060061132777479
early,256,3,34,0.2569138799350299,0.4739540394457828
early,256,3,35,0.2774641253249183,0.48268127960853713
early,256,3,36,0.24916831914979126,0.48841881681816884
early,256,3,37,0.22845815129929187,0.4918447807766369
early,256,3,38,0.22966325844769703,0.4914308114428307
early,256,3,39,0.2410010914683966,0.4982139457996482
early,256,3,40,0.20629244457676774,0.48988309337912184
early,256,3,41,0.19025237936311992,0.4823163803750133
early,256,3,42,0.19679265933511145,0.4949214374904174
early,256,3,43,0.18891931336899703,0.49029841280050307
early,256,3,44,0.20441908401032394,0.49094899259510466
early,256,3,45,0.2104964812544628,0.48114255536130535
early,256,3,46,0.18330528091697793,0.5138034780854597
early,256,3,47,0.20644964866769253,0.49840166887878007
early,256,3,48,0.20686691063236815,0.49557125595743906
early,256,3,49,0.18918793012646481,0.4673407420454871
early,256,3,50,0.1898179266465272,0.49506284139958895
early,512,3,1,1.0620734853894298,0.43843699123015595
early,512,3,2,1.0082032911440464,0.44828427622637484
early,512,3,3,0.9774267676613093,0.4636119422778077
early,512,3,4,0.9430101154986477,0.4841294769310029
early,512,3,5,0.903689337962585,0.46402729215229216
early,512,3,6,0.8587963278380988,0.49640619883878667
early,512,3,7,0.818982383655628,0.4878646921524221
early,512,3,8,0.7829286730726351,0.5015121082350388
early,512,3,9,0.7492315666213709,0.4712618430088121
early,512,3,10,0.7037607883907737,0.5054383862259071
early,512,3,11,0.6700162325854077,0.5118610573512329
early,512,3,12,0.6181944365276716,0.5202209518811735
early,512,3,13,0.5929619607501005,0.49792795055650413
early,512,3,14,0.5719100940601988,0.4963208996967358
early,512,3,15,0.526237904713416,0.46519870121981327
early,512,3,16,0.524717704163796,0.49647330732719536
early,512,3,17,0.47885254555971835,0.4955941871441453
early,512,3,18,0.43991449740544664,0.4903529847614296
early,512,3,19,0.44505798691854426,0.5060288921989382
early,512,3,20,0.37797259987960935,0.5088524227189569
early,512,3,21,0.37043950226918565,0.4961561078043102
early,512,3,22,0.3596653594240468,0.4983582529046576
early,512,3,23,0.33857192520383766,0.5021590235062225
early,512,3,24,0.3370897384526218,0.5113482067913506
early,512,3,25,0.3197734669553048,0.5082171303821598
early,512,3,26,0.30907033961168756,0.4878333559092338
early,512,3,27,0.2902205154221719,0.517334616911331
early,512,3,28,0.27150319235799203,0.4989281218247565
early,512,3,29,0.2457961151425127,0.49757467425736657
early,512,3,30,0.22989086416691384,0.5131327180344739
early,512,3,31,0.23659595687195892,0.50180439711951
early,512,3,32,0.21345237388972838,0.5101022282251378
early,512,3,33,0.21424064098696435,0.5196562802906867
early,512,3,34,0.24709469563673928,0.49960071921296834
early,512,3,35,0.23066006296592234,0.5158163774515153
early,512,3,36,0.22270483472896496,0.4924696784542102
early,512,3,37,0.19635344441024422,0.5171932130021595
early,512,3,38,0.1805370263950363,0.5067120365118901
early,512,3,39,0.19043433783254074,0.48851909888699185
early,512,3,40,0.16746612220846546,0.49411997272051617
early,512,3,41,0.1897887014515737,0.4909922563037112
early,512,3,42,0.15154538760010486,0.5108475882279185
early,512,3,43,0.15472171030431517,0.5079887422592272
early,512,3,44,0.14719987360282719,0.48193102680717653
early,512,3,45,0.1437713590045874,0.4780642135758148
early,512,3,46,0.1902522589835821,0.5062445915288725
early,512,3,47,0.19691617065231212,0.4905251158517254
early,512,3,48,0.1540609576315156,0.4957255009251247
early,512,3,49,0.15959180400009554,0.5029476472176095
early,512,3,50,0.14260743841216827,0.5041086311728034
intermediate,128,3,1,1.0624067889458222,0.4403517402446124
intermediate,128,3,2,1.009929964679698,0.45609264475537464
intermediate,128,3,3,0.9729603185703617,0.46266252618154785
intermediate,128,3,4,0.9505127159712826,0.4607762305165106
intermediate,128,3,5,0.9243136185626085,0.47534646698526295
intermediate,128,3,6,0.8907988536420293,0.4947190360155452
intermediate,128,3,7,0.864012821806663,0.5009526339741641
intermediate,128,3,8,0.834045691327899,0.48624038453417634
intermediate,128,3,9,0.8063334566760437,0.48830169418327857
intermediate,128,3,10,0.778495801368933,0.5137976716937838
intermediate,128,3,11,0.7411124166393779,0.5136665101783203
intermediate,128,3,12,0.7007891604413536,0.4937372178174854
intermediate,128,3,13,0.6824167161711847,0.5194130919596012
intermediate,128,3,14,0.6463360003151819,0.5130813538004174
intermediate,128,3,15,0.6163111881435853,0.5213431081297929
intermediate,128,3,16,0.5899189473446751,0.5180439001378592
intermediate,128,3,17,0.5497588502799029,0.5003203970987207
intermediate,128,3,18,0.5374689242602643,0.5067288466248542
intermediate,128,3,19,0.5330909797970537,0.5256020253668665
intermediate,128,3,20,0.477662590005635,0.5176965824959135
intermediate,128,3,21,0.4583123462050373,0.5121550211563798
intermediate,128,3,22,0.44194639212798076,0.5057546721556964
intermediate,128,3,23,0.439651064223644,0.5238451858435136
intermediate,128,3,24,0.3946532023514753,0.5239254399214683
intermediate,128,3,25,0.38492758579903247,0.5131255615552229
intermediate,128,3,26,0.36499223737192404,0.49644441748329715
intermediate,128,3,27,0.35438393189020806,0.5005099575150788
intermediate,128,3,28,0.3653330431558699,0.5081194469781426
intermediate,128,3,29,0.32447269496493314,0.5149893828301019
intermediate,128,3,30,0.31360908032087753,0.5094657076131783
intermediate,128,3,31,0.3091999518621654,0.5092906733270445
intermediate,128,3,32,0.2783717710466285,0.5108495778306607
intermediate,128,3,33,0.28681391727237804,0.5140444027358743
intermediate,128,3,34,0.26627766227846994,0.4940759476843299
intermediate,128,3,35,0.2426370638983412,0.5101691844480306
intermediate,128,3,36,0.2433769982990794,0.5100150917458609
intermediate,128,3,37,0.24899822660765722,0.5274099550463472
intermediate,128,3,38,0.23414131070618854,0.519779493546216
intermediate,128,3,39,0.2218510713720821,0.5076449673282868
intermediate,128,3,40,0.21693423507413315,0.5105724241384776
intermediate,128,3,41,0.20223371029212212,0.5100739474433036
intermediate,128,3,42,0.18740466330688038,0.5061239769381491
intermediate,128,3,43,0.1812483699533952,0.5013800331264796
intermediate,128,3,44,0.1919175686012388,0.5016941771880108
intermediate,128,3,45,0.18266282109689963,0.4905608880969458
intermediate,128,3,46,0.20202612658445748,0.4866524962286876
intermediate,128,3,47,0.21767571763530452,0.49798054306572287
intermediate,128,3,48,0.18761854138985978,0.4911928204413572
intermediate,128,3,49,0.17389576035644372,0.4932654890979515
intermediate,128,3,50,0.18027000441289073,0.495571560488471
intermediate,256,3,1,1.060880568639146,0.42508763997058313
intermediate,256,3,2,1.003013483828899,0.4641075157771437
intermediate,256,3,3,0.9736560938870096,0.4537755696435671
intermediate,256,3,4,0.9397618683220829,0.4728127484973221
intermediate,256,3,5,0.9035688292293649,0.511001650476985
intermediate,256,3,6,0.863813310081422,0.48431325125775376
intermediate,256,3,7,0.8279624662474188,0.4998194740042566
intermediate,256,3,8,0.7911671094245312,0.5182134021102457
intermediate,256,3,9,0.7470241491707208,0.49930112158373025
intermediate,256,3,10,0.7242281277766403,0.5036008256770171
intermediate,256,3,11,0.6698999467320467,0.49194506284546
intermediate,256,3,12,0.6380154009888933,0.4978924625402468
intermediate,256,3,13,0.6398332889791558,0.4812917552648949
intermediate,256,3,14,0.5864209748063413,0.5073542112500098
intermediate,256,3,15,0.5529098626206682,0.4927173027873279
intermediate,256,3,16,0.5166989229424461,0.479543320798024
intermediate,256,3,17,0.503429493042811,0.5028323822220143
intermediate,256,3,18,0.4792589652912779,0.49652097658473077
intermediate,256,3,19,0.4393252120280141,0.4933516815310293
intermediate,256,3,20,0.40426487370311276,0.49916996006826686
intermediate,256,3,21,0.3877584617487423,0.4900986404435401
intermediate,256,3,22,0.375195650374078,0.5107575485528035
intermediate,256,3,23,0.3600545704988909,0.5130761564708054
intermediate,256,3,24,0.3499420889073017,0.4959083312056765
intermediate,256,3,25,0.3168934284080386,0.5146145761870051
intermediate,256,3,26,0.3001913745053776,0.4922758444523703
intermediate,256,3,27,0.2745924637267727,0.5212361263782669
intermediate,256,3,28,0.28899378005746773,0.5029216605695493
intermediate,256,3,29,0.2529192411618707,0.5075109026169854
intermediate,256,3,30,0.2521492525233024,0.5061525622510153
intermediate,256,3,31,0.24608930009197813,0.5080587539434739
intermediate,256,3,32,0.23736464009859176,0.5203955293707594
intermediate,256,3,33,0.2232744382470066,0.5089212162790758
intermediate,256,3,34,0.22644858522564953,0.5112321804681755
intermediate,256,3,35,0.20428146811992087,0.5100051538831848
intermediate,256,3,36,0.19934054249556277,0.5172471759010221
intermediate,256,3,37,0.1816986571431784,0.5004122741110617
intermediate,256,3,38,0.19615217684451197,0.5080292550375117
intermediate,256,3,39,0.17006368193950952,0.5163278474707195
intermediate,256,3,40,0.16350588818807252,0.5128921283681945
intermediate,256,3,41,0.16531442452943762,0.5075109026169854
intermediate,256,3,42,0.16664261226566673,0.5041156658396416
intermediate,256,3,43,0.1661324730406257,0.5013364648868411
intermediate,256,3,44,0.14282321922129987,0.5113919272965051
intermediate,256,3,45,0.1446930336234457,0.5038843745208712
intermediate,256,3,46,0.13272487961184917,0.4987219035609504
intermediate,256,3,47,0.1392361833787089,0.5007484053131
intermediate,256,3,48,0.13367966209484644,0.5178506751980833
intermediate,256,3,49,0.11984958156397206,0.5190222060780171
intermediate,256,3,50,0.1289988265845788,0.5187189439253611
intermediate,512,3,1,1.0608634430700572,0.43643647612606645
intermediate,512,3,2,0.9970312012427764,0.4660256349350204
intermediate,512,3,3,0.9598700719354041,0.4976803059213177
intermediate,512,3,4,0.9244549733181898,0.4840045786037634
intermediate,512,3,5,0.9100269987321025,0.48363329436960295
intermediate,512,3,6,0.8585661303310494,0.49321152619908887
intermediate,512,3,7,0.8076487760893337,0.49234448574697326
intermediate,512,3,8,0.7689176850918076,0.48689247683290326
intermediate,512,3,9,0.7303264156686073,0.5062448960599044
intermediate,512,3,10,0.6967095414381377,0.4826728440989519
intermediate,512,3,11,0.6620830219453542,0.5099865064329947
intermediate,512,3,12,0.6112530443680848,0.5095450480980372
intermediate,512,3,13,0.5765655474512988,0.4914273194869976
intermediate,512,3,14,0.5166819047241311,0.5219681885259854
intermediate,512,3,15,0.4953899523974713,0.5167957797033883
intermediate,512,3,16,0.4774162324623288,0.5078170679654793
intermediate,512,3,17,0.45341119575874966,0.5281783680482468
intermediate,512,3,18,0.4032299546671163,0.5266035974778659
intermediate,512,3,19,0.36297909111876764,0.5193041003032642
intermediate,512,3,20,0.3553830377406475,0.5133870928054666
intermediate,512,3,21,0.34164862373736515,0.5007873852851905
intermediate,512,3,22,0.3064321997278024,0.5238344866532576
intermediate,512,3,23,0.2909786783119771,0.5375957871907914
intermediate,512,3,24,0.2910399013320813,0.524667439931863
intermediate,512,3,25,0.26485129504303656,0.5144939615962819
intermediate,512,3,26,0.23457955292070098,0.5127860399076954
intermediate,512,3,27,0.2509019529320183,0.4977561036951714
intermediate,512,3,28,0.25320693374616315,0.5265137100682669
intermediate,512,3,29,0.19353397276389037,0.5142851446676697
intermediate,512,3,30,0.18283279481982687,0.5153435828733697
intermediate,512,3,31,0.16355778230110388,0.5089056242902397
intermediate,512,3,32,0.17603834184052433,0.5255268163530079
intermediate,512,3,33,0.16470414407902362,0.5171007269277546
intermediate,512,3,34,0.16229956078279706,0.5263356203207793
intermediate,512,3,35,0.1596185629748549,0.5140060318258479
intermediate,512,3,36,0.16411618825964902,0.5076347249345786
intermediate,512,3,37,0.15182524638650305,0.5363037939856502
intermediate,512,3,38,0.1584151098553423,0.48603279588072645
intermediate,512,3,39,0.13978717577551047,0.5331341944009168
intermediate,512,3,40,0.12734745653511967,0.5251113446661105
intermediate,512,3,41,0.12851413234054107,0.5371871979052164
intermediate,512,3,42,0.15487841836601027,0.5336968763886615
intermediate,512,3,43,0.13147471306835792,0.5336305292278327
intermediate,512,3,44,0.10312808156793654,0.5184025057300559
intermediate,512,3,45,0.09546113326287395,0.5265928982876098
intermediate,512,3,46,0.10391425473995858,0.5300196235736578
intermediate,512,3,47,0.12195046132927789,0.5290946410171954
intermediate,512,3,48,0.10251198002961294,0.5260621616051173
intermediate,512,3,49,0.10666121758949694,0.5250281873923178
intermediate,512,3,50,0.0801043873409014,0.5152335152073865
late,128,3,1,1.064629923610787,0.43711319483424416
late,128,3,2,1.0169048015983941,0.4552194832295167
late,128,3,3,0.9864344487639622,0.4720400213058031
late,128,3,4,0.9689395561892324,0.4778660958374587
late,128,3,5,0.9366745870774953,0.48528254307936586
late,128,3,6,0.918449554455842,0.4864435270345597
late,128,3,7,0.8851360744206693,0.47608752294945855
late,128,3,8,0.8659365114741301,0.49716974949520937
late,128,3,9,0.8345826845518581,0.5092709498672082
late,128,3,10,0.7923186720977903,0.49535769849576283
late,128,3,11,0.7753418783866922,0.5144555906862553
late,128,3,12,0.7435493335049814,0.5065073409032439
late,128,3,13,0.7248889267132544,0.5017936674761507
late,128,3,14,0.6931373633015219,0.4875675206204053
late,128,3,15,0.6696209804549891,0.5001684158117059
late,128,3,16,0.6339365721373034,0.5166852552408573
late,128,3,17,0.6154140361940673,0.5166852552408573
late,128,3,18,0.5948729633660841,0.49313218571423006
late,128,3,19,0.5697397811250536,0.5172294420439278
late,128,3,20,0.5425146393750975,0.49951192811508444
late,128,3,21,0.5380191684393358,0.5077004325802402
late,128,3,22,0.5182667330921632,0.516757256527846
late,128,3,23,0.478266365553072,0.5087606776700632
late,128,3,24,0.4608138414265598,0.5025592077353156
late,128,3,25,0.4348373839056305,0.5120157591154665
late,128,3,26,0.42670034855136074,0.5308537746743224
late,128,3,27,0.40224265147254107,0.5214184998622707
late,128,3,28,0.3951575539186987,0.5151307867392734
late,128,3,29,0.36926342367501785,0.5066962922575381
late,128,3,30,0.3543076395052266,0.5328926606884382
late,128,3,31,0.3343497149607274,0.5106291379676623
late,128,3,32,0.338333482673655,0.512546495797959
late,128,3,33,0.2939435320062787,0.51265533518878
late,128,3,34,0.304264407351379,0.5024465718576295
late,128,3,35,0.2970836602580485,0.5134384570395231
late,128,3,36,0.2861520824320029,0.5187111479309431
late,128,3,37,0.2673978384252618,0.5216948617737707
late,128,3,38,0.2409457738330851,0.5083972097323896
late,128,3,39,0.27013648632933335,0.5074289634673205
late,128,3,40,0.26643857235059687,0.5232493302753546
late,128,3,41,0.24252637136356994,0.5068329556336454
late,128,3,42,0.20957884364103146,0.5285467896907069
late,128,3,43,0.2069097708969216,0.5152799866428629
late,128,3,44,0.20527193293521542,0.5151176411497272
late,128,3,45,0.20117225681299938,0.5294356650178139
late,128,3,46,0.19616222522021587,0.528372821263185
late,128,3,47,0.19305746304115076,0.5086020271534485
late,128,3,48,0.1811643756965068,0.5051123451520608
late,128,3,49,0.18439504332567386,0.5120596318861369
late,128,3,50,0.16972754802067241,0.4968195286574258
late,256,3,1,1.060195737484238,0.4310930020717855
late,256,3,2,1.0083036591245242,0.46869036267290864
late,256,3,3,0.9766138461247789,0.47114713632010874
late,256,3,4,0.9504639031999398,0.4812324123178011
late,256,3,5,0.9172086079083188,0.4866585868493268
late,256,3,6,0.8747071455286436,0.5170314765710877
late,256,3,7,0.8292573618639202,0.502991824519312
late,256,3,8,0.7926837970449038,0.5033556274411207
late,256,3,9,0.77877478824236,0.4908825236218631
late,256,3,10,0.7206807682651499,0.499963141594099
late,256,3,11,0.6877094329339671,0.49929681754514527
late,256,3,12,0.6548571224612091,0.5203574629917648
late,256,3,13,0.6053315669454206,0.5155994802995222
late,256,3,14,0.5615141543106259,0.5036512763179778
late,256,3,15,0.533905622534727,0.4858420173402405
late,256,3,16,0.5146835153015497,0.519106743892488
late,256,3,17,0.4695585702414288,0.5122267179123366
late,256,3,18,0.42810479836314136,0.5087981552890625
late,256,3,19,0.4234360244261657,0.47962156497116787
late,256,3,20,0.3937467809434961,0.511191819955407
late,256,3,21,0.37705729207443317,0.5028907811229091
late,256,3,22,0.3523971722388143,0.5151130528821791
late,256,3,23,0.35151634618873995,0.4906343917370255
late,256,3,24,0.32738951847191256,0.5185416155054533
late,256,3,25,0.29368652028875203,0.5107778810747038
late,256,3,26,0.28864925444438194,0.5163582701208119
late,256,3,27,0.25291571816848835,0.5244283526186745
late,256,3,28,0.22998570997989615,0.5150771283714427
late,256,3,29,0.2208779215500617,0.5079632124077149
late,256,3,30,0.22514286684116144,0.5228917702397008
late,256,3,31,0.23850941587805125,0.5058957715338359
late,256,3,32,0.2333337255797461,0.5093417330300691
late,256,3,33,0.20399841385362036,0.5095427539642632
late,256,3,34,0.20064818219364625,0.5244972984443094
late,256,3,35,0.19246913999787177,0.5217801609158214
late,256,3,36,0.18440449179311072,0.5283446927468666
late,256,3,37,0.17204984718280314,0.5191374710736123
late,256,3,38,0.15363971658870187,0.5139055974915089
late,256,3,39,0.18670632155777897,0.5107144371097131
late,256,3,40,0.18497780374987588,0.5100048493521528
late,256,3,41,0.1609634887329571,0.5049996788212716
late,256,3,42,0.13649533119501245,0.5407984080904231
late,256,3,43,0.14482413548293538,0.535514865743231
late,256,3,44,0.12903562129636084,0.5343440961908771
late,256,3,45,0.12771832630896443,0.5191813438442828
late,256,3,46,0.13295630365610123,0.5225663382279185
late,256,3,47,0.12293225622379968,0.5148874461426719
late,256,3,48,0.11732096326444785,0.5198588340310749
late,256,3,49,0.11004175702158693,0.5088006016883525
late,256,3,50,0.11239751592200464,0.5157290887067224
late,512,3,1,1.0586811428918887,0.43819576204870936
late,512,3,2,1.0001577179469363,0.4452277693158755
late,512,3,3,0.963663161113,0.4746373055711475
late,512,3,4,0.9230553626390028,0.4531063627008443
late,512,3,5,0.8946327392343452,0.4767147147608059
late,512,3,6,0.8377314150645471,0.49206029738795204
late,512,3,7,0.8011927083524734,0.48734264475537464
late,512,3,8,0.7569217653798808,0.4823992635708773
late,512,3,9,0.7178447062432454,0.5135614875764333
late,512,3,10,0.6654660392806168,0.5227086557301858
late,512,3,11,0.6347337084290869,0.5002915072548225
late,512,3,12,0.6059234641609391,0.5184699187494964
late,512,3,13,0.5507981115610812,0.5083297662598457
late,512,3,14,0.5059620641288957,0.5062390896682285
late,512,3,15,0.48497853666075863,0.5283578383364128
late,512,3,16,0.45358737632242174,0.5192632829939478
late,512,3,17,0.4195608676104021,0.5095142904638097
late,512,3,18,0.3971362450984136,0.5040250171024627
late,512,3,19,0.40175844471492067,0.5108668548912069
late,512,3,20,0.3440484272715933,0.5099507341877744
late,512,3,21,0.3167018923147811,0.5155429187358536
late,512,3,22,0.28418363310903777,0.5116612545411667
late,512,3,23,0.2753176565881799,0.5213283079216399
late,512,3,24,0.2823005402899537,0.49933780742204653
late,512,3,25,0.27102707919337987,0.4894587293860914
late,512,3,26,0.25773023154723085,0.4962337632174589
late,512,3,27,0.2310668581131241,0.5126706226465841
late,512,3,28,0.2240308144017664,0.5237161661963083
late,512,3,29,0.22008458567851502,0.4918322442491547
late,512,3,30,0.18875847842680846,0.509432381767248
late,512,3,31,0.1893526538816422,0.49276866702138444
late,512,3,32,0.1948568279518507,0.5152104317551642
late,512,3,33,0.15758344854827952,0.514789305942107
late,512,3,34,0.14848571883134193,0.499374929754842
late,512,3,35,0.17708259399648738,0.51313776309857
late,512,3,36,0.1447978597036831,0.5088472253893449
late,512,3,37,0.1391328219811954,0.5080682350096021
late,512,3,38,0.12978839215027724,0.5191892921042168
late,512,3,39,0.11914717565968398,0.4984556317776427
late,512,3,40,0.1443220673041194,0.5184980472658148
late,512,3,41,0.13848091973996288,0.5101568001860644
late,512,3,42,0.16360870674642594,0.5081377594441976
late,512,3,43,0.16661645101471098,0.494495723409812
late,512,3,44,0.1090862104639957,0.5011343983961041
late,512,3,45,0.09579128670598824,0.5122887813366492
late,512,3,46,0.11900038307249858,0.5184287969091481
late,512,3,47,0.09484915458719144,0.5177224168784579
late,512,3,48,0.09921112089022915,0.5043036934498054
late,512,3,49,0.1332889053365947,0.512555205385473
late,512,3,50,0.0873634328002705,0.5231956719075239
learned,128,3,1,1.0693283686463122,0.4311726470876764
learned,128,3,2,1.0166853791132022,0.4493431407755195
learned,128,3,3,0.979522519086668,0.4629684174521131
learned,128,3,4,0.9488206443362212,0.4614206993884042
learned,128,3,5,0.9241558428834246,0.49953376299007574
learned,128,3,6,0.9141231366477087,0.47306974223518955
learned,128,3,7,0.8757520692510755,0.4821421074164594
learned,128,3,8,0.8523854572735532,0.4939821115223498
learned,128,3,9,0.8425096342076805,0.4738404290687945
learned,128,3,10,0.7938110663004571,0.49749976977453986
learned,128,3,11,0.7643786484658406,0.47960428791062154
learned,128,3,12,0.7246457909414281,0.4988454213475116
learned,128,3,13,0.7091826668584534,0.49337586129496663
learned,128,3,14,0.6680984263020661,0.4970584637050983
learned,128,3,15,0.6497834899038545,0.5105206031078732
learned,128,3,16,0.6048942751285293,0.500636378497478
learned,128,3,17,0.5807452623132636,0.5063862999690759
learned,128,3,18,0.5611576728171703,0.4932251285851829
learned,128,3,19,0.5414765851659925,0.5077157200380444
learned,128,3,20,0.4995475735963951,0.5177942658999307
learned,128,3,21,0.48279662250848343,0.5139601694524353
learned,128,3,22,0.47152029859457967,0.5218160854265578
learned,128,3,23,0.4454330187193386,0.525160110235361
learned,128,3,24,0.40323020322784703,0.519582472119575
learned,128,3,25,0.41361741979084715,0.5049146842102528
learned,128,3,26,0.3816219111075576,0.49703247705703807
learned,128,3,27,0.35780464744692697,0.5192322512817914
learned,128,3,28,0.3523026313925289,0.5073870802993922
learned,128,3,29,0.3315204161936076,0.5143348542831193
learned,128,3,30,0.3454088383008048,0.4984220014006803
learned,128,3,31,0.30749643878786975,0.531590577355105
learned,128,3,32,0.2988695405540666,0.5141498821343093
learned,128,3,33,0.2788060560276371,0.5222499000326133
learned,128,3,34,0.27641429810623847,0.4917620802993922
learned,128,3,35,0.2723780773697099,0.5211178059213176
learned,128,3,36,0.2697105812620742,0.5230976839724749
learned,128,3,37,0.24888544962668294,0.5295362516176688
learned,128,3,38,0.25918145329540315,0.5094190839121859
learned,128,3,39,0.2388444038897909,0.5189661317639996
learned,128,3,40,0.2207476422580749,0.5218085939631717
learned,128,3,41,0.2033238406268714,0.5017242953070712
learned,128,3,42,0.23103492874749668,0.520162431167866
learned,128,3,43,0.21645966211226597,0.5291791788316663
learned,128,3,44,0.1972864769516191,0.5081919050616793
learned,128,3,45,0.20087679643281467,0.5220914017815147
learned,128,3,46,0.16630181038254843,0.5231747303235598
learned,128,3,47,0.21142126830460514,0.5197221706549674
learned,128,3,48,0.17814914546711907,0.5345114867481088
learned,128,3,49,0.191821763574765,0.4898934880383459
learned,128,3,50,0.20119935906058206,0.5088620560506012
learned,256,3,1,1.0608781619845884,0.4362498189055463
learned,256,3,2,1.0060846596488153,0.45756102233422463
learned,256,3,3,0.9789864461459414,0.4524705831143958
learned,256,3,4,0.9407306070103071,0.484719069310938
learned,256,3,5,0.9083607898956818,0.5097819630898645
learned,256,3,6,0.8741422077124031,0.4947736384295749
learned,256,3,7,0.8361364543750024,0.49496319884593293
learned,256,3,8,0.8078757309164676,0.5198082311245982
learned,256,3,9,0.7675028306027357,0.5110325603767284
learned,256,3,10,0.7344664637955072,0.5348632099389833
learned,256,3,11,0.6883831863628008,0.516561889719812
learned,256,3,12,0.6476157438692622,0.5215927423677215
learned,256,3,13,0.6381467877258181,0.5174737266867283
learned,256,3,14,0.5953906297059584,0.49692699765860304
learned,256,3,15,0.5675798807468714,0.5051451837483402
learned,256,3,16,0.5325739555333922,0.5112343223364335
learned,256,3,17,0.5119137763977051,0.5249471618357487
learned,256,3,18,0.4766103079181691,0.5168309124334417
learned,256,3,19,0.44845288664258587,0.5253959593685765
learned,256,3,20,0.41625209176103484,0.5194129396940852
learned,256,3,21,0.4019222115971031,0.5022690911722058
learned,256,3,22,0.38229681762101136,0.5059234128005031
learned,256,3,23,0.34153952905956986,0.5030580194146248
learned,256,3,24,0.35151784831940813,0.5109250913755513
learned,256,3,25,0.3292992105658766,0.4987254462719555
learned,256,3,26,0.3306820843544306,0.5170693906845663
learned,256,3,27,0.30236190292223586,0.5238448813124816
learned,256,3,28,0.2677764786475616,0.5290149960013045
learned,256,3,29,0.2867871788159715,0.5038007807525994
learned,256,3,30,0.25600113403734737,0.5087481715956841
learned,256,3,31,0.2470342201712244,0.5183953187977017
learned,256,3,32,0.23014715571366057,0.5066172563037111
learned,256,3,33,0.245554776481933,0.5150896648989249
learned,256,3,34,0.2159900486625302,0.5106283766400823
learned,256,3,35,0.19583247820432273,0.5213541423041841
learned,256,3,36,0.20381839191102233,0.49914702888156065
learned,256,3,37,0.1760651437243866,0.5075183940803715
learned,256,3,38,0.2042103007201749,0.517435203511186
learned,256,3,39,0.18368242162216397,0.509236862693698
learned,256,3,40,0.19058138046277132,0.5127219868806407
learned,256,3,41,0.18052382174274684,0.5173295718472349
learned,256,3,42,0.16897128896875532,0.4961314915458937
learned,256,3,43,0.15557437323774967,0.5061649465129816
learned,256,3,44,0.15694917785247584,0.5087642203810683
learned,256,3,45,0.1743219991004904,0.5255784851180964
learned,256,3,46,0.15986442636132864,0.5092879223967225
learned,256,3,47,0.14980944265557833,0.518010117495381
learned,256,3,48,0.152669590454139,0.5127683060506012
learned,256,3,49,0.12195790172871494,0.5127994900282734
learned,256,3,50,0.11273037841182729,0.511568798919865
learned,512,3,1,1.061623198823779,0.44102632723556634
learned,512,3,2,1.0029752210796816,0.45615789560448844
learned,512,3,3,0.9593925026698886,0.487962832352987
learned,512,3,4,0.9229483782308888,0.47680597256004864
learned,512,3,5,0.8999620682281974,0.4919702881659403
learned,512,3,6,0.8611309331749122,0.5056008839845587
learned,512,3,7,0.8052692893912031,0.47949929576183753
learned,512,3,8,0.7688726567473086,0.49401923385514523
learned,512,3,9,0.7313674260808535,0.5048818151608704
learned,512,3,10,0.6974688184823041,0.5098429606555651
learned,512,3,11,0.6420458396067794,0.5153672753876558
learned,512,3,12,0.6133968121718362,0.49717403323172554
learned,512,3,13,0.5718199264316659,0.5079436716664977
learned,512,3,14,0.5297479623275277,0.5053793782629485
learned,512,3,15,0.49595381420944373,0.526526551126781
learned,512,3,16,0.47597264978274,0.5160693716818299
learned,512,3,17,0.4575563641118754,0.5142512300617442
learned,512,3,18,0.42629745618211035,0.5251194451915606
learned,512,3,19,0.3647058501605588,0.5173110766625608
learned,512,3,20,0.36562423759105944,0.5038817758560652
learned,512,3,21,0.334233003371049,0.5172808062779843
learned,512,3,22,0.32791430397807614,0.5236904840792801
learned,512,3,23,0.29858703560229993,0.5222755821496415
learned,512,3,24,0.3040028148920748,0.5121551734218959
learned,512,3,25,0.27108370969120743,0.5073977794896481
learned,512,3,26,0.2633650450338244,0.5078701172712461
learned,512,3,27,0.25455510436864426,0.5108242002446642
learned,512,3,28,0.23853789051477822,0.5091081475775247
learned,512,3,29,0.22500688524146353,0.5051963957168807
learned,512,3,30,0.2134147105806785,0.5088132904813506
learned,512,3,31,0.18082148546635793,0.5133695112138884
learned,512,3,32,0.1770214792633556,0.5249904255443553
learned,512,3,33,0.16391901164778863,0.4987246544912724
learned,512,3,34,0.18670038293793564,0.5025512594753815
learned,512,3,35,0.180980554191854,0.5199285411842895
learned,512,3,36,0.17498174106887499,0.5281901432481492
learned,512,3,37,0.15090602055113977,0.5011162077424619
learned,512,3,38,0.16300775009300073,0.5152489549307067
learned,512,3,39,0.1485343004006366,0.514216990622718
learned,512,3,40,0.13274952796585274,0.5068150695110353
learned,512,3,41,0.14423133253427076,0.5093267501032969
learned,512,3,42,0.12225321325332082,0.5133178424487999
learned,512,3,43,0.12789346691201495,0.5139603217179514
learned,512,3,44,0.11986323613770969,0.5168262023534808
learned,512,3,45,0.10687804008536626,0.5049532073857952
learned,512,3,46,0.125964702775029,0.49752040682747206
learned,512,3,47,0.13493833796204072,0.5055444746864062
learned,512,3,48,0.12452491759005642,0.513446862096005
learned,512,3,49,0.10335692166501939,0.49583067579252776
learned,512,3,50,0.12268666665591495,0.5140445550013902
text,128,4,1,1.074660872733675,0.43692649057801747
text,128,4,2,1.0525333622889639,0.4425285978811731
text,128,4,3,1.0375865490132772,0.4617166133312674
text,128,4,4,1.0311515449384294,0.4506846837735754
text,128,4,5,1.0093527846831476,0.46063469053718514
text,128,4,6,0.9985357236557619,0.45645407246044595
text,128,4,7,0.9938204539747578,0.44686952685935727
text,128,4,8,0.9770136058740525,0.4651541718835733
text,128,4,9,0.9683173284583743,0.46589204430935843
text,128,4,10,0.9633201332588958,0.4420548700466698
text,128,4,11,0.9503884256920813,0.45251727859246477
text,128,4,12,0.941791634148861,0.4585354951529977
text,128,4,13,0.9270110054950108,0.4552169647189855
text,128,4,14,0.9259478860006073,0.4769213038869997
text,128,4,15,0.9070956175576418,0.4319678178948056
text,128,4,16,0.9055881665411286,0.4518701345345879
text,128,4,17,0.8994308478161425,0.44208347551996185
text,128,4,18,0.8947283298782626,0.4473482583587649
text,128,4,19,0.8804489192594046,0.4433256480709078
text,128,4,20,0.8662337061228848,0.4438303456358472
text,128,4,21,0.868045186317049,0.44853622623837497
text,128,4,22,0.8621685416082301,0.44072942876673604
text,128,4,23,0.8389828803107421,0.44319372863672024
text,128,4,24,0.8397369686010194,0.43215937367730256
text,128,4,25,0.8397839478184425,0.4293403842818722
text,128,4,26,0.832283184249558,0.42038447631204906
text,128,4,27,0.8381331923005623,0.4427044089339815
text,128,4,28,0.8206043036070723,0.4466233689657457
text,128,4,29,0.823482495505342,0.44466382780528235
text,128,4,30,0.814949119204269,0.4412705583113758
text,128,4,31,0.8007826431243489,0.44332070555058484
text,128,4,32,0.8022510676824418,0.4406828671680645
text,128,4,33,0.8149199487926372,0.43993465111727353
text,128,4,34,0.8044213232469293,0.43803999454834913
text,128,4,35,0.7919724769878106,0.4301221177539875
text,128,4,36,0.7915974229505872,0.4418787532709549
text,128,4,37,0.7822358614688539,0.4492946941972997
text,128,4,38,0.7950590129684239,0.43866902961939314
text,128,4,39,0.7846012968451634,0.42960950196576775
text,128,4,40,0.773231093761689,0.43348438694516717
text,128,4,41,0.7623616116499066,0.44004612787977476
text,128,4,42,0.7713271811521526,0.4196361073998049
text,128,4,43,0.7662369869905653,0.4287554548354837
text,128,4,44,0.7669458597986338,0.41825136606675883
text,128,4,45,0.7573055335236033,0.428131423429344
text,128,4,46,0.7584426381570021,0.43204010098068363
text,128,4,47,0.7554186739532666,0.42490635248787206
text,128,4,48,0.7564999213618526,0.432661248400738
text,128,4,49,0.7633972271442258,0.43143964081064096
text,128,4,50,0.7471648599724281,0.4315249069292851
text,256,4,1,1.0768668443267164,0.4211965680687873
text,256,4,2,1.0539580991609425,0.43549791877093197
text,256,4,3,1.0289061935932724,0.4442321470611968
text,256,4,4,1.0294587974504608,0.4500302329382313
text,256,4,5,0.9991539702663803,0.43822123727813106
text,256,4,6,0.9868015705309185,0.4820902629761183
text,256,4,7,0.9762662909595529,0.4617272626791798
text,256,4,8,0.9567025420004291,0.46129757932475063
text,256,4,9,0.944106704225081,0.4753526192718304
text,256,4,10,0.9412217164211417,0.4629719217764327
text,256,4,11,0.9212089858990672,0.4557736861318607
text,256,4,12,0.9083523701887384,0.43927731629584416
text,256,4,13,0.8963840244209185,0.4493956133287605
text,256,4,14,0.8961843617658244,0.457207750760501
text,256,4,15,0.8769475851455674,0.43294614138661275
text,256,4,16,0.8667717440144725,0.45512129383075434
text,256,4,17,0.8639227979463552,0.4425777377430235
text,256,4,18,0.8586545672878999,0.44925859851279665
text,256,4,19,0.840955108921527,0.4406907548190541
text,256,4,20,0.8357853002912132,0.44392871707641995
text,256,4,21,0.8213850230691162,0.44715124032700365
text,256,4,22,0.8211127958881866,0.434773549106854
text,256,4,23,0.8069688067098856,0.44459421469945487
text,256,4,24,0.8056642375068902,0.44267346977583605
text,256,4,25,0.8096258486836143,0.4451273037316517
text,256,4,26,0.7917403287080089,0.43400467637834206
text,256,4,27,0.7930007694667962,0.4550694228442718
text,256,4,28,0.7768654321944796,0.43801672903515865
text,256,4,29,0.78097900772657,0.46029028349216355
text,256,4,30,0.7784793723266007,0.4387002133558639
text,256,4,31,0.7686985616718321,0.4452151481134747
text,256,4,32,0.7759863274276276,0.4432764470644761
text,256,4,33,0.7710227403061295,0.42882789078281514
text,256,4,34,0.7516696389253281,0.43330081053053177
text,256,4,35,0.7704267507492812,0.4420261728565058
text,256,4,36,0.7426905410624784,0.42287194997835176
text,256,4,37,0.7499244804465103,0.4399787873142196
text,256,4,38,0.7455957705295949,0.43027481615505875
text,256,4,39,0.7306934043965182,0.43612489530773835
text,256,4,40,0.7514883394792671,0.44327656935363874
text,256,4,41,0.7465227732609968,0.4333991513988138
text,256,4,42,0.7338358144505548,0.43080538806865815
text,256,4,43,0.7306031584349219,0.44720823726755304
text,256,4,44,0.7275540434724574,0.44273568438732425
text,256,4,45,0.722855047714191,0.44521533154721854
text,256,4,46,0.7320396605570356,0.4347812227518091
text,256,4,47,0.7193198171241378,0.43409285705536216
text,256,4,48,0.7161862301779621,0.4419200971986876
text,256,4,49,0.7217322638727507,0.44724973405673896
text,256,4,50,0.7162050154808112,0.43478373987040647
text,512,4,1,1.0780657266071105,0.42779210157533515
text,512,4,2,1.0465563814873544,0.4493207825519942
text,512,4,3,1.0272255478786165,0.43317940796433035
text,512,4,4,1.0132556992634532,0.46395831635297363
text,512,4,5,0.9933584295957548,0.4435608203214098
text,512,4,6,0.9822613784535142,0.4598811345262927
text,512,4,7,0.9653197013273654,0.45252258798027567
text,512,4,8,0.9464993634420733,0.473695957794912
text,512,4,9,0.9265874796252621,0.46838719162061615
text,512,4,10,0.917922258103749,0.45516506316021244
text,512,4,11,0.9016121124346609,0.46156121437785486
text,512,4,12,0.8908255325939629,0.4355318336320348
text,512,4,13,0.874286035963484,0.4697278579012975
text,512,4,14,0.8680650794306936,0.4096007428006791
text,512,4,15,0.8510538492677565,0.4656145498178228
text,512,4,16,0.8421077505315362,0.4524939213624024
text,512,4,17,0.8320884852966949,0.4597780345714317
text,512,4,18,0.8300605842882088,0.4365958614453189
text,512,4,19,0.815611192721677,0.43330836188632427
text,512,4,20,0.808211619604856,0.4439028121554694
text,512,4,21,0.80146825389709,0.4439674215963925
text,512,4,22,0.7910992619915552,0.4307096254635549
text,512,4,23,0.7803298136932593,0.44198737661966137
text,512,4,24,0.7740806396812678,0.428154902948569
text,512,4,25,0.7772193942505767,0.4504361921951103
text,512,4,26,0.7621570314847169,0.44774424085812586
text,512,4,27,0.7663164576506404,0.4446482970816283
text,512,4,28,0.7570946910441448,0.4518806004487564
text,512,4,29,0.7474190995726787,0.4249270703101744
text,512,4,30,0.7442856537018921,0.43135680009372246
text,512,4,31,0.744563614252236,0.44644491850517726
text,512,4,32,0.7464445425063869,0.43083399354195007
text,512,4,33,0.7357940107261866,0.4366784575839122
text,512,4,34,0.7344466335571207,0.43603395293379554
text,512,4,35,0.7337897809419404,0.4274766362988027
text,512,4,36,0.7198130800573309,0.4321020710138466
text,512,4,37,0.7198925333611894,0.44719795478712854
text,512,4,38,0.7199496401164558,0.43791326221280985
text,512,4,39,0.7126974248120795,0.44267862630219357
text,512,4,40,0.7120970592434743,0.44131711991004735
text,512,4,41,0.708384649678601,0.4328605695450622
text,512,4,42,0.711148540562893,0.4367356073859148
text,512,4,43,0.7073093077178241,0.4380763959557588
text,512,4,44,0.7007093683368372,0.4485413827647326
text,512,4,45,0.7005401782196075,0.4314937843373956
text,512,4,46,0.6940683776185117,0.4288071729605128
text,512,4,47,0.6950937800043495,0.44139722950233384
text,512,4,48,0.7019465707420639,0.4380971749226424
text,512,4,49,0.6995869978818197,0.4498485621963802
text,512,4,50,0.6975552985561194,0.43798836814019193
image,128,4,1,1.075463242816644,0.4490744004615845
image,128,4,2,1.0313446364596441,0.4456328878930203
image,128,4,3,1.0065790757834618,0.48475615653069887
image,128,4,4,0.9817456379703643,0.4752595266467779
image,128,4,5,0.9612409978900001,0.5006338349206773
image,128,4,6,0.9339832052847147,0.5056166393319815
image,128,4,7,0.9208932956281037,0.49421251251706005
image,128,4,8,0.8942931104869949,0.5012918729047917
image,128,4,9,0.8687298851172494,0.48737140199042317
image,128,4,10,0.8552848775582824,0.5006545221706888
image,128,4,11,0.8369951991030633,0.49575785009293055
image,128,4,12,0.7995457740014317,0.5045944751753714
image,128,4,13,0.7686890527298519,0.5188514451022447
image,128,4,14,0.7624624125339772,0.4999482614934438
image,128,4,15,0.7306767855751057,0.5241708300521623
image,128,4,16,0.7142803329270354,0.5077111367741712
image,128,4,17,0.6885752046338621,0.4901354835518325
image,128,4,18,0.6808846890438278,0.4967850994405536
image,128,4,19,0.6224260578731845,0.5029845077770506
image,128,4,20,0.6245064564974161,0.5057333337654217
image,128,4,21,0.5916873176606257,0.5135865399742789
image,128,4,22,0.5957420301015675,0.5062586574357915
image,128,4,23,0.5512086140633098,0.49639413079686046
image,128,4,24,0.5658409602029808,0.5096417055938548
image,128,4,25,0.5086291702973659,0.49779968166908084
image,128,4,26,0.5056396319637367,0.5050083832278213
image,128,4,27,0.49861369722013665,0.5135968835992848
image,128,4,28,0.4640659453866523,0.5024098608110865
image,128,4,29,0.43087512555373836,0.5116711655830523
image,128,4,30,0.42861011662406684,0.5189343469637445
image,128,4,31,0.4246188966887449,0.5182278417081742
image,128,4,32,0.44910230450734834,0.5063105895668553
image,128,4,33,0.40247305351087703,0.5055597952528855
image,128,4,34,0.39902553919921185,0.5096470455539563
image,128,4,35,0.37391281770246365,0.4930267356516138
image,128,4,36,0.3549438149683834,0.49703360120978224
image,128,4,37,0.3670424966198321,0.5201871382903124
image,128,4,38,0.3342166586104589,0.5049155046088033
image,128,4,39,0.3277769083571442,0.5142649594854986
image,128,4,40,0.30356131492092925,0.5215772501557505
image,128,4,41,0.31179571631030495,0.5069394717764459
image,128,4,42,0.2938804045378127,0.5037844419528708
image,128,4,43,0.3095397660371479,0.5189164519829462
image,128,4,44,0.2967676876794304,0.4977866986363148
image,128,4,45,0.25908731080803993,0.5063365556323871
image,128,4,46,0.26450424465905087,0.49644861061881224
image,128,4,47,0.283548183678175,0.4990396733966265
image,128,4,48,0.27618421623443645,0.5110242355312099
image,128,4,49,0.24833238817436595,0.48450560641799617
image,128,4,50,0.23810232483165364,0.5044312497155503
image,256,4,1,1.0700517064659,0.44305603103959834
image,256,4,2,1.0313545107411979,0.4625391404298835
image,256,4,3,0.9958580470928551,0.4662990430241197
image,256,4,4,0.9846939919543899,0.497312665078905
image,256,4,5,0.9442752270162827,0.49924163394871074
image,256,4,6,0.9194416680415654,0.49285085326346056
image,256,4,7,0.8841769067607783,0.4868012695327129
image,256,4,8,0.8611863065929519,0.5043147387158541
image,256,4,9,0.8376445553945472,0.4833510948151291
image,256,4,10,0.7977934139617497,0.49041750274238544
image,256,4,11,0.7769646529404796,0.49747361799845374
image,256,4,12,0.7458422072512417,0.4918536870498447
image,256,4,13,0.7287810911048329,0.508500513318951
image,256,4,14,0.6838426451155134,0.487319255853325
image,256,4,15,0.6440762182629932,0.48948849235540887
image,256,4,16,0.6470937151480143,0.49797570672792374
image,256,4,17,0.6246677650376066,0.5155515433840065
image,256,4,18,0.5870823586842212,0.5196438279222723
image,256,4,19,0.549481938500659,0.49842085966142574
image,256,4,20,0.5249084804220508,0.5025985631797889
image,256,4,21,0.4979943505787592,0.5063315213951922
image,256,4,22,0.4640700037542656,0.521390759182739
image,256,4,23,0.44377184103560613,0.5002846076444953
image,256,4,24,0.4220769770060295,0.5241111325592714
image,256,4,25,0.4257631327064944,0.4963190860140596
image,256,4,26,0.3901322451998201,0.5246809287217845
image,256,4,27,0.3756035166492706,0.5129163444092463
image,256,4,28,0.35906536062545474,0.5340069957961266
image,256,4,29,0.37135592256262384,0.49773513337273895
image,256,4,30,0.36174818631316497,0.5208447176900669
image,256,4,31,0.34921792509748706,0.5129809232778787
image,256,4,32,0.33354620774124943,0.4997125389417099
image,256,4,33,0.3066815998157516,0.5155954044303366
image,256,4,34,0.28775088489543715,0.5064423255672988
image,256,4,35,0.2902255969538753,0.5293294760885656
image,256,4,36,0.2670389759884168,0.5070018392493875
image,256,4,37,0.26181278002679914,0.5281753313531864
image,256,4,38,0.2313359086918823,0.5109594732288336
image,256,4,39,0.24364855081633666,0.5038699220775493
image,256,4,40,0.24899204986586634,0.5214012250969075
image,256,4,41,0.25063876631491855,0.5102941590395426
image,256,4,42,0.22550265153255614,0.520174094112965
image,256,4,43,0.20727518334120873,0.49310432812530286
image,256,4,44,0.20867215145026666,0.49775284491979327
image,256,4,45,0.22232909828590403,0.4937228361375971
image,256,4,46,0.21071475386482905,0.5182251717281234
image,256,4,47,0.20529419980281852,0.48444342237879856
image,256,4,48,0.24739854242756373,0.5096108275802906
image,256,4,49,0.21305606640384817,0.5030129603888893
image,256,4,50,0.20649453954660732,0.49115801457593067
image,512,4,1,1.0695964099733781,0.4490069376068668
image,512,4,2,1.021690125235799,0.47229626661173435
image,512,4,3,0.9943505768654115,0.46761092039776503
image,512,4,4,0.9585951512226151,0.4885670129426977
image,512,4,5,0.9197655914066426,0.47955938684784544
image,512,4,6,0.9087176546283601,0.49156156881261115
image,512,4,7,0.8793338475132082,0.47704600826059224
image,512,4,8,0.8252409930858619,0.49471690435909293
image,512,4,9,0.795531678016249,0.5024588478114835
image,512,4,10,0.7619480966272176,0.4907026097342948
image,512,4,11,0.7257436071307473,0.5018400340762827
image,512,4,12,0.7102369426353384,0.4822790876339833
image,512,4,13,0.6711917696450524,0.4912405801422333
image,512,4,14,0.6371021013239584,0.5059612298107471
image,512,4,15,0.5953388308018417,0.4960238697847061
image,512,4,16,0.5773077371215727,0.5098568020401583
image,512,4,17,0.5264727737604498,0.512996606862986
image,512,4,18,0.5047625223418123,0.5076411262285653
image,512,4,19,0.47327698868218304,0.48588270467837774
image,512,4,20,0.44466466424194195,0.5032457378099564
image,512,4,21,0.44391743594257704,0.5274892381970119
image,512,4,22,0.3971803166360258,0.49976698819137116
image,512,4,23,0.37754109891328586,0.5176038714466157
image,512,4,24,0.3890057430086158,0.5012994854051654
image,512,4,25,0.36472672285543206,0.49839793044343256
image,512,4,26,0.33496739196261927,0.5075788199002051
image,512,4,27,0.30377014047233464,0.5038205376373738
image,512,4,28,0.3150041142995343,0.5117461797935624
image,512,4,29,0.30318416533042986,0.505060315358885
image,512,4,30,0.29269082155572834,0.5051043292666684
image,512,4,31,0.28083776807808464,0.491652307371283
image,512,4,32,0.2635747890588771,0.485929205132468
image,512,4,33,0.2701981167519167,0.4898998832892614
image,512,4,34,0.25695141613034395,0.49781281756330004
image,512,4,35,0.21273299716864497,0.5037997586704902
image,512,4,36,0.20230730875589556,0.5035875156379815
image,512,4,37,0.2043667916505016,0.4966041012890969
image,512,4,38,0.2108147267265629,0.49852460163439055
image,512,4,39,0.22930787715059087,0.5168949407893199
image,512,4,40,0.2070870523008799,0.5117180940492116
image,512,4,41,0.1699660041714511,0.5229154910347064
image,512,4,42,0.17513111903848627,0.51489651167514
image,512,4,43,0.16380907489243704,0.501651453996743
image,512,4,44,0.1641450458853861,0.5181786407017425
image,512,4,45,0.15853014914395183,0.5024434393769922
image,512,4,46,0.16428922965532047,0.49856333672665376
image,512,4,47,0.19364634767550545,0.503711853144086
image,512,4,48,0.18419079736358332,0.514231014052105
image,512,4,49,0.16557822838947886,0.5123442451341703
image,512,4,50,0.16429453404895447,0.520076028395299
early,128,4,1,1.06664154323015,0.4476454617870111
early,128,4,2,1.0244152465883412,0.4719105156389802
early,128,4,3,0.9983826084797631,0.5037530136380747
early,128,4,4,0.9706990852185714,0.5108427176508121
early,128,4,5,0.9445513923988942,0.5096547191989114
early,128,4,6,0.9180156060253797,0.5293267143916429
early,128,4,7,0.8967025615018663,0.5243700594796143
early,128,4,8,0.8681655895737324,0.5347369499986314
early,128,4,9,0.8357303620868537,0.5189762106204184
early,128,4,10,0.8142453932855858,0.5188047612144104
early,128,4,11,0.784676296239285,0.4964489163417189
early,128,4,12,0.7677706050123108,0.5273753666050758
early,128,4,13,0.7273381282531196,0.528537276702282
early,128,4,14,0.6877588872592487,0.5320475463525352
early,128,4,15,0.6668109647414742,0.5496357851678614
early,128,4,16,0.6505519746757905,0.5255505982925947
early,128,4,17,0.6170149373883229,0.5386816315176022
early,128,4,18,0.6086693261437365,0.5328316746540852
early,128,4,19,0.604072579547221,0.5220587433520808
early,128,4,20,0.5626771504122274,0.5393159454041664
early,128,4,21,0.5338623986804911,0.5181578617348589
early,128,4,22,0.5218667938617109,0.5247272763144215
early,128,4,23,0.5143232682943735,0.5149611211160631
early,128,4,24,0.48968009684384944,0.5286124743465361
early,128,4,25,0.43809123131786065,0.5359689623583156
early,128,4,26,0.45792483932027805,0.5221050298001365
early,128,4,27,0.4180728895641568,0.5351795552412453
early,128,4,28,0.4198284161371986,0.5030307636528156
early,128,4,29,0.39813174716847627,0.5457868662539938
early,128,4,30,0.38127393850216584,0.5411431696906637
early,128,4,31,0.3533501666255205,0.5254548051152007
early,128,4,32,0.38442057972457266,0.5392407171876216
early,128,4,33,0.35256939186372016,0.5042499458411871
early,128,4,34,0.3490626973634152,0.5458542373918395
early,128,4,35,0.34997387733609414,0.522682377318442
early,128,4,36,0.3272144404876595,0.5220275596156101
early,128,4,37,0.3201619303308469,0.5167836474605626
early,128,4,38,0.32100825215748713,0.529904275915983
early,128,4,39,0.3053029850491375,0.5239506076517918
early,128,4,40,0.29897664309211763,0.5403925893827285
early,128,4,41,0.3162900739679796,0.5279471601572451
early,128,4,42,0.28829052725113147,0.5410164984997056
early,128,4,43,0.26886936232491554,0.5476686315070242
early,128,4,44,0.27443004562313583,0.5529774282536107
early,128,4,45,0.2764327468694018,0.5101857191245801
early,128,4,46,0.2678047867727951,0.5371700355598542
early,128,4,47,0.2907813446827494,0.5589413484259357
early,128,4,48,0.2598112476943869,0.5300258517251648
early,128,4,49,0.2599590233494483,0.5351639328007192
early,128,4,50,0.25953968593108234,0.5298834358045181
early,256,4,1,1.0656500627398686,0.4456755158569606
early,256,4,2,1.0316444994620015,0.4880976467549949
early,256,4,3,0.984914092950418,0.4921392526261139
early,256,4,4,0.9626072086430439,0.5012238291765514
early,256,4,5,0.9308285834630747,0.5346049694198625
early,256,4,6,0.8998075524900845,0.5132167375464843
early,256,4,7,0.8602733458607383,0.5301189749225079
early,256,4,8,0.8337234249280547,0.5300566685941477
early,256,4,9,0.7971894932191488,0.5345502450195854
early,256,4,10,0.746243777877965,0.5431544595484469
early,256,4,11,0.7160341694360477,0.540045563311474
early,256,4,12,0.6835983790923368,0.5142176947241418
early,256,4,13,0.6435336425505113,0.5308048846449386
early,256,4,14,0.6186891761405563,0.5306960778624882
early,256,4,15,0.5992192123274392,0.5086067112659319
early,256,4,16,0.5537739194712403,0.5176295012169504
early,256,4,17,0.5339832278380345,0.5228506981600393
early,256,4,18,0.5172635448045353,0.4945385761876871
early,256,4,19,0.46846555101648923,0.5048944810635945
early,256,4,20,0.46053549854278253,0.531348347874432
early,256,4,21,0.4334016272446151,0.54052469225066
early,256,4,22,0.42183342157252063,0.5324043351752731
early,256,4,23,0.38969136475345323,0.5227548744103547
early,256,4,24,0.37103791563697536,0.5239763902835798
early,256,4,25,0.37194891930446444,0.5027903737313748
early,256,4,26,0.3560705374703031,0.5372657064480854
early,256,4,27,0.33876619989505724,0.5240570196048074
early,256,4,28,0.3280599383284059,0.5162915966331919
early,256,4,29,0.31685285938887214,0.5320424509707589
early,256,4,30,0.3047456732645138,0.527489299341593
early,256,4,31,0.2981812556259288,0.5293553198649349
early,256,4,32,0.27537968457038,0.527232767250685
early,256,4,33,0.2689010967612462,0.5240619315528398
early,256,4,34,0.22820239833562522,0.5384692050513495
early,256,4,35,0.24782207189448108,0.5331992962584794
early,256,4,36,0.2407266140042701,0.543218977272498
early,256,4,37,0.2467316282730668,0.5300465695474671
early,256,4,38,0.22515572771024908,0.531910286958246
early,256,4,39,0.2191363526608879,0.5128230072058685
early,256,4,40,0.23139115586227718,0.5225839753055787
early,256,4,41,0.20274488261360596,0.5312943266368398
early,256,4,42,0.2221402354145534,0.5260111902328788
early,256,4,43,0.20841056393881022,0.5319308824913858
early,256,4,44,0.18787331934292278,0.5398334731404185
early,256,4,45,0.20062667487724234,0.5173786148090506
early,256,4,46,0.21643639855938507,0.5305875768029442
early,256,4,47,0.1854000597938412,0.5258714748645734
early,256,4,48,0.17441632252343944,0.519496072041524
early,256,4,49,0.18584319799796817,0.5135374306847192
early,256,4,50,0.16193841849238685,0.537768100900462
early,512,4,1,1.059097993658911,0.46657970684312017
early,512,4,2,1.015725684759463,0.48803628816764516
early,512,4,3,0.972595688576703,0.4960808055806741
early,512,4,4,0.933806349986739,0.506779160875001
early,512,4,5,0.8955136629116172,0.5162734570740684
early,512,4,6,0.8823773254928065,0.5342914607699322
early,512,4,7,0.8444279564859982,0.506652601782442
early,512,4,8,0.7862649643339176,0.5296297469366412
early,512,4,9,0.7455052578601531,0.5486625162947761
early,512,4,10,0.7339975138082295,0.5394191982204807
early,512,4,11,0.6817353452146151,0.5272455974219977
early,512,4,12,0.6480617513041241,0.5242194501850714
early,512,4,13,0.6102118965371335,0.5299869331991577
early,512,4,14,0.5725912775440447,0.5063080418759671
early,512,4,15,0.5311736088091141,0.5182481926629886
early,512,4,16,0.5217862956023318,0.5333726819095624
early,512,4,17,0.481743109097373,0.5286849408661582
early,512,4,18,0.47749358710405515,0.48462193398394837
early,512,4,19,0.4612315443356311,0.5135994924347542
early,512,4,20,0.41875151571897923,0.5424089440499974
early,512,4,21,0.39918330630981214,0.5261379531407088
early,512,4,22,0.41031824467204026,0.5161182721266903
early,512,4,23,0.3402942402262083,0.5431258235028643
early,512,4,24,0.33795431073751364,0.5418418790121163
early,512,4,25,0.32271136326396266,0.5035950975660645
early,512,4,26,0.2942183187778684,0.5504019879163224
early,512,4,27,0.2966599272697666,0.5122795134040845
early,512,4,28,0.2796518254428467,0.5076693954066601
early,512,4,29,0.2682552832269372,0.5367300085804191
early,512,4,30,0.24640955121213398,0.5399082733448942
early,512,4,31,0.26595818726031695,0.5254830131487142
early,512,4,32,0.27560021818328445,0.5352363076034693
early,512,4,33,0.2569442336242237,0.5064090527242998
early,512,4,34,0.22143491031769805,0.530787020236431
early,512,4,35,0.22201219390463994,0.518082725235186
early,512,4,36,0.2158606280723713,0.5234718150078029
early,512,4,37,0.18962803392225977,0.531987971148807
early,512,4,38,0.20797055404263562,0.5484296165845465
early,512,4,39,0.19554611480200912,0.5320162097546111
early,512,4,40,0.18168540270629963,0.5253951687668913
early,512,4,41,0.20178927219074122,0.5373123903359196
early,512,4,42,0.18859369453937158,0.5234357193232998
early,512,4,43,0.1651123252230865,0.524023074171414
early,512,4,44,0.14947562148599908,0.5438533523036435
early,512,4,45,0.18796702219820632,0.5221932410494473
early,512,4,46,0.17484131221629892,0.5201948425075581
early,512,4,47,0.16241294491878697,0.5300750527315965
early,512,4,48,0.1404596178420559,0.5386192946169513
early,512,4,49,0.1322209008338215,0.54049353908648
early,512,4,50,0.13448065143997381,0.5155435028715636
intermediate,128,4,1,1.059115651217672,0.4490121858500962
intermediate,128,4,2,1.0152020382170517,0.5071875353428418
intermediate,128,4,3,0.9880620623821904,0.5024384357120879
intermediate,128,4,4,0.954969037293685,0.49778221470035167
intermediate,128,4,5,0.938521701568,0.5175830007628602
intermediate,128,4,6,0.896104891730495,0.5292520976209113
intermediate,128,4,7,0.8621785440407461,0.5142649594854986
intermediate,128,4,8,0.8411922560259821,0.5251514566565323
intermediate,128,4,9,0.7854297582610412,0.5295079265491341
intermediate,128,4,10,0.7760152297452595,0.520992137275618
intermediate,128,4,11,0.7522702718460478,0.5312631123280784
intermediate,128,4,12,0.6885970873087693,0.532495185832344
intermediate,128,4,13,0.6732459329910603,0.4943907897346482
intermediate,128,4,14,0.6549841248321409,0.519664423455412
intermediate,128,4,15,0.6261363352785883,0.5188519342588951
intermediate,128,4,16,0.5924797454233292,0.531980297503852
intermediate,128,4,17,0.5714020763621188,0.5425278193068377
intermediate,128,4,18,0.5356882144652778,0.5206656863559759
intermediate,128,4,19,0.525413611639612,0.5100791543101111
intermediate,128,4,20,0.506722793827438,0.525400050142633
intermediate,128,4,21,0.47425357470776347,0.5181759401494012
intermediate,128,4,22,0.4553406756899609,0.5339575807836604
intermediate,128,4,23,0.4544705048257157,0.5313458307558344
intermediate,128,4,24,0.42002715796593404,0.5394040037920239
intermediate,128,4,25,0.4010887619436197,0.5101518042634772
intermediate,128,4,26,0.3745339777707429,0.5221854756876202
intermediate,128,4,27,0.37179308486422125,0.522716017028929
intermediate,128,4,28,0.35607327660927024,0.49983171992145686
intermediate,128,4,29,0.3356859838224574,0.5168504377248859
intermediate,128,4,30,0.32138442301062964,0.510322458789928
intermediate,128,4,31,0.3155484592723253,0.5274090368878532
intermediate,128,4,32,0.3185346284890386,0.511492684550193
intermediate,128,4,33,0.30676093665334464,0.5108351968673103
intermediate,128,4,34,0.3105409463682684,0.5214011945246169
intermediate,128,4,35,0.25936590490909706,0.5022726014167974
intermediate,128,4,36,0.2812320327333181,0.5056736668448215
intermediate,128,4,37,0.26717761762213244,0.5122639215358492
intermediate,128,4,38,0.2705150949166245,0.5215924140119167
intermediate,128,4,39,0.2592145284101528,0.5175650752097712
intermediate,128,4,40,0.21907168338328473,0.5063751072909064
intermediate,128,4,41,0.21260759998277645,0.5149716787471036
intermediate,128,4,42,0.22738070291083562,0.516881866039682
intermediate,128,4,43,0.21720560804336453,0.5241423468680328
intermediate,128,4,44,0.20556780237361638,0.5142777285122299
intermediate,128,4,45,0.20422459563348397,0.5082828080371781
intermediate,128,4,46,0.19279960722775683,0.5149429204123582
intermediate,128,4,47,0.19031929178605733,0.4857711361990045
intermediate,128,4,48,0.21498224621439152,0.4865944276048871
intermediate,128,4,49,0.1856768953040745,0.5064918017243465
intermediate,128,4,50,0.2219286350355826,0.49376169351902294
intermediate,256,4,1,1.066113050828166,0.45949528164590286
intermediate,256,4,2,1.0080321553766318,0.48649866499978384
intermediate,256,4,3,0.971781058327862,0.515628830134789
intermediate,256,4,4,0.9334957589878241,0.5010483849912309
intermediate,256,4,5,0.899074481992381,0.5099443406990746
intermediate,256,4,6,0.8676054462658707,0.5274658809669494
intermediate,256,4,7,0.8209391021744135,0.5158436514304765
intermediate,256,4,8,0.7867417467292551,0.500962568571355
intermediate,256,4,9,0.7436857013244766,0.5292312575094463
intermediate,256,4,10,0.7120842219101887,0.5116033664331372
intermediate,256,4,11,0.6899973530672513,0.5420205129064288
intermediate,256,4,12,0.6348554869967916,0.5272846076648768
intermediate,256,4,13,0.6165188292460562,0.5115861134704427
intermediate,256,4,14,0.5675802388973717,0.5219317664382163
intermediate,256,4,15,0.5513629881995177,0.524222670466354
intermediate,256,4,16,0.5181335212752501,0.5083089575364538
intermediate,256,4,17,0.453013756608635,0.5168970604681388
intermediate,256,4,18,0.44361255616388906,0.5070194896518605
intermediate,256,4,19,0.44307249104082486,0.5186287973001488
intermediate,256,4,20,0.4025759756116058,0.5168484709075203
intermediate,256,4,21,0.3663935113492029,0.5168429475136748
intermediate,256,4,22,0.34267842081426364,0.5227575749626961
intermediate,256,4,23,0.34389331797244627,0.5110057596768892
intermediate,256,4,24,0.3130501837485195,0.5306650469874706
intermediate,256,4,25,0.30740148689545377,0.528177481604296
intermediate,256,4,26,0.323996468436472,0.5036031075062168
intermediate,256,4,27,0.3047267515913916,0.5201900528486884
intermediate,256,4,28,0.29834274707018565,0.5097975325593367
intermediate,256,4,29,0.2896680657566082,0.5266971305276001
intermediate,256,4,30,0.25424029144876087,0.5148959919461987
intermediate,256,4,31,0.233104578596703,0.515018148628903
intermediate,256,4,32,0.20551025314952676,0.5175702317361288
intermediate,256,4,33,0.20277610027786164,0.5154916318850812
intermediate,256,4,34,0.195360977220957,0.5135556008161335
intermediate,256,4,35,0.21434993624609103,0.5116557571485608
intermediate,256,4,36,0.18496403879038514,0.5088809039500766
intermediate,256,4,37,0.18431484912053273,0.5076541092613313
intermediate,256,4,38,0.18290654194284728,0.48706539374246766
intermediate,256,4,39,0.2160793121012164,0.5068746483294883
intermediate,256,4,40,0.17327052492939993,0.5268526211978847
intermediate,256,4,41,0.17080654897701142,0.5274839593814916
intermediate,256,4,42,0.16113132819694415,0.5162192829750231
intermediate,256,4,43,0.1445189714090105,0.5187764920363157
intermediate,256,4,44,0.15150310874200046,0.5188076146282051
intermediate,256,4,45,0.13977481343786793,0.5234331410601211
intermediate,256,4,46,0.1377067146685537,0.5234226751459526
intermediate,256,4,47,0.11754238433450158,0.5148056915903597
intermediate,256,4,48,0.1325373107020167,0.5024019731600968
intermediate,256,4,49,0.1254569397543127,0.5181605317149097
intermediate,256,4,50,0.12605541283884011,0.5232854463239541
intermediate,512,4,1,1.0624361239102798,0.47065664409147584
intermediate,512,4,2,0.9982980235537426,0.48732103923694653
intermediate,512,4,3,0.9582344101680289,0.49548341283046066
intermediate,512,4,4,0.9237817105722161,0.5183211177669705
intermediate,512,4,5,0.8823415645801783,0.5136309513218409
intermediate,512,4,6,0.8487020319421058,0.5255427412138957
intermediate,512,4,7,0.7998629924003858,0.5292050774378798
intermediate,512,4,8,0.7506087620532439,0.5121627883983537
intermediate,512,4,9,0.7047807824560903,0.49391445306467546
intermediate,512,4,10,0.6668687979783772,0.5114434223991801
intermediate,512,4,11,0.6463375220211303,0.5529930506941367
intermediate,512,4,12,0.5895352981987055,0.5367896143564379
intermediate,512,4,13,0.5724732541194557,0.5319594879646776
intermediate,512,4,14,0.5148326822511102,0.5167598010738497
intermediate,512,4,15,0.5084124450366535,0.5214685045178814
intermediate,512,4,16,0.46765268942273486,0.5320628936424453
intermediate,512,4,17,0.4409762842710628,0.5459992621479558
intermediate,512,4,18,0.3973693779617538,0.5261950417981301
intermediate,512,4,19,0.3749427812004964,0.5088703768913267
intermediate,512,4,20,0.3486774325995534,0.5135582707961842
intermediate,512,4,21,0.3309389151025123,0.5087253521352105
intermediate,512,4,22,0.3379110106670618,0.5374963030457522
intermediate,512,4,23,0.2952948609727584,0.5378325269076412
intermediate,512,4,24,0.27402885914668856,0.5023840170347174
intermediate,512,4,25,0.24850237873238576,0.508829032963594
intermediate,512,4,26,0.23086322698579864,0.5306911964867465
intermediate,512,4,27,0.24448268701707657,0.5365098778969207
intermediate,512,4,28,0.22784794651794307,0.5431054419757592
intermediate,512,4,29,0.2097851712411636,0.5274013020983169
intermediate,512,4,30,0.21361215587350293,0.5128568303500994
intermediate,512,4,31,0.19603596461764172,0.5143840793206641
intermediate,512,4,32,0.17666866120025443,0.5227109522194433
intermediate,512,4,33,0.1642625541168473,0.5005929190050139
intermediate,512,4,34,0.1702862552617598,0.5182641513987118
intermediate,512,4,35,0.14977974808493325,0.5246937283208065
intermediate,512,4,36,0.15359625355497641,0.5397556972329856
intermediate,512,4,37,0.14916285582538358,0.522123261076132
intermediate,512,4,38,0.14828988671537074,0.5035487499734276
intermediate,512,4,39,0.1391711649282073,0.5378919798222066
intermediate,512,4,40,0.15212474242121204,0.5378662583349999
intermediate,512,4,41,0.13934394938683964,0.5267668047780089
intermediate,512,4,42,0.13360665335914482,0.5181966579717034
intermediate,512,4,43,0.12771157693402166,0.5220561345166114
intermediate,512,4,44,0.1189916762823829,0.5140730674078042
intermediate,512,4,45,0.15066019013948687,0.4937463462291128
intermediate,512,4,46,0.12984798598242633,0.52991204127781
intermediate,512,4,47,0.09816770711922856,0.5134520728492031
intermediate,512,4,48,0.0766775967169503,0.5484557049392409
intermediate,512,4,49,0.07289053191718531,0.5484789398801407
intermediate,512,4,50,0.08971066593567426,0.5392175128190124
late,128,4,1,1.0720050157268362,0.44368257956433554
late,128,4,2,1.0311724875272394,0.4717441819962756
late,128,4,3,0.9903704193510698,0.5006497325118192
late,128,4,4,0.9744333474705581,0.5098381427520936
late,128,4,5,0.9445295784655376,0.5236012784679744
late,128,4,6,0.9172688990470194,0.5393157313981318
late,128,4,7,0.8708760126317246,0.5223041063661354
late,128,4,8,0.8665243461410842,0.5247946474522673
late,128,4,9,0.8119298598432869,0.5228946509232414
late,128,4,10,0.7929843802003832,0.5334115392909883
late,128,4,11,0.7482451188771247,0.5261921883843353
late,128,4,12,0.7520306132833878,0.5233238756933107
late,128,4,13,0.7033142266881064,0.5096316065471742
late,128,4,14,0.6772055988463268,0.5279188298345691
late,128,4,15,0.6428774259850271,0.5203400812697089
late,128,4,16,0.6143378378952131,0.5398126024566628
late,128,4,17,0.6027934151011297,0.5215721242016836
late,128,4,18,0.576403483636177,0.515484049956998
late,128,4,19,0.5361831144079239,0.5029377321723444
late,128,4,20,0.5114212662928462,0.5313018474203417
late,128,4,21,0.4817347595955636,0.5386038861824599
late,128,4,22,0.4730621685249236,0.5300386818964774
late,128,4,23,0.43678760882912404,0.5319724709974437
late,128,4,24,0.4356110003144476,0.530020542337354
late,128,4,25,0.4222445321149448,0.5247973480046088
late,128,4,26,0.40067379721804913,0.5083580056814322
late,128,4,27,0.36778661630171616,0.5168431003751282
late,128,4,28,0.3673719594976842,0.531371735676785
late,128,4,29,0.3601387076853456,0.5175521533215867
late,128,4,30,0.3242876575378133,0.5531149627985158
late,128,4,31,0.3312677152715977,0.5302044550471865
late,128,4,32,0.307257464488061,0.5313020002817951
late,128,4,33,0.2917006893642918,0.5469724087318782
late,128,4,34,0.27080953809869823,0.5293294149439843
late,128,4,35,0.28133330735034173,0.5318947868068826
late,128,4,36,0.26278511943131483,0.5239249778814572
late,128,4,37,0.2537133800341112,0.5332977899882149
late,128,4,38,0.2568412443486894,0.5384615925509758
late,128,4,39,0.22310721807369746,0.5267152700867236
late,128,4,40,0.24330018942488088,0.5305616107374124
late,128,4,41,0.22104150032922942,0.5155126248579993
late,128,4,42,0.217526327492837,0.534700701452675
late,128,4,43,0.1828473169482266,0.5266789909684766
late,128,4,44,0.19468869192753313,0.5280172929920136
late,128,4,45,0.20235980635211775,0.5306290735921303
late,128,4,46,0.17720321079004095,0.533949845994124
late,128,4,47,0.2002062455498114,0.5247481164258865
late,128,4,48,0.16710500572885875,0.537201035862581
late,128,4,49,0.1800999831136156,0.5347238141044122
late,128,4,50,0.17166748951389638,0.5319285182342415
late,256,4,1,1.0627720432518897,0.4510260233987677
late,256,4,2,1.0158755661345606,0.49247784074514706
late,256,4,3,0.9769081338834965,0.5196486481534327
late,256,4,4,0.9426945626755211,0.5081978170691498
late,256,4,5,0.9043321965211655,0.5314804813146542
late,256,4,6,0.8939675656725374,0.5316303263019307
late,256,4,7,0.8462358670784457,0.5295239158571481
late,256,4,8,0.7882845215706836,0.5433666108640836
late,256,4,9,0.7558645831535107,0.5413578381248979
late,256,4,10,0.7224851811553,0.5428464437200713
late,256,4,11,0.6956902408927845,0.5287390843929128
late,256,4,12,0.6594596398763097,0.5302403061533645
late,256,4,13,0.6139084968534095,0.5253797603323999
late,256,4,14,0.5878800556693279,0.5307270781652149
late,256,4,15,0.5456254408080735,0.5262310457657612
late,256,4,16,0.5175624948972333,0.5283357339715034
late,256,4,17,0.49517254822768814,0.5518025351236385
late,256,4,18,0.4795796838776619,0.5234150015009975
late,256,4,19,0.45249556170461064,0.5202393149997012
late,256,4,20,0.4197884442335342,0.5209224018806279
late,256,4,21,0.3962715810980517,0.5149533863265267
late,256,4,22,0.37124142998599474,0.4983329541350215
late,256,4,23,0.3389288750859975,0.5313303917490524
late,256,4,24,0.32385699649619304,0.5221233527930039
late,256,4,25,0.32106233713980625,0.500991265761519
late,256,4,26,0.30120936486122063,0.5260009688970355
late,256,4,27,0.267152762573116,0.5169415329602821
late,256,4,28,0.2695685856817903,0.5240155839602029
late,256,4,29,0.2866132186839825,0.5220559816551581
late,256,4,30,0.2576375143121119,0.4963992567509273
late,256,4,31,0.24325512558992987,0.505034532727097
late,256,4,32,0.22213143330888596,0.5181318039524551
late,256,4,33,0.1957841279992423,0.5043357928333537
late,256,4,34,0.21776951125634134,0.530750741118184
late,256,4,35,0.19793419465251802,0.5114953239579532
late,256,4,36,0.1916588750035498,0.5267280085411642
late,256,4,37,0.18389593727113066,0.5228378068441454
late,256,4,38,0.16466218463971583,0.5149431038461022
late,256,4,39,0.18658146593332917,0.5110320620376183
late,256,4,40,0.1462737936349607,0.5201356647436085
late,256,4,41,0.14314894104370945,0.5247817561363733
late,256,4,42,0.14645744548287504,0.5260784696538526
late,256,4,43,0.1531322243035601,0.49906563946215843
late,256,4,44,0.16198695481038272,0.5208004286316676
late,256,4,45,0.13468879713383106,0.5215226786169267
late,256,4,46,0.15309472731535761,0.5275695312230423
late,256,4,47,0.17069592911846473,0.5378481493481672
late,256,4,48,0.13584148629528556,0.5195504907188946
late,256,4,49,0.12977650316961079,0.5143219564260478
late,256,4,50,0.12745772549608594,0.531302091998667
late,512,4,1,1.0616079540163659,0.4601242555723655
late,512,4,2,1.0133579200383214,0.48954503071159844
late,512,4,3,0.967819734827011,0.5091109502465115
late,512,4,4,0.9334572529425748,0.5086817662394963
late,512,4,5,0.8923221892346876,0.48703746085957017
late,512,4,6,0.8452077455259799,0.4977951365885363
late,512,4,7,0.7943509121117652,0.5201873217240562
late,512,4,8,0.7542687875889498,0.5181889843267483
late,512,4,9,0.7050765670599252,0.5063465935344863
late,512,4,10,0.6680704650627446,0.5188722240691283
late,512,4,11,0.6454730425511974,0.5340562579471396
late,512,4,12,0.5806840661897293,0.5328265792723089
late,512,4,13,0.5632781222184448,0.5206579515664397
late,512,4,14,0.5100805378725518,0.5197704991132303
late,512,4,15,0.500393638982173,0.5240489179477832
late,512,4,16,0.44315383331212616,0.5079903025509295
late,512,4,17,0.4143608696356079,0.5187943258725327
late,512,4,18,0.41859762888442015,0.53016866508559
late,512,4,19,0.38512574863012133,0.5111563689714322
late,512,4,20,0.3625053244557804,0.5386661619385293
late,512,4,21,0.3059207403753532,0.5122100225874198
late,512,4,22,0.31183525718824223,0.5359300438323084
late,512,4,23,0.29069084996986577,0.5134313244546101
late,512,4,24,0.2621883173780366,0.5365357828178713
late,512,4,25,0.2441045834789345,0.5235494991983639
late,512,4,26,0.23459256670532014,0.5426212787993779
late,512,4,27,0.19738272562149584,0.5404961479219494
late,512,4,28,0.19803597694375732,0.5305849373951842
late,512,4,29,0.19161035911669078,0.5181271671550386
late,512,4,30,0.19493094869531494,0.5452252328930861
late,512,4,31,0.19816214478273608,0.5253614067672417
late,512,4,32,0.16925495606229377,0.5287237676752934
late,512,4,33,0.1937594675223163,0.5411199347497638
late,512,4,34,0.15296964950632588,0.5458257847800009
late,512,4,35,0.19167131881537378,0.5266945828367119
late,512,4,36,0.18799205377937106,0.5147513952021519
late,512,4,37,0.19618592212874109,0.5391577541815403
late,512,4,38,0.14450317943365582,0.5175754188347771
late,512,4,39,0.14286414127524782,0.5260863573048423
late,512,4,40,0.13807625226161538,0.5379282589404536
late,512,4,41,0.12961449166482253,0.5254211348324231
late,512,4,42,0.13949732180798285,0.5163668554220274
late,512,4,43,0.14886517278042302,0.5273339309604711
late,512,4,44,0.11795018248008658,0.5246548403670901
late,512,4,45,0.11573969377305443,0.5326092714303147
late,512,4,46,0.11604426816823324,0.5319696787282302
late,512,4,47,0.11695563908857945,0.5195298646134642
late,512,4,48,0.1044061898726383,0.5465141199041571
late,512,4,49,0.08593333387961553,0.5215928725962765
late,512,4,50,0.07866171722431828,0.5313485924527571
learned,128,4,1,1.0715344563844045,0.4444202685563767
learned,128,4,2,1.0240434062625399,0.4771381531446342
learned,128,4,3,0.9882539675503608,0.5129942731781325
learned,128,4,4,0.9577134947209838,0.482872669038628
learned,128,4,5,0.9342243060923544,0.5248696005181962
learned,128,4,6,0.8899080152399143,0.5450985311298376
learned,128,4,7,0.8720786221645092,0.5372320055930172
learned,128,4,8,0.8309618202616182,0.5355440992350466
learned,128,4,9,0.7985720346491727,0.5347004874466404
learned,128,4,10,0.7679478797098866,0.5130975565667375
learned,128,4,11,0.7509153497402605,0.5233968313695834
learned,128,4,12,0.7005256615698708,0.5312863166966877
learned,128,4,13,0.6943787508740255,0.5227318534754896
learned,128,4,14,0.6442149699886158,0.5222709863845896
learned,128,4,15,0.6331284186936113,0.5114644765166797
learned,128,4,16,0.6206210714810956,0.5083815463452385
learned,128,4,17,0.5997742726066407,0.5360466465488765
learned,128,4,18,0.5636913827158293,0.5240646321051812
learned,128,4,19,0.533779881643226,0.5320709341548883
learned,128,4,20,0.5370001737071067,0.51562361246385
learned,128,4,21,0.49016889378238104,0.5022234309826564
learned,128,4,22,0.49008197984342455,0.5215616277152245
learned,128,4,23,0.45182390463691907,0.5282424273404164
learned,128,4,24,0.42900641346969565,0.5372684987172988
learned,128,4,25,0.4174806019965446,0.5148782192545632
learned,128,4,26,0.41100537866754216,0.517666269491848
learned,128,4,27,0.38658497993804725,0.5167936547903712
learned,128,4,28,0.36097693992879326,0.5084355064382493
learned,128,4,29,0.36116106577322515,0.5247582766171482
learned,128,4,30,0.344951854410462,0.5314262460710276
learned,128,4,31,0.31672327789056115,0.5221260533453455
learned,128,4,32,0.32397615500075133,0.5379698474465116
learned,128,4,33,0.3177062262873395,0.5154734311813763
learned,128,4,34,0.2943917138827187,0.5314131713213897
learned,128,4,35,0.2784717340977747,0.5109904429592698
learned,128,4,36,0.254096092911888,0.5247685590975728
learned,128,4,37,0.2528315437570229,0.5095563477583388
learned,128,4,38,0.26283590030443693,0.5255686767071368
learned,128,4,39,0.23907612206562598,0.5411226047298147
learned,128,4,40,0.2388486450289727,0.5130482638434338
learned,128,4,41,0.22515656222896502,0.5242613749863265
learned,128,4,42,0.23862694199460863,0.5077832669985961
learned,128,4,43,0.2437128048430417,0.5227990106073008
learned,128,4,44,0.22150939508730805,0.5299794124156558
learned,128,4,45,0.198944982913647,0.5208032820454623
learned,128,4,46,0.19855466281493062,0.5189423569038968
learned,128,4,47,0.20547882164653075,0.5235575702830976
learned,128,4,48,0.21322510363409022,0.5102992238490281
learned,128,4,49,0.22389887452437923,0.5293942995355233
learned,128,4,50,0.17821901277210375,0.5102345838358144
learned,256,4,1,1.0621610863303264,0.46085427091945164
learned,256,4,2,1.0036883022290857,0.4881136360630089
learned,256,4,3,0.9716984372899605,0.5156289524239516
learned,256,4,4,0.9338195382514002,0.5294977663578723
learned,256,4,5,0.9058989927372775,0.5145209107028841
learned,256,4,6,0.8570969582111609,0.5314210284000885
learned,256,4,7,0.8253230754758271,0.5222656158521974
learned,256,4,8,0.792556588762204,0.5010401304727533
learned,256,4,9,0.7505920377864707,0.5306496691252699
learned,256,4,10,0.7128678814645599,0.5123694468924357
learned,256,4,11,0.6984043440934364,0.5216056721952986
learned,256,4,12,0.6363373048142297,0.5100820994407778
learned,256,4,13,0.6304355372454821,0.5280587286366183
learned,256,4,14,0.574619096837745,0.5208471736640831
learned,256,4,15,0.5632365485351281,0.5104781634662472
learned,256,4,16,0.5384985572035259,0.5443814988155173
learned,256,4,17,0.4986775818122554,0.5404311410412478
learned,256,4,18,0.4696543804259133,0.5444923947044961
learned,256,4,19,0.42363244285358587,0.5318972733531895
learned,256,4,20,0.4022665471765904,0.5206868321903474
learned,256,4,21,0.39952856344236454,0.533238000778452
learned,256,4,22,0.3554803623045775,0.5267565528698749
learned,256,4,23,0.37969966416783774,0.5385156749331491
learned,256,4,24,0.32462829775080854,0.5235184988956371
learned,256,4,25,0.321969805878965,0.5509404474809115
learned,256,4,26,0.3140017218055625,0.5338982501582574
learned,256,4,27,0.2870601973317312,0.5425152031415598
learned,256,4,28,0.2590352589288306,0.5320685087531628
learned,256,4,29,0.2818376701697341,0.5285995524583516
learned,256,4,30,0.266704733718078,0.5194622183250025
learned,256,4,31,0.23504289698686673,0.5384951099723
learned,256,4,32,0.22937651363174288,0.5300413824488189
learned,256,4,33,0.21482956146865917,0.5344597306577117
learned,256,4,34,0.20454490810993886,0.5235731315790423
learned,256,4,35,0.20140539383521205,0.524838722504632
learned,256,4,36,0.19976984360766262,0.5274763468811178
learned,256,4,37,0.21365891739145249,0.5452174981035499
learned,256,4,38,0.19628864218280467,0.5339189068359785
learned,256,4,39,0.1601892203688036,0.5266532389089793
learned,256,4,40,0.20450196666304415,0.524737650511718
learned,256,4,41,0.16305873121076672,0.5260809867724501
learned,256,4,42,0.1323009501170163,0.5182227157541073
learned,256,4,43,0.1455781680958567,0.5431415682325529
learned,256,4,44,0.16010693827252914,0.5411847276244309
learned,256,4,45,0.1465469555916491,0.5359638669765392
learned,256,4,46,0.1520878255533227,0.5314829067163797
learned,256,4,47,0.14631138839586577,0.5292442711145028
learned,256,4,48,0.14671410506123253,0.5260707348643162
learned,256,4,49,0.14191373321235357,0.5385082458665194
learned,256,4,50,0.11698635745411656,0.531415963590603
learned,512,4,1,1.0615920430904056,0.4562261050797756
learned,512,4,2,1.0034095566271954,0.48915627346359614
learned,512,4,3,0.9678954744471747,0.46408056475254983
learned,512,4,4,0.9340008407235731,0.511868305903976
learned,512,4,5,0.8911494065455597,0.5094192717977936
learned,512,4,6,0.8479147711387431,0.5153055281610847
learned,512,4,7,0.8070029324092046,0.5186727194910602
learned,512,4,8,0.7594388852812913,0.5318277213919433
learned,512,4,9,0.7131322279860456,0.5005825142354267
learned,512,4,10,0.673720688477056,0.5127220269298264
learned,512,4,11,0.6316804654903581,0.5307272310266683
learned,512,4,12,0.5899248352372525,0.5269585134219591
learned,512,4,13,0.5723765173623728,0.5135761657769824
learned,512,4,14,0.5184115203450712,0.5048659673071745
learned,512,4,15,0.49543104217046996,0.5275409257497503
learned,512,4,16,0.46628708037789673,0.5267306173766337
learned,512,4,17,0.4415984868300457,0.5184294965373518
learned,512,4,18,0.40521902204184623,0.5208263946971995
learned,512,4,19,0.37101466032742597,0.5233189637452784
learned,512,4,20,0.3635553734598494,0.5418679062222295
learned,512,4,21,0.3503577888714771,0.4996270588170313
learned,512,4,22,0.31340460105876317,0.5373563736714123
learned,512,4,23,0.2949593026853568,0.506959945020423
learned,512,4,24,0.28984590662997783,0.512398908389866
learned,512,4,25,0.27497411329668936,0.527266406961172
learned,512,4,26,0.27105890127076426,0.4989724245479434
learned,512,4,27,0.24171183692444514,0.5346202555651912
learned,512,4,28,0.2285454613661477,0.5094529115082805
learned,512,4,29,0.20101954620801304,0.5203607379474299
learned,512,4,30,0.2035749485033518,0.5240594144342423
learned,512,4,31,0.21991942860515556,0.5182253245895767
learned,512,4,32,0.20746742868097423,0.5071333918160872
learned,512,4,33,0.19820897642351,0.5123778542723665
learned,512,4,34,0.19788667313630098,0.5058963757914988
learned,512,4,35,0.19755394608904953,0.532070597859691
learned,512,4,36,0.18292935913482963,0.5352906957085493
learned,512,4,37,0.15293384293845314,0.5119170177537572
learned,512,4,38,0.15466945221091816,0.5208005814931208
learned,512,4,39,0.1457844170446752,0.5307661189803848
learned,512,4,40,0.14041479485877567,0.5168325427440877
learned,512,4,41,0.1503894952767371,0.5405580873828217
learned,512,4,42,0.11052453395161049,0.5260422516801868
learned,512,4,43,0.10393501088008543,0.5280662799924107
learned,512,4,44,0.1288306926445144,0.5168118249217853
learned,512,4,45,0.15439577371887483,0.5333469604223557
learned,512,4,46,0.12912216318891434,0.5325443868387757
learned,512,4,47,0.1305732602540915,0.5161619803115671
learned,512,4,48,0.11707845059840592,0.5352776821034926
learned,512,4,49,0.11264588911534136,0.5274736769010672
learned,512,4,50,0.14779963228415943,0.5176738514199312
