external_code,fold,split,label,in_buffer
2,0,train,2,False
3,0,train,2,False
4,0,train,1,False
5,0,train,2,False
6,0,train,2,False
7,0,val,2,False
8,0,train,1,False
9,0,train,2,False
10,0,val,1,True
11,0,train,0,False
12,0,train,2,False
14,0,train,0,False
15,0,train,0,False
16,0,val,2,False
17,0,train,0,False
18,0,train,0,False
19,0,train,0,False
20,0,val,0,False
21,0,train,1,False
23,0,train,1,False
24,0,train,0,False
25,0,val,0,False
26,0,val,0,False
27,0,train,0,False
28,0,train,0,False
29,0,train,1,False
30,0,val,0,False
32,0,val,0,False
33,0,train,0,False
34,0,train,0,False
35,0,train,1,False
38,0,train,1,False
39,0,val,0,False
40,0,train,0,False
43,0,train,0,False
45,0,train,1,False
46,0,train,0,False
47,0,train,0,False
48,0,train,0,False
49,0,train,0,False
50,0,train,0,False
51,0,train,0,False
52,0,train,1,False
54,0,train,0,False
55,0,train,1,False
57,0,val,0,False
59,0,val,0,False
60,0,val,1,True
62,0,val,0,False
63,0,train,0,False
64,0,val,0,False
65,0,train,0,False
66,0,train,0,False
67,0,train,0,False
68,0,val,0,False
69,0,train,0,False
70,0,train,0,False
71,0,train,0,False
72,0,train,0,False
73,0,train,1,False
74,0,train,2,False
75,0,train,1,False
76,0,train,1,False
77,0,train,0,False
78,0,train,0,False
79,0,train,0,False
80,0,train,0,False
81,0,train,1,False
83,0,train,1,False
84,0,train,1,False
85,0,val,0,False
86,0,train,0,False
87,0,train,2,False
89,0,val,0,False
91,0,train,0,False
92,0,train,0,False
93,0,train,0,False
95,0,train,1,False
96,0,val,0,False
97,0,train,0,False
98,0,train,0,False
99,0,train,0,False
100,0,train,1,False
101,0,val,0,False
103,0,train,0,False
105,0,train,0,False
106,0,train,0,False
107,0,train,1,False
108,0,train,0,False
109,0,train,0,False
110,0,train,0,False
111,0,train,0,False
112,0,train,0,False
113,0,train,0,False
114,0,train,1,False
115,0,val,0,False
116,0,train,0,False
117,0,val,1,False
118,0,train,0,False
119,0,train,0,False
120,0,train,0,False
121,0,train,0,False
122,0,val,0,False
123,0,train,0,False
124,0,train,0,False
125,0,train,0,False
126,0,val,0,False
127,0,val,0,False
128,0,train,0,False
130,0,train,0,False
131,0,train,0,False
133,0,train,1,False
134,0,train,1,False
135,0,train,1,False
136,0,train,0,False
137,0,train,1,False
139,0,train,0,False
140,0,train,1,False
142,0,train,0,False
143,0,train,0,False
144,0,train,0,False
145,0,train,0,False
147,0,train,0,False
148,0,train,0,False
150,0,train,0,False
151,0,train,0,False
152,0,val,0,False
153,0,train,0,False
154,0,train,0,False
155,0,train,0,False
156,0,val,0,False
157,0,train,0,False
158,0,train,0,False
159,0,train,1,False
160,0,train,0,False
161,0,train,0,False
162,0,val,0,False
163,0,train,0,False
166,0,train,1,False
167,0,train,0,False
168,0,train,0,False
169,0,val,1,True
170,0,train,0,False
171,0,train,0,False
172,0,train,1,False
173,0,train,0,False
174,0,train,1,False
176,0,val,0,False
177,0,train,1,False
179,0,val,1,False
180,0,val,0,False
181,0,train,1,False
182,0,train,0,False
184,0,val,1,True
185,0,val,0,False
186,0,train,0,False
187,0,train,0,False
188,0,train,1,False
189,0,train,0,False
190,0,train,0,False
191,0,train,0,False
192,0,train,0,False
194,0,train,0,False
196,0,val,1,False
197,0,train,0,False
198,0,train,2,False
199,0,train,0,False
201,0,train,0,False
202,0,val,0,False
204,0,train,0,False
205,0,train,0,False
206,0,val,0,False
207,0,train,0,False
208,0,train,0,False
209,0,train,0,False
210,0,train,0,False
211,0,val,0,False
212,0,val,0,False
213,0,val,0,False
214,0,train,0,False
215,0,train,0,False
216,0,train,0,False
217,0,train,0,False
218,0,val,1,False
220,0,val,1,False
222,0,train,0,False
223,0,train,0,False
224,0,train,0,False
225,0,val,0,False
226,0,train,0,False
227,0,train,1,False
228,0,train,0,False
229,0,train,0,False
230,0,train,0,False
231,0,train,2,False
233,0,train,0,False
235,0,train,1,False
236,0,val,0,False
238,0,val,0,False
239,0,train,0,False
240,0,train,0,False
241,0,train,2,False
242,0,train,0,False
243,0,val,0,False
244,0,val,0,False
245,0,train,0,False
246,0,train,0,False
247,0,train,0,False
249,0,val,1,False
251,0,train,2,False
253,0,train,1,False
255,0,train,0,False
256,0,train,0,False
257,0,train,0,False
259,0,val,1,True
260,0,val,0,False
262,0,train,0,False
263,0,train,0,False
264,0,train,0,False
265,0,train,0,False
266,0,train,0,False
267,0,train,0,False
268,0,train,0,False
269,0,train,0,False
270,0,train,1,False
271,0,val,0,False
272,0,train,0,False
273,0,train,0,False
274,0,train,0,False
275,0,train,0,False
277,0,train,0,False
278,0,train,0,False
279,0,train,0,False
280,0,train,0,False
281,0,train,1,False
282,0,train,0,False
283,0,train,2,False
284,0,val,0,False
286,0,val,1,False
287,0,val,1,True
288,0,train,0,False
289,0,train,0,False
290,0,train,0,False
292,0,train,0,False
293,0,train,0,False
294,0,train,0,False
295,0,train,1,False
296,0,val,0,False
297,0,val,2,False
298,0,val,0,False
299,0,val,0,False
300,0,train,0,False
301,0,train,0,False
302,0,val,1,True
304,0,train,1,False
305,0,train,0,False
306,0,train,0,False
307,0,train,0,False
310,0,val,1,True
311,0,train,0,False
312,0,train,1,False
313,0,train,1,False
314,0,train,0,False
315,0,train,1,False
316,0,train,2,False
317,0,train,2,False
318,0,val,1,False
319,0,train,0,False
320,0,val,2,False
321,0,train,0,False
322,0,train,0,False
323,0,train,1,False
324,0,train,2,False
325,0,train,2,False
326,0,train,0,False
327,0,train,1,False
328,0,val,1,False
329,0,train,0,False
330,0,train,0,False
331,0,val,0,False
332,0,train,0,False
333,0,train,1,False
334,0,val,0,False
335,0,train,0,False
336,0,train,0,False
337,0,train,0,False
338,0,train,2,False
339,0,train,2,False
340,0,val,1,False
342,0,val,0,False
343,0,train,0,False
346,0,train,0,False
348,0,train,0,False
350,0,val,0,False
352,0,train,1,False
355,0,train,0,False
356,0,train,0,False
357,0,val,1,False
358,0,train,0,False
359,0,train,2,False
361,0,train,0,False
362,0,train,2,False
363,0,train,0,False
364,0,train,1,False
365,0,train,0,False
366,0,train,0,False
367,0,train,2,False
368,0,train,2,False
369,0,train,1,False
371,0,train,0,False
372,0,train,0,False
373,0,train,0,False
374,0,train,0,False
376,0,train,0,False
377,0,train,0,False
379,0,train,1,False
380,0,val,2,False
381,0,train,0,False
382,0,train,0,False
383,0,train,1,False
384,0,val,1,False
385,0,val,1,False
386,0,train,0,False
387,0,train,2,False
388,0,train,2,False
389,0,train,2,False
390,0,val,2,False
391,0,val,2,False
392,0,val,1,False
393,0,train,1,False
394,0,train,0,False
396,0,val,2,False
397,0,train,1,False
398,0,train,2,False
400,0,train,1,False
401,0,train,2,False
402,0,train,2,False
403,0,train,2,False
405,0,train,2,False
406,0,train,0,False
408,0,val,2,False
409,0,train,0,False
410,0,train,2,False
412,0,train,1,False
413,0,train,1,False
414,0,train,2,False
415,0,val,1,True
416,0,train,0,False
417,0,val,0,False
418,0,val,1,True
419,0,train,0,False
420,0,train,2,False
421,0,val,1,False
422,0,train,1,False
423,0,train,2,False
424,0,val,2,False
426,0,train,1,False
428,0,val,1,False
429,0,val,0,False
431,0,train,1,False
432,0,train,0,False
433,0,val,1,False
436,0,val,0,False
437,0,train,2,False
438,0,val,0,False
440,0,train,0,False
441,0,train,2,False
442,0,val,1,False
443,0,val,1,True
444,0,val,1,True
445,0,train,1,False
446,0,train,1,False
447,0,train,2,False
449,0,val,1,True
450,0,train,0,False
451,0,train,0,False
452,0,val,1,True
453,0,train,1,False
454,0,val,2,False
456,0,train,1,False
458,0,val,1,False
459,0,val,0,False
460,0,train,0,False
461,0,train,1,False
462,0,train,0,False
463,0,train,2,False
464,0,train,1,False
465,0,val,1,False
466,0,val,0,False
467,0,train,2,False
468,0,train,1,False
469,0,train,1,False
470,0,train,0,False
471,0,train,2,False
472,0,val,1,True
473,0,train,1,False
474,0,val,1,True
475,0,val,0,False
477,0,train,2,False
479,0,val,1,False
480,0,train,0,False
481,0,train,2,False
483,0,train,1,False
484,0,val,1,True
485,0,train,0,False
486,0,val,0,False
487,0,train,0,False
489,0,train,0,False
490,0,train,0,False
491,0,train,0,False
492,0,train,0,False
493,0,train,0,False
494,0,val,0,False
495,0,train,1,False
496,0,train,0,False
497,0,train,0,False
498,0,train,0,False
499,0,train,1,False
500,0,train,0,False
501,0,train,0,False
502,0,train,0,False
503,0,train,0,False
505,0,val,0,False
506,0,train,0,False
507,0,train,0,False
508,0,train,0,False
509,0,val,0,False
510,0,train,0,False
511,0,train,0,False
512,0,train,0,False
513,0,train,1,False
514,0,train,0,False
515,0,val,0,False
516,0,val,1,True
517,0,train,0,False
519,0,train,1,False
520,0,train,0,False
521,0,train,0,False
522,0,train,0,False
523,0,train,0,False
524,0,train,0,False
525,0,train,0,False
526,0,train,0,False
527,0,val,0,False
528,0,val,0,False
529,0,train,0,False
530,0,train,0,False
531,0,train,0,False
533,0,train,0,False
534,0,val,1,True
536,0,train,0,False
537,0,train,0,False
538,0,train,0,False
539,0,train,2,False
540,0,train,0,False
541,0,train,0,False
542,0,train,0,False
544,0,train,0,False
545,0,train,1,False
546,0,train,0,False
547,0,train,0,False
549,0,train,0,False
550,0,val,2,False
551,0,train,0,False
552,0,val,0,False
553,0,val,0,False
554,0,train,0,False
555,0,train,0,False
556,0,train,1,False
557,0,val,0,False
558,0,train,0,False
559,0,train,0,False
560,0,train,2,False
561,0,train,2,False
563,0,train,1,False
564,0,train,0,False
566,0,val,1,True
567,0,val,0,False
568,0,train,1,False
569,0,train,0,False
571,0,train,0,False
572,0,val,1,False
573,0,val,0,False
574,0,train,2,False
575,0,train,0,False
576,0,train,0,False
577,0,train,1,False
579,0,train,0,False
580,0,val,0,False
581,0,train,0,False
582,0,train,0,False
583,0,val,0,False
584,0,train,0,False
585,0,val,2,False
587,0,train,1,False
588,0,val,0,False
589,0,train,0,False
590,0,train,0,False
591,0,val,0,False
592,0,train,2,False
593,0,val,1,False
594,0,train,0,False
595,0,train,0,False
596,0,train,0,False
597,0,train,0,False
599,0,train,2,False
600,0,train,1,False
601,0,train,0,False
602,0,val,1,True
604,0,train,1,False
606,0,train,0,False
609,0,val,1,False
610,0,train,0,False
611,0,val,0,False
612,0,train,1,False
613,0,train,1,False
614,0,train,1,False
615,0,train,2,False
616,0,val,1,False
617,0,val,0,False
618,0,train,0,False
619,0,train,0,False
620,0,train,0,False
621,0,train,0,False
622,0,train,0,False
623,0,train,0,False
625,0,train,2,False
626,0,train,0,False
627,0,val,0,False
628,0,train,0,False
629,0,val,0,False
630,0,train,0,False
631,0,train,0,False
632,0,train,2,False
634,0,train,1,False
635,0,train,2,False
636,0,train,2,False
637,0,val,0,False
638,0,train,0,False
639,0,train,2,False
640,0,val,2,False
641,0,train,2,False
643,0,train,1,False
645,0,train,2,False
646,0,train,2,False
648,0,val,2,False
649,0,train,2,False
650,0,train,1,False
651,0,train,0,False
652,0,train,0,False
653,0,train,1,False
654,0,train,0,False
655,0,train,2,False
656,0,val,2,False
657,0,train,0,False
658,0,train,1,False
660,0,train,1,False
661,0,train,0,False
662,0,train,1,False
664,0,train,1,False
665,0,train,1,False
666,0,val,1,False
667,0,train,1,False
668,0,train,2,False
670,0,train,0,False
671,0,train,2,False
672,0,train,1,False
673,0,train,1,False
674,0,train,0,False
675,0,train,0,False
676,0,train,0,False
678,0,val,0,False
679,0,train,2,False
680,0,train,2,False
682,0,train,1,False
683,0,train,2,False
685,0,train,0,False
686,0,val,2,False
688,0,train,1,False
689,0,val,0,False
690,0,train,2,False
694,0,train,0,False
697,0,train,1,False
698,0,train,1,False
699,0,train,1,False
700,0,train,2,False
701,0,train,0,False
702,0,val,2,False
703,0,train,2,False
704,0,train,0,False
705,0,val,2,False
706,0,val,0,False
708,0,train,0,False
709,0,val,1,True
710,0,train,1,False
711,0,train,0,False
713,0,val,1,True
714,0,train,0,False
715,0,train,0,False
716,0,train,1,False
717,0,train,2,False
718,0,train,2,False
721,0,train,2,False
722,0,val,1,True
723,0,train,0,False
724,0,train,1,False
725,0,train,1,False
727,0,train,1,False
728,0,train,2,False
729,0,train,2,False
730,0,train,2,False
733,0,train,2,False
734,0,train,2,False
735,0,train,0,False
736,0,train,0,False
737,0,train,0,False
738,0,val,1,True
739,0,train,0,False
741,0,train,0,False
742,0,train,2,False
743,0,train,1,False
744,0,train,0,False
745,0,train,0,False
746,0,train,1,False
747,0,train,1,False
748,0,train,1,False
750,0,train,1,False
751,0,train,2,False
752,0,train,1,False
753,0,train,2,False
754,0,train,2,False
755,0,train,1,False
756,0,train,1,False
757,0,train,2,False
758,0,train,2,False
760,0,val,0,False
761,0,val,1,True
762,0,train,2,False
763,0,train,2,False
764,0,train,2,False
765,0,train,2,False
766,0,val,2,False
767,0,val,2,False
768,0,train,2,False
769,0,train,0,False
770,0,train,0,False
771,0,train,2,False
772,0,train,1,False
773,0,val,1,True
774,0,val,2,False
777,0,train,0,False
778,0,train,0,False
780,0,train,0,False
781,0,train,0,False
782,0,train,0,False
783,0,train,2,False
784,0,train,2,False
787,0,train,2,False
788,0,train,1,False
789,0,train,1,False
790,0,train,1,False
791,0,train,2,False
792,0,train,2,False
793,0,val,2,False
794,0,train,2,False
795,0,train,2,False
796,0,train,2,False
797,0,train,2,False
798,0,train,1,False
799,0,train,2,False
800,0,train,0,False
801,0,val,2,False
802,0,train,1,False
803,0,val,1,True
804,0,train,0,False
805,0,train,2,False
807,0,val,0,False
808,0,train,2,False
809,0,val,1,False
810,0,train,0,False
812,0,val,0,False
814,0,val,2,False
815,0,train,2,False
816,0,train,1,False
817,0,train,0,False
818,0,train,1,False
819,0,train,2,False
820,0,train,2,False
821,0,val,2,False
822,0,train,0,False
823,0,train,1,False
824,0,train,2,False
825,0,train,2,False
827,0,train,1,False
828,0,train,2,False
829,0,train,1,False
830,0,val,1,False
831,0,train,0,False
834,0,val,0,False
835,0,val,0,False
836,0,val,1,False
837,0,train,2,False
838,0,train,0,False
839,0,val,1,False
841,0,train,1,False
842,0,train,2,False
843,0,val,0,False
844,0,train,2,False
845,0,val,2,False
846,0,val,1,False
847,0,train,2,False
848,0,train,2,False
849,0,val,2,False
850,0,train,1,False
851,0,train,2,False
852,0,train,2,False
853,0,val,2,False
854,0,train,2,False
855,0,val,0,False
856,0,train,2,False
857,0,val,2,False
858,0,train,0,False
859,0,val,2,False
861,0,val,2,False
862,0,val,2,False
863,0,train,0,False
864,0,train,2,False
865,0,train,1,False
866,0,train,2,False
867,0,train,0,False
869,0,train,1,False
870,0,train,2,False
871,0,val,0,False
872,0,train,0,False
873,0,train,1,False
874,0,train,2,False
875,0,val,0,False
876,0,train,2,False
878,0,train,2,False
879,0,val,2,False
880,0,val,0,False
882,0,train,1,False
883,0,train,2,False
884,0,val,1,True
885,0,train,2,False
886,0,train,1,False
888,0,train,2,False
889,0,train,0,False
890,0,val,0,False
894,0,train,0,False
895,0,train,1,False
896,0,val,0,False
897,0,train,0,False
898,0,train,1,False
899,0,val,1,False
900,0,val,2,False
901,0,val,0,False
902,0,train,0,False
903,0,train,0,False
904,0,train,2,False
905,0,val,0,False
907,0,val,2,False
908,0,train,1,False
910,0,train,2,False
911,0,train,0,False
912,0,train,2,False
913,0,train,2,False
914,0,train,0,False
915,0,val,2,False
916,0,train,1,False
917,0,train,1,False
918,0,val,2,False
919,0,val,0,False
921,0,train,0,False
923,0,train,1,False
924,0,val,2,False
926,0,train,1,False
927,0,train,2,False
928,0,train,1,False
929,0,train,2,False
930,0,train,2,False
931,0,train,2,False
932,0,train,1,False
933,0,train,0,False
934,0,train,2,False
935,0,val,0,False
936,0,train,1,False
937,0,train,1,False
938,0,train,0,False
941,0,train,2,False
942,0,train,1,False
943,0,train,1,False
944,0,train,0,False
945,0,train,0,False
946,0,val,2,False
947,0,train,2,False
948,0,train,0,False
949,0,train,2,False
950,0,val,1,True
951,0,train,2,False
952,0,train,0,False
953,0,val,0,False
954,0,train,0,False
955,0,train,2,False
957,0,val,2,False
958,0,val,2,False
959,0,train,2,False
960,0,train,2,False
961,0,train,2,False
962,0,val,2,False
963,0,train,1,False
965,0,train,0,False
966,0,val,1,False
967,0,val,2,False
969,0,val,1,False
970,0,train,1,False
971,0,val,1,False
972,0,val,2,False
973,0,val,1,False
974,0,val,0,False
976,0,val,0,False
977,0,train,0,False
978,0,train,1,False
979,0,train,1,False
982,0,train,2,False
983,0,val,2,False
984,0,train,2,False
985,0,train,2,False
986,0,train,2,False
987,0,val,2,False
988,0,val,2,False
989,0,train,2,False
990,0,val,2,False
992,0,val,2,False
993,0,train,2,False
994,0,val,1,False
996,0,train,2,False
997,0,train,2,False
998,0,train,1,False
999,0,train,1,False
1000,0,val,1,False
1001,0,train,0,False
1002,0,train,2,False
1003,0,train,2,False
1004,0,train,2,False
1006,0,train,2,False
1008,0,val,1,False
1010,0,val,1,False
1011,0,train,2,False
1012,0,train,0,False
1013,0,train,2,False
1014,0,train,0,False
1015,0,train,0,False
1018,0,train,2,False
1019,0,train,1,False
1020,0,train,2,False
1021,0,train,1,False
1023,0,train,2,False
1024,0,train,2,False
1025,0,train,0,False
1026,0,val,1,False
1027,0,train,1,False
1028,0,train,2,False
1030,0,train,1,False
1031,0,train,2,False
1033,0,val,1,True
1035,0,train,1,False
1036,0,val,2,False
1038,0,train,0,False
1039,0,train,0,False
1040,0,val,1,True
1042,0,train,2,False
1043,0,train,2,False
1044,0,val,1,False
1045,0,val,1,False
1046,0,train,1,False
1047,0,train,0,False
1049,0,val,1,False
1050,0,train,2,False
1051,0,val,1,False
1054,0,val,1,True
1055,0,train,1,False
1056,0,train,0,False
1057,0,train,1,False
1058,0,train,2,False
1059,0,train,1,False
1060,0,val,1,False
1061,0,train,0,False
1062,0,train,1,False
1064,0,train,0,False
1065,0,train,0,False
1066,0,train,0,False
1067,0,train,0,False
1068,0,train,2,False
1070,0,val,1,True
1071,0,train,2,False
1072,0,train,2,False
1074,0,train,2,False
1075,0,train,1,False
1076,0,train,2,False
1077,0,val,2,False
1078,0,val,1,False
1079,0,val,1,False
1080,0,val,2,False
1081,0,train,2,False
1084,0,train,0,False
1085,0,train,0,False
1086,0,train,1,False
1087,0,train,1,False
1088,0,val,1,True
1089,0,train,0,False
1090,0,train,2,False
1092,0,train,2,False
1093,0,train,1,False
1094,0,val,1,False
1095,0,train,2,False
1096,0,val,1,False
1097,0,train,1,False
1098,0,train,1,False
1099,0,train,0,False
1101,0,train,0,False
1103,0,train,0,False
1104,0,val,1,False
1106,0,train,0,False
1107,0,train,0,False
1108,0,train,1,False
1109,0,train,1,False
1110,0,train,1,False
1113,0,train,2,False
1114,0,train,1,False
1115,0,train,2,False
1116,0,train,2,False
1117,0,val,1,True
1118,0,train,0,False
1119,0,train,1,False
1120,0,train,0,False
1121,0,train,1,False
1122,0,train,1,False
1123,0,train,0,False
1125,0,val,1,False
1127,0,train,0,False
1128,0,train,0,False
1129,0,val,1,False
1130,0,train,0,False
1132,0,train,1,False
1133,0,train,0,False
1134,0,train,1,False
1135,0,train,1,False
1136,0,train,0,False
1137,0,train,1,False
1138,0,train,1,False
1139,0,val,0,False
1140,0,train,1,False
1141,0,train,0,False
1144,0,val,0,False
1146,0,train,1,False
1147,0,val,1,True
1148,0,train,1,False
1149,0,val,0,False
1150,0,train,1,False
1152,0,val,0,False
1153,0,train,0,False
1154,0,train,0,False
1155,0,train,1,False
1156,0,train,1,False
1157,0,train,0,False
1160,0,train,0,False
1161,0,val,1,True
1162,0,val,1,True
1163,0,train,1,False
1164,0,val,0,False
1165,0,val,2,False
1166,0,val,1,True
1167,0,train,2,False
1172,0,train,1,False
1173,0,train,2,False
1174,0,train,0,False
1175,0,train,1,False
1176,0,val,1,True
1177,0,train,1,False
1178,0,val,1,True
1179,0,train,1,False
1180,0,train,0,False
1182,0,train,1,False
1184,0,val,0,False
1187,0,val,1,True
1188,0,val,2,False
1189,0,train,2,False
1190,0,train,2,False
1191,0,train,2,False
1192,0,train,2,False
1194,0,train,2,False
1195,0,train,1,False
1196,0,val,2,False
1197,0,train,2,False
1198,0,train,2,False
1199,0,train,1,False
1200,0,train,0,False
1201,0,train,2,False
1202,0,val,0,False
1203,0,train,2,False
1204,0,train,2,False
1205,0,train,0,False
1206,0,train,1,False
1207,0,val,1,True
1208,0,train,2,False
1209,0,val,2,False
1210,0,train,1,False
1211,0,train,2,False
1212,0,train,1,False
1213,0,val,2,False
1214,0,train,2,False
1216,0,train,1,False
1217,0,train,2,False
1218,0,train,2,False
1219,0,val,1,True
1221,0,train,1,False
1222,0,val,1,False
1223,0,train,1,False
1225,0,train,1,False
1226,0,val,1,False
1228,0,train,1,False
1230,0,val,1,True
1231,0,train,0,False
1232,0,train,1,False
1233,0,train,2,False
1234,0,train,2,False
1235,0,train,2,False
1237,0,val,1,True
1238,0,train,2,False
1239,0,train,2,False
1240,0,train,0,False
1241,0,train,2,False
1243,0,train,2,False
1244,0,train,1,False
1246,0,val,2,False
1247,0,val,2,False
1248,0,train,2,False
1249,0,train,2,False
1250,0,train,1,False
1251,0,val,2,False
1252,0,train,2,False
1253,0,train,1,False
1254,0,val,2,False
1255,0,train,1,False
1256,0,train,2,False
1257,0,train,2,False
1258,0,train,1,False
1259,0,train,2,False
1260,0,train,1,False
1261,0,val,2,False
1262,0,val,1,True
1263,0,train,1,False
1264,0,train,1,False
1265,0,train,2,False
1266,0,train,2,False
1267,0,val,2,False
1268,0,val,2,False
1269,0,train,1,False
1270,0,train,1,False
1271,0,train,1,False
1272,0,train,1,False
1273,0,val,2,False
1274,0,train,1,False
1275,0,train,2,False
1276,0,train,2,False
1277,0,train,2,False
1278,0,train,1,False
1279,0,train,2,False
1281,0,train,1,False
1282,0,train,2,False
1283,0,train,2,False
1284,0,train,2,False
1285,0,train,2,False
1289,0,train,1,False
1290,0,val,1,False
1291,0,val,2,False
1292,0,val,2,False
1293,0,train,2,False
1294,0,train,1,False
1296,0,train,1,False
1297,0,train,1,False
1298,0,train,2,False
1299,0,val,2,False
1300,0,train,1,False
1301,0,val,1,False
1303,0,train,2,False
1304,0,train,1,False
1310,0,train,2,False
1311,0,train,0,False
1312,0,train,0,False
1313,0,train,2,False
1314,0,train,0,False
1319,0,train,2,False
1320,0,train,0,False
1321,0,train,0,False
1326,0,train,1,False
1327,0,train,1,False
1328,0,train,1,False
1329,0,val,2,False
1331,0,train,2,False
1332,0,train,1,False
1333,0,val,1,True
1334,0,val,1,False
1335,0,train,2,False
1336,0,val,0,False
1337,0,train,2,False
1338,0,train,1,False
1339,0,val,1,False
1340,0,train,2,False
1341,0,val,1,False
1343,0,train,1,False
1345,0,train,1,False
1346,0,val,1,True
1348,0,train,2,False
1350,0,train,1,False
1351,0,train,0,False
1352,0,train,2,False
1353,0,train,2,False
1354,0,train,1,False
1355,0,train,2,False
1356,0,val,1,False
1357,0,train,1,False
1358,0,train,2,False
1360,0,val,1,True
1361,0,train,2,False
1365,0,train,1,False
1367,0,train,1,False
1368,0,train,2,False
1369,0,train,2,False
1370,0,val,1,False
1371,0,train,1,False
1373,0,train,0,False
1374,0,val,2,False
1375,0,train,0,False
1376,0,train,0,False
1377,0,train,2,False
1379,0,train,1,False
1380,0,train,1,False
1381,0,train,2,False
1383,0,train,1,False
1384,0,train,1,False
1386,0,train,1,False
1387,0,train,0,False
1389,0,train,0,False
1390,0,val,1,False
1391,0,train,1,False
1392,0,train,0,False
1393,0,train,1,False
1394,0,val,0,False
1395,0,train,2,False
1396,0,train,2,False
1397,0,train,2,False
1398,0,train,2,False
1401,0,train,2,False
1402,0,train,1,False
1403,0,train,2,False
1404,0,train,2,False
1405,0,train,2,False
1406,0,val,1,False
1407,0,train,0,False
1410,0,val,1,False
1411,0,train,1,False
1412,0,train,2,False
1413,0,train,2,False
1414,0,train,0,False
1415,0,val,1,False
1417,0,train,1,False
1418,0,val,1,False
1421,0,val,2,False
1423,0,train,2,False
1424,0,train,2,False
1426,0,val,2,False
1427,0,train,2,False
1428,0,train,2,False
1429,0,train,1,False
1430,0,train,2,False
1431,0,train,2,False
1432,0,train,0,False
1433,0,train,1,False
1434,0,train,2,False
1435,0,val,1,False
1436,0,val,0,False
1437,0,train,1,False
1439,0,train,1,False
1441,0,train,0,False
1442,0,val,1,False
1443,0,val,1,False
1445,0,train,0,False
1446,0,train,1,False
1447,0,train,2,False
1448,0,train,2,False
1449,0,train,1,False
1450,0,val,1,True
1451,0,train,0,False
1452,0,train,0,False
1453,0,val,1,True
1454,0,val,1,False
1455,0,val,0,False
1456,0,val,1,True
1458,0,train,0,False
1459,0,train,1,False
1460,0,train,1,False
1462,0,train,0,False
1464,0,train,0,False
1468,0,train,0,False
1469,0,train,0,False
1470,0,val,2,False
1471,0,train,1,False
1472,0,train,1,False
1474,0,train,1,False
1475,0,train,0,False
1476,0,train,2,False
1477,0,train,2,False
1478,0,train,0,False
1479,0,val,2,False
1480,0,train,1,False
1481,0,val,1,False
1482,0,train,0,False
1483,0,train,0,False
1484,0,train,1,False
1485,0,train,1,False
1486,0,train,1,False
1487,0,train,0,False
1489,0,train,0,False
1490,0,val,0,False
1491,0,train,1,False
1492,0,train,2,False
1493,0,val,2,False
1495,0,train,2,False
1496,0,val,0,False
1497,0,train,1,False
1498,0,val,1,True
1501,0,train,0,False
1502,0,train,1,False
1503,0,train,0,False
1504,0,train,1,False
1505,0,train,2,False
1506,0,train,2,False
1507,0,train,0,False
1508,0,train,2,False
1509,0,train,0,False
1510,0,train,2,False
1511,0,train,2,False
1512,0,train,0,False
1513,0,train,2,False
1514,0,train,1,False
1515,0,val,0,False
1516,0,train,0,False
1517,0,train,2,False
1520,0,train,0,False
1521,0,train,1,False
1522,0,train,1,False
1523,0,train,1,False
1525,0,train,1,False
1526,0,train,0,False
1527,0,train,2,False
1529,0,train,1,False
1530,0,val,1,True
1531,0,val,1,False
1532,0,train,2,False
1533,0,train,0,False
1536,0,train,1,False
1540,0,train,1,False
1541,0,train,1,False
1542,0,val,1,False
1543,0,train,1,False
1544,0,train,1,False
1545,0,train,1,False
1546,0,val,2,False
1547,0,val,2,False
1548,0,train,0,False
1549,0,train,2,False
1551,0,train,1,False
1552,0,train,1,False
1553,0,train,2,False
1554,0,train,1,False
1555,0,val,1,False
1556,0,val,1,False
1557,0,train,2,False
1558,0,train,1,False
1559,0,train,1,False
1560,0,train,0,False
1562,0,train,1,False
1563,0,val,2,False
1565,0,val,1,False
1566,0,train,2,False
1567,0,val,1,False
1568,0,val,1,True
1569,0,train,1,False
1570,0,train,1,False
1571,0,train,2,False
1572,0,val,1,True
1573,0,val,1,True
1575,0,train,2,False
1576,0,val,1,True
1578,0,train,2,False
1579,0,val,2,False
1580,0,val,1,False
1581,0,train,0,False
1582,0,val,1,False
1585,0,val,1,True
1586,0,val,2,False
1588,0,val,2,False
1589,0,train,1,False
1590,0,val,2,False
1591,0,train,0,False
1592,0,val,0,False
1593,0,train,1,False
1594,0,val,0,False
1595,0,train,2,False
1597,0,train,2,False
1598,0,train,1,False
1599,0,train,1,False
1600,0,train,1,False
1601,0,train,0,False
1602,0,train,0,False
1603,0,val,1,True
1604,0,train,2,False
1605,0,val,2,False
1607,0,train,1,False
1608,0,val,2,False
1610,0,train,1,False
1611,0,train,1,False
1613,0,val,1,True
1614,0,train,0,False
1615,0,train,0,False
1616,0,train,2,False
1618,0,train,0,False
1619,0,train,2,False
1620,0,train,1,False
1621,0,train,0,False
1622,0,train,2,False
1623,0,train,1,False
1624,0,train,1,False
1625,0,train,1,False
1626,0,train,2,False
1627,0,train,1,False
1628,0,train,0,False
1629,0,val,1,True
1631,0,val,0,False
1633,0,train,1,False
1634,0,train,0,False
1635,0,train,1,False
1636,0,val,1,True
1637,0,train,2,False
1638,0,train,2,False
1639,0,train,0,False
1640,0,train,0,False
1641,0,train,0,False
1642,0,val,0,False
1644,0,train,2,False
1645,0,train,2,False
1646,0,train,2,False
1647,0,train,0,False
1649,0,train,0,False
1650,0,val,2,False
1652,0,val,0,False
1653,0,train,2,False
1654,0,train,0,False
1656,0,val,0,False
1657,0,val,0,False
1658,0,train,1,False
1659,0,train,2,False
1661,0,train,1,False
1662,0,val,0,False
1663,0,train,2,False
1664,0,train,2,False
1665,0,train,1,False
1666,0,train,2,False
1667,0,val,1,False
1668,0,train,2,False
1669,0,train,1,False
1670,0,train,0,False
1671,0,val,2,False
1672,0,train,0,False
1673,0,train,2,False
1674,0,train,2,False
1675,0,train,2,False
1676,0,train,0,False
1677,0,train,1,False
1678,0,train,0,False
1680,0,val,0,False
1681,0,train,2,False
1682,0,val,2,False
1683,0,val,0,False
1684,0,train,1,False
1685,0,train,0,False
1686,0,train,0,False
1687,0,train,0,False
1689,0,train,0,False
1690,0,train,2,False
1691,0,train,2,False
1692,0,train,2,False
1693,0,train,2,False
1694,0,train,2,False
1695,0,val,0,False
1696,0,val,1,True
1697,0,train,1,False
1698,0,train,2,False
1699,0,val,1,False
1701,0,train,2,False
1702,0,train,1,False
1703,0,train,1,False
1704,0,train,2,False
1705,0,train,2,False
1706,0,train,1,False
1707,0,train,1,False
1708,0,val,1,False
1709,0,val,2,False
1710,0,train,2,False
1712,0,val,0,False
1713,0,train,0,False
1714,0,train,2,False
1715,0,train,1,False
1716,0,train,2,False
1717,0,train,2,False
1718,0,val,1,True
1719,0,train,2,False
1720,0,train,2,False
1723,0,train,2,False
1724,0,train,1,False
1725,0,train,2,False
1726,0,train,2,False
1727,0,train,2,False
1728,0,train,1,False
1729,0,train,2,False
1730,0,val,2,False
1731,0,train,2,False
1732,0,train,2,False
1733,0,train,2,False
1734,0,train,2,False
1735,0,train,0,False
1736,0,train,2,False
1737,0,val,2,False
1738,0,val,1,False
1739,0,train,2,False
1740,0,train,2,False
1741,0,train,1,False
1742,0,val,1,False
1743,0,train,2,False
1744,0,val,2,False
1745,0,val,2,False
1746,0,train,2,False
1747,0,train,2,False
1748,0,train,1,False
1749,0,val,1,True
1750,0,train,2,False
1752,0,val,2,False
1753,0,val,0,False
1754,0,val,2,False
1755,0,train,2,False
1756,0,val,0,False
1757,0,train,2,False
1758,0,train,2,False
1759,0,train,2,False
1760,0,val,2,False
1761,0,train,0,False
1762,0,val,2,False
1763,0,train,0,False
1764,0,train,1,False
1765,0,train,0,False
1766,0,val,2,False
1768,0,val,2,False
1769,0,val,0,False
1770,0,train,2,False
1771,0,val,2,False
1772,0,train,2,False
1773,0,train,1,False
1774,0,train,0,False
1775,0,train,2,False
1777,0,train,2,False
1778,0,train,2,False
1779,0,train,2,False
1780,0,train,2,False
1781,0,val,0,False
1782,0,train,1,False
1783,0,train,1,False
1784,0,val,1,True
1785,0,train,2,False
1786,0,val,0,False
1788,0,train,1,False
1790,0,train,2,False
1791,0,train,1,False
1792,0,train,0,False
1793,0,train,0,False
1794,0,train,2,False
1795,0,train,2,False
1796,0,val,2,False
1797,0,train,0,False
1798,0,train,2,False
1800,0,val,2,False
1804,0,train,2,False
1805,0,val,1,False
1806,0,train,2,False
1807,0,train,1,False
1809,0,train,2,False
1810,0,val,1,False
1811,0,val,1,True
1812,0,train,2,False
1813,0,train,2,False
1817,0,train,1,False
1818,0,train,1,False
1820,0,train,0,False
1821,0,train,1,False
1823,0,train,0,False
1824,0,val,1,False
1825,0,train,1,False
1826,0,val,1,False
1828,0,val,1,False
1829,0,val,1,True
1830,0,train,2,False
1832,0,train,2,False
1833,0,train,1,False
1834,0,train,2,False
1835,0,train,2,False
1836,0,train,2,False
1837,0,train,2,False
1838,0,val,1,True
1839,0,train,1,False
1840,0,train,0,False
1842,0,train,0,False
1844,0,train,2,False
1845,0,val,1,False
1846,0,train,2,False
1847,0,train,2,False
1848,0,train,0,False
1849,0,train,2,False
1850,0,train,1,False
1851,0,train,0,False
1853,0,val,2,False
1857,0,val,2,False
1858,0,train,2,False
1859,0,train,0,False
1862,0,train,1,False
1865,0,val,1,True
1866,0,val,0,False
1867,0,train,1,False
1870,0,train,0,False
1872,0,train,2,False
1874,0,train,1,False
1875,0,train,2,False
1877,0,train,1,False
1878,0,train,1,False
1881,0,train,0,False
1882,0,train,2,False
1884,0,val,0,False
1885,0,val,0,False
1886,0,train,0,False
1887,0,val,2,False
1888,0,train,2,False
1889,0,train,2,False
1890,0,train,2,False
1891,0,train,2,False
1892,0,train,2,False
1894,0,train,2,False
1895,0,val,2,False
1897,0,train,2,False
1898,0,train,0,False
1899,0,train,2,False
1901,0,val,1,False
1903,0,train,0,False
1904,0,train,1,False
1905,0,val,1,True
1906,0,train,0,False
1907,0,train,0,False
1909,0,train,0,False
1910,0,train,1,False
1911,0,train,1,False
1913,0,train,0,False
1914,0,train,0,False
1915,0,train,0,False
1916,0,train,0,False
1917,0,train,1,False
1918,0,train,0,False
1919,0,train,0,False
1920,0,train,0,False
1921,0,train,1,False
1922,0,train,1,False
1923,0,train,1,False
1924,0,train,0,False
1925,0,val,1,True
1926,0,train,2,False
1927,0,train,2,False
1928,0,train,2,False
1930,0,train,1,False
1932,0,val,1,True
1933,0,train,1,False
1934,0,train,0,False
1935,0,train,0,False
1937,0,train,2,False
1938,0,val,1,False
1943,0,train,0,False
1945,0,val,0,False
1947,0,train,1,False
1948,0,val,0,False
1949,0,train,0,False
1950,0,train,0,False
1951,0,val,1,True
1952,0,train,0,False
1953,0,train,0,False
1954,0,val,1,True
1955,0,train,0,False
1957,0,train,0,False
1958,0,train,1,False
1959,0,train,0,False
1961,0,val,1,True
1962,0,train,1,False
1964,0,train,0,False
1965,0,val,2,False
1968,0,train,0,False
1969,0,train,1,False
1970,0,train,1,False
1972,0,train,2,False
1974,0,val,1,False
1975,0,train,0,False
1976,0,train,1,False
1977,0,train,0,False
1979,0,train,1,False
1982,0,train,0,False
1984,0,train,0,False
1985,0,train,0,False
1986,0,train,0,False
1987,0,val,0,False
1988,0,val,0,False
1989,0,val,0,False
1990,0,train,0,False
1991,0,train,1,False
1992,0,train,0,False
1994,0,train,0,False
1995,0,train,0,False
1996,0,train,2,False
1998,0,val,2,False
1999,0,train,2,False
2000,0,val,1,False
2001,0,train,2,False
2002,0,train,2,False
2003,0,train,2,False
2004,0,train,1,False
2005,0,val,2,False
2006,0,train,2,False
2007,0,train,1,False
2010,0,train,2,False
2011,0,val,1,False
2012,0,val,1,True
2013,0,train,0,False
2015,0,val,1,True
2016,0,train,1,False
2017,0,val,2,False
2019,0,train,0,False
2020,0,train,2,False
2021,0,val,1,False
2022,0,train,1,False
2023,0,train,1,False
2025,0,train,0,False
2026,0,train,1,False
2028,0,train,1,False
2029,0,val,1,False
2030,0,train,1,False
2031,0,val,0,False
2033,0,train,1,False
2034,0,train,2,False
2035,0,train,1,False
2036,0,train,2,False
2037,0,train,0,False
2038,0,train,0,False
2039,0,train,0,False
2040,0,train,1,False
2041,0,train,1,False
2042,0,train,1,False
2043,0,train,1,False
2044,0,train,0,False
2045,0,train,1,False
2046,0,train,1,False
2047,0,train,1,False
2048,0,train,0,False
2050,0,train,0,False
2051,0,train,2,False
2052,0,val,1,False
2053,0,train,0,False
2054,0,train,1,False
2055,0,train,0,False
2057,0,train,2,False
2058,0,val,1,False
2059,0,train,1,False
2060,0,val,1,False
2061,0,val,1,False
2062,0,train,1,False
2063,0,train,1,False
2064,0,train,0,False
2066,0,val,1,True
2067,0,train,2,False
2068,0,train,1,False
2070,0,train,0,False
2072,0,val,2,False
2073,0,train,1,False
2074,0,train,1,False
2075,0,train,0,False
2076,0,train,0,False
2078,0,train,1,False
2079,0,val,0,False
2081,0,train,1,False
2082,0,val,1,True
2083,0,train,1,False
2084,0,val,0,False
2086,0,train,1,False
2088,0,train,0,False
2089,0,train,1,False
2090,0,train,1,False
2091,0,train,1,False
2093,0,train,0,False
2094,0,train,0,False
2095,0,train,0,False
2096,0,train,0,False
2097,0,train,2,False
2099,0,train,2,False
2100,0,train,1,False
2101,0,val,1,False
2102,0,val,1,True
2103,0,train,0,False
2104,0,val,1,True
2105,0,train,1,False
2107,0,train,1,False
2108,0,train,0,False
2109,0,train,1,False
2110,0,train,0,False
2112,0,val,1,True
2113,0,val,0,False
2114,0,train,0,False
2115,0,train,2,False
2117,0,val,2,False
2118,0,train,1,False
2119,0,train,1,False
2120,0,train,0,False
2121,0,train,1,False
2122,0,train,2,False
2124,0,train,1,False
2125,0,val,0,False
2126,0,val,1,False
2127,0,train,0,False
2128,0,val,1,True
2130,0,train,2,False
2132,0,train,1,False
2134,0,val,1,False
2135,0,train,0,False
2136,0,train,2,False
2137,0,train,1,False
2138,0,train,2,False
2139,0,train,2,False
2141,0,train,2,False
2142,0,train,1,False
2144,0,train,1,False
2147,0,train,2,False
2148,0,train,1,False
2149,0,train,2,False
2150,0,val,0,False
2151,0,train,0,False
2153,0,train,1,False
2155,0,train,0,False
2156,0,val,0,False
2158,0,val,0,False
2163,0,train,1,False
2164,0,train,1,False
2165,0,train,0,False
2166,0,train,1,False
2167,0,train,0,False
2168,0,train,1,False
2169,0,train,2,False
2172,0,train,1,False
2173,0,train,2,False
2174,0,train,2,False
2175,0,val,2,False
2176,0,train,1,False
2177,0,train,0,False
2180,0,train,0,False
2181,0,val,2,False
2182,0,train,1,False
2183,0,val,2,False
2184,0,train,2,False
2187,0,train,2,False
2188,0,train,1,False
2189,0,train,1,False
2191,0,val,2,False
2193,0,train,1,False
2194,0,train,2,False
2195,0,val,1,False
2200,0,val,1,False
2201,0,train,2,False
2203,0,train,1,False
2204,0,val,2,False
2205,0,val,2,False
2206,0,train,1,False
2207,0,val,1,True
2208,0,train,2,False
2209,0,train,2,False
2210,0,train,1,False
2211,0,val,1,True
2212,0,val,0,False
2213,0,train,0,False
2214,0,train,0,False
2216,0,train,1,False
2217,0,train,1,False
2218,0,train,0,False
2222,0,train,0,False
2223,0,train,2,False
2224,0,train,0,False
2225,0,train,2,False
2226,0,train,2,False
2229,0,train,2,False
2230,0,train,0,False
2231,0,train,1,False
2232,0,train,0,False
2233,0,train,1,False
2234,0,train,1,False
2235,0,train,0,False
2237,0,train,1,False
2238,0,train,1,False
2239,0,val,1,True
2240,0,train,0,False
2241,0,val,1,False
2242,0,train,2,False
2244,0,train,2,False
2245,0,train,0,False
2246,0,train,0,False
2247,0,train,0,False
2248,0,val,2,False
2249,0,train,0,False
2250,0,train,2,False
2251,0,train,2,False
2252,0,val,2,False
2254,0,val,1,True
2255,0,train,2,False
2256,0,val,1,False
2257,0,train,0,False
2258,0,val,0,False
2259,0,train,0,False
2260,0,train,0,False
2261,0,train,0,False
2263,0,train,2,False
2265,0,train,2,False
2266,0,val,2,False
2267,0,train,1,False
2270,0,train,1,False
2271,0,val,1,False
2272,0,val,2,False
2273,0,train,2,False
2274,0,train,1,False
2275,0,train,1,False
2277,0,train,1,False
2278,0,train,2,False
2280,0,train,2,False
2281,0,train,0,False
2282,0,train,1,False
2283,0,train,1,False
2284,0,train,2,False
2285,0,train,0,False
2286,0,val,2,False
2287,0,train,2,False
2288,0,train,0,False
2290,0,train,2,False
2292,0,val,1,False
2293,0,train,1,False
2295,0,train,1,False
2296,0,train,2,False
2297,0,val,2,False
2298,0,train,2,False
2299,0,train,1,False
2300,0,train,1,False
2301,0,val,0,False
2302,0,val,1,True
2303,0,val,1,True
2304,0,train,0,False
2305,0,val,1,False
2307,0,train,1,False
2308,0,train,1,False
2309,0,train,1,False
2311,0,val,2,False
2315,0,train,2,False
2316,0,val,1,True
2317,0,train,1,False
2318,0,train,2,False
2319,0,val,2,False
2320,0,train,2,False
2321,0,val,1,False
2322,0,train,2,False
2323,0,train,0,False
2324,0,val,2,False
2326,0,train,1,False
2327,0,train,2,False
2328,0,val,2,False
2329,0,train,2,False
2331,0,train,1,False
2332,0,train,2,False
2333,0,train,2,False
2334,0,train,1,False
2335,0,train,2,False
2336,0,train,1,False
2337,0,train,2,False
2338,0,val,1,True
2339,0,val,2,False
2340,0,train,2,False
2341,0,train,1,False
2343,0,train,2,False
2344,0,val,1,False
2345,0,train,2,False
2346,0,train,2,False
2347,0,train,2,False
2348,0,val,2,False
2350,0,val,1,True
2351,0,val,1,True
2352,0,val,1,True
2353,0,train,1,False
2355,0,train,2,False
2356,0,train,2,False
2357,0,train,2,False
2358,0,train,2,False
2360,0,train,2,False
2361,0,train,2,False
2362,0,val,1,False
2363,0,train,2,False
2364,0,train,2,False
2365,0,val,2,False
2366,0,train,2,False
2368,0,train,2,False
2369,0,train,2,False
2370,0,train,1,False
2372,0,train,1,False
2374,0,train,1,False
2375,0,train,2,False
2376,0,train,1,False
2377,0,train,0,False
2378,0,train,1,False
2379,0,train,0,False
2380,0,train,1,False
2381,0,train,1,False
2382,0,train,2,False
2383,0,train,2,False
2385,0,train,1,False
2386,0,val,2,False
2388,0,train,2,False
2390,0,train,2,False
2391,0,train,2,False
2393,0,train,2,False
2395,0,train,1,False
2396,0,train,1,False
2397,0,train,1,False
2398,0,train,2,False
2399,0,train,2,False
2400,0,train,0,False
2401,0,train,2,False
2402,0,train,2,False
2403,0,train,2,False
2404,0,val,1,True
2406,0,val,1,True
2408,0,val,1,False
2409,0,train,2,False
2410,0,train,1,False
2411,0,val,1,False
2412,0,train,1,False
2413,0,train,1,False
2414,0,train,0,False
2415,0,val,1,True
2417,0,val,1,False
2419,0,train,0,False
2420,0,train,0,False
2421,0,train,2,False
2424,0,train,1,False
2425,0,train,1,False
2427,0,train,1,False
2428,0,train,1,False
2429,0,train,2,False
2431,0,train,2,False
2432,0,train,1,False
2433,0,train,2,False
2434,0,val,1,True
2436,0,train,2,False
2437,0,train,2,False
2438,0,train,0,False
2440,0,train,2,False
2441,0,train,1,False
2442,0,train,2,False
2443,0,train,2,False
2444,0,train,1,False
2445,0,train,0,False
2446,0,train,0,False
2447,0,val,0,False
2449,0,train,2,False
2450,0,train,0,False
2451,0,train,0,False
2452,0,train,2,False
2453,0,train,1,False
2454,0,train,2,False
2455,0,train,1,False
2456,0,train,1,False
2457,0,train,2,False
2460,0,train,0,False
2461,0,train,2,False
2462,0,train,0,False
2464,0,train,0,False
2465,0,val,1,True
2466,0,val,2,False
2467,0,train,2,False
2468,0,val,1,False
2469,0,train,2,False
2470,0,train,1,False
2472,0,train,0,False
2473,0,train,0,False
2475,0,train,2,False
2476,0,val,2,False
2477,0,val,2,False
2478,0,train,2,False
2479,0,train,0,False
2480,0,train,2,False
2484,0,train,2,False
2486,0,train,2,False
2487,0,val,2,False
2488,0,train,2,False
2489,0,train,1,False
2491,0,train,2,False
2492,0,train,2,False
2493,0,train,1,False
2495,0,train,2,False
2498,0,val,1,False
2499,0,train,0,False
2500,0,train,1,False
2501,0,train,1,False
2502,0,train,2,False
2503,0,train,1,False
2504,0,train,2,False
2505,0,val,2,False
2506,0,train,2,False
2507,0,train,2,False
2508,0,train,2,False
2509,0,train,1,False
2510,0,val,2,False
2511,0,train,2,False
2512,0,train,1,False
2513,0,train,2,False
2514,0,train,2,False
2515,0,train,2,False
2516,0,train,2,False
2517,0,train,1,False
2518,0,train,1,False
2519,0,train,2,False
2520,0,train,1,False
2521,0,train,2,False
2522,0,train,1,False
2523,0,train,1,False
2524,0,val,2,False
2525,0,val,2,False
2527,0,train,2,False
2529,0,train,1,False
2530,0,val,1,True
2531,0,train,2,False
2533,0,train,2,False
2536,0,val,1,False
2537,0,val,0,False
2540,0,val,1,False
2541,0,train,2,False
2542,0,train,1,False
2543,0,train,2,False
2546,0,val,1,False
2547,0,train,1,False
2548,0,val,2,False
2549,0,val,2,False
2550,0,val,2,False
2552,0,train,1,False
2553,0,train,2,False
2555,0,train,2,False
2556,0,val,2,False
2557,0,train,2,False
2560,0,train,2,False
2561,0,train,2,False
2562,0,train,1,False
2563,0,train,1,False
2564,0,train,2,False
2565,0,val,2,False
2567,0,val,1,False
2568,0,train,2,False
2569,0,train,1,False
2570,0,train,2,False
2571,0,train,2,False
2572,0,train,1,False
2573,0,val,1,True
2575,0,train,2,False
2576,0,train,1,False
2578,0,train,1,False
2579,0,val,1,True
2580,0,train,0,False
2581,0,train,2,False
2582,0,train,2,False
2583,0,val,1,True
2585,0,val,2,False
2586,0,train,1,False
2587,0,val,1,False
2588,0,train,2,False
2589,0,train,2,False
2590,0,train,0,False
2592,0,train,1,False
2594,0,train,2,False
2595,0,train,1,False
2596,0,val,1,False
2598,0,val,1,False
2600,0,train,1,False
2601,0,train,0,False
2602,0,val,1,True
2605,0,train,1,False
2606,0,train,1,False
2607,0,train,0,False
2608,0,train,0,False
2609,0,train,0,False
2611,0,val,1,True
2612,0,train,1,False
2613,0,train,1,False
2614,0,train,2,False
2616,0,train,1,False
2617,0,train,0,False
2618,0,train,2,False
2619,0,train,1,False
2620,0,train,1,False
2622,0,train,1,False
2623,0,val,2,False
2624,0,train,2,False
2626,0,train,2,False
2628,0,train,2,False
2629,0,val,1,True
2630,0,train,2,False
2631,0,train,1,False
2632,0,train,1,False
2634,0,train,1,False
2635,0,train,2,False
2636,0,train,1,False
2637,0,train,1,False
2638,0,train,1,False
2639,0,train,0,False
2640,0,train,1,False
2641,0,train,2,False
2642,0,train,2,False
2643,0,val,1,True
2644,0,train,0,False
2645,0,train,1,False
2646,0,train,1,False
2647,0,train,2,False
2648,0,train,2,False
2649,0,val,1,False
2650,0,train,0,False
2651,0,train,2,False
2652,0,val,2,False
2653,0,train,2,False
2654,0,val,0,False
2655,0,train,1,False
2656,0,train,1,False
2657,0,train,1,False
2659,0,train,2,False
2660,0,train,2,False
2661,0,train,2,False
2662,0,train,1,False
2663,0,train,2,False
2664,0,train,1,False
2666,0,train,1,False
2667,0,train,1,False
2668,0,train,2,False
2669,0,train,1,False
2671,0,train,0,False
2672,0,val,1,False
2673,0,train,0,False
2674,0,train,0,False
2675,0,train,2,False
2676,0,val,1,True
2677,0,val,1,False
2678,0,val,2,False
2679,0,train,0,False
2680,0,val,2,False
2682,0,train,2,False
2683,0,val,2,False
2684,0,train,1,False
2685,0,train,1,False
2686,0,train,2,False
2687,0,train,1,False
2688,0,val,1,False
2689,0,train,0,False
2690,0,train,2,False
2691,0,train,2,False
2692,0,train,1,False
2693,0,train,2,False
2694,0,train,2,False
2695,0,train,2,False
2696,0,train,0,False
2697,0,train,0,False
2698,0,train,0,False
2699,0,train,1,False
2700,0,val,2,False
2702,0,train,1,False
2704,0,train,2,False
2705,0,train,1,False
2707,0,train,1,False
2709,0,train,2,False
2711,0,train,1,False
2712,0,train,2,False
2713,0,train,2,False
2714,0,train,1,False
2715,0,val,1,False
2716,0,train,1,False
2718,0,val,1,False
2720,0,val,1,False
2721,0,train,0,False
2724,0,train,0,False
2726,0,train,1,False
2727,0,val,1,True
2729,0,train,0,False
2732,0,val,0,False
2734,0,train,0,False
2735,0,train,1,False
2737,0,train,0,False
2738,0,train,1,False
2739,0,val,2,False
2740,0,val,0,False
2741,0,train,1,False
2742,0,train,1,False
2744,0,train,1,False
2745,0,train,1,False
2746,0,train,1,False
2747,0,train,1,False
2748,0,train,0,False
2749,0,train,1,False
2751,0,train,1,False
2753,0,train,1,False
2754,0,train,1,False
2755,0,val,1,False
2756,0,train,1,False
2757,0,val,0,False
2759,0,train,0,False
2760,0,train,1,False
2761,0,val,1,True
2763,0,val,1,False
2764,0,train,0,False
2766,0,train,1,False
2767,0,train,1,False
2768,0,train,1,False
2769,0,val,1,True
2770,0,val,1,True
2771,0,train,2,False
2772,0,train,2,False
2773,0,val,1,True
2774,0,val,1,True
2775,0,train,2,False
2776,0,train,2,False
2777,0,train,1,False
2778,0,train,2,False
2779,0,train,1,False
2780,0,train,2,False
2781,0,train,0,False
2782,0,val,1,True
2783,0,train,1,False
2784,0,val,1,True
2785,0,val,2,False
2787,0,train,0,False
2788,0,train,1,False
2789,0,train,1,False
2790,0,train,1,False
2791,0,train,2,False
2792,0,train,1,False
2793,0,train,1,False
2794,0,train,0,False
2799,0,train,0,False
2802,0,train,2,False
2804,0,train,0,False
2805,0,train,0,False
2806,0,train,0,False
2808,0,train,0,False
2810,0,train,0,False
2811,0,train,1,False
2813,0,val,1,True
2814,0,val,0,False
2815,0,train,1,False
2816,0,train,0,False
2817,0,train,1,False
2818,0,train,0,False
2819,0,val,0,False
2821,0,train,0,False
2822,0,val,0,False
2823,0,train,0,False
2824,0,val,1,True
2825,0,val,0,False
2826,0,train,2,False
2827,0,train,0,False
2828,0,train,2,False
2829,0,train,2,False
2830,0,train,2,False
2831,0,train,0,False
2832,0,train,2,False
2833,0,train,2,False
2834,0,train,1,False
2835,0,val,2,False
2837,0,train,1,False
2838,0,train,2,False
2839,0,val,1,False
2840,0,train,0,False
2841,0,train,2,False
2842,0,train,1,False
2843,0,train,2,False
2844,0,train,2,False
2845,0,val,2,False
2846,0,train,0,False
2848,0,val,2,False
2849,0,train,2,False
2850,0,train,0,False
2851,0,train,1,False
2852,0,train,1,False
2855,0,train,1,False
2856,0,train,2,False
2857,0,train,0,False
2858,0,train,0,False
2859,0,val,2,False
2860,0,train,1,False
2861,0,train,0,False
2862,0,train,2,False
2866,0,train,0,False
2868,0,train,0,False
2869,0,val,0,False
2872,0,train,2,False
2875,0,train,1,False
2877,0,train,2,False
2879,0,val,2,False
2880,0,train,1,False
2881,0,train,2,False
2882,0,val,1,True
2883,0,train,2,False
2884,0,train,0,False
2885,0,val,1,False
2886,0,train,1,False
2887,0,train,0,False
2888,0,train,0,False
2890,0,train,0,False
2891,0,val,0,False
2892,0,val,1,False
2893,0,val,2,False
2894,0,train,0,False
2896,0,train,0,False
2897,0,train,0,False
2898,0,val,0,False
2899,0,train,0,False
2900,0,train,0,False
2901,0,train,0,False
2902,0,train,2,False
2903,0,train,2,False
2904,0,train,2,False
2905,0,train,2,False
2906,0,train,2,False
2907,0,train,2,False
2908,0,val,1,True
2909,0,val,1,True
2910,0,train,2,False
2911,0,val,2,False
2913,0,train,2,False
2914,0,train,2,False
2916,0,train,0,False
2917,0,train,1,False
2918,0,train,2,False
2919,0,val,1,False
2920,0,train,1,False
2921,0,train,1,False
2922,0,train,1,False
2923,0,val,1,False
2924,0,val,0,False
2926,0,val,0,False
2927,0,train,1,False
2928,0,train,1,False
2929,0,val,0,False
2931,0,train,0,False
2933,0,train,0,False
2934,0,val,1,False
2935,0,val,1,True
2936,0,train,2,False
2937,0,train,0,False
2938,0,train,0,False
2939,0,val,2,False
2940,0,train,0,False
2942,0,train,0,False
2943,0,train,1,False
2945,0,train,2,False
2946,0,train,2,False
2947,0,train,2,False
2949,0,val,2,False
2950,0,train,2,False
2952,0,train,2,False
2954,0,train,2,False
2955,0,train,2,False
2956,0,val,0,False
2957,0,train,0,False
2958,0,val,1,False
2959,0,train,0,False
2960,0,train,0,False
2961,0,train,0,False
2962,0,train,0,False
2963,0,train,0,False
2964,0,train,2,False
2965,0,val,1,False
2966,0,train,1,False
2967,0,train,2,False
2968,0,val,2,False
2969,0,train,1,False
2970,0,train,2,False
2971,0,val,1,True
2972,0,train,2,False
2973,0,train,2,False
2974,0,train,0,False
2975,0,train,0,False
2976,0,train,2,False
2978,0,train,2,False
2979,0,train,1,False
2980,0,val,2,False
2982,0,train,2,False
2983,0,train,0,False
2985,0,train,0,False
2986,0,val,1,False
2987,0,val,2,False
2988,0,train,0,False
2989,0,train,2,False
2990,0,train,2,False
2992,0,train,1,False
2994,0,train,0,False
2996,0,val,0,False
2997,0,train,1,False
2998,0,val,2,False
2999,0,train,2,False
3000,0,train,0,False
3001,0,val,1,True
3002,0,train,2,False
3003,0,train,2,False
3005,0,train,2,False
3006,0,train,2,False
3007,0,train,1,False
3008,0,val,1,False
3009,0,train,1,False
3010,0,train,2,False
3011,0,train,2,False
3012,0,train,2,False
3013,0,train,2,False
3014,0,train,0,False
3015,0,val,0,False
3016,0,val,0,False
3017,0,val,1,True
3018,0,train,2,False
3019,0,train,2,False
3021,0,train,0,False
3023,0,train,1,False
3025,0,train,1,False
3026,0,train,0,False
3027,0,train,1,False
3028,0,train,0,False
3029,0,train,0,False
3030,0,train,1,False
3033,0,val,1,False
3034,0,train,0,False
3035,0,train,1,False
3036,0,train,2,False
3037,0,train,0,False
3039,0,val,1,True
3040,0,val,1,True
3041,0,val,0,False
3042,0,train,1,False
3043,0,train,1,False
3044,0,train,2,False
3045,0,train,1,False
3046,0,train,1,False
3047,0,train,2,False
3048,0,train,2,False
3049,0,val,1,True
3050,0,val,2,False
3052,0,train,2,False
3053,0,train,2,False
3054,0,train,1,False
3057,0,train,1,False
3060,0,train,0,False
3061,0,train,1,False
3062,0,train,1,False
3063,0,train,0,False
3064,0,train,2,False
3065,0,train,2,False
3066,0,train,2,False
3068,0,train,2,False
3069,0,val,1,False
3070,0,train,0,False
3071,0,train,2,False
3072,0,train,0,False
3073,0,train,1,False
3074,0,train,1,False
3075,0,train,0,False
3076,0,train,2,False
3077,0,val,1,True
3078,0,val,2,False
3079,0,train,1,False
3080,0,train,1,False
3081,0,train,2,False
3082,0,train,1,False
3083,0,train,2,False
3084,0,train,1,False
3085,0,val,1,False
3086,0,val,1,True
3087,0,train,2,False
3088,0,train,1,False
3090,0,train,0,False
3091,0,val,2,False
3092,0,train,0,False
3093,0,train,1,False
3094,0,train,0,False
3095,0,val,1,False
3096,0,train,1,False
3097,0,val,1,False
3098,0,val,2,False
3099,0,train,1,False
3103,0,val,1,True
3104,0,train,2,False
3105,0,train,2,False
3106,0,train,2,False
3108,0,train,0,False
3109,0,train,2,False
3110,0,train,0,False
3111,0,val,0,False
3112,0,train,2,False
3114,0,train,1,False
3115,0,val,1,True
3116,0,train,0,False
3117,0,val,1,True
3118,0,train,1,False
3120,0,train,2,False
3121,0,train,1,False
3122,0,val,1,True
3125,0,val,2,False
3127,0,val,1,False
3128,0,train,0,False
3130,0,val,2,False
3131,0,train,1,False
3132,0,train,0,False
3133,0,train,2,False
3134,0,train,0,False
3136,0,train,2,False
3137,0,train,0,False
3138,0,val,1,True
3140,0,train,0,False
3142,0,train,2,False
3143,0,val,0,False
3144,0,train,1,False
3145,0,train,1,False
3146,0,train,1,False
3147,0,train,0,False
3148,0,train,2,False
3149,0,train,2,False
3150,0,train,1,False
3151,0,train,0,False
3152,0,val,2,False
3153,0,train,1,False
3154,0,train,2,False
3155,0,train,1,False
3156,0,val,1,True
3157,0,train,2,False
3158,0,train,1,False
3159,0,train,2,False
3160,0,train,2,False
3162,0,train,2,False
3163,0,train,2,False
3164,0,val,2,False
3165,0,train,2,False
3166,0,train,2,False
3167,0,val,1,False
3168,0,train,1,False
3169,0,train,2,False
3170,0,train,1,False
3171,0,train,1,False
3172,0,train,2,False
3173,0,train,2,False
3174,0,train,2,False
3175,0,train,2,False
3176,0,train,2,False
3177,0,train,2,False
3178,0,train,1,False
3179,0,train,1,False
3180,0,train,0,False
3181,0,train,1,False
3182,0,train,1,False
3183,0,train,1,False
3184,0,val,1,False
3185,0,train,1,False
3186,0,train,2,False
3187,0,train,2,False
3188,0,train,2,False
3189,0,val,1,False
3190,0,val,2,False
3191,0,val,0,False
3192,0,train,2,False
3194,0,train,0,False
3195,0,val,0,False
3197,0,val,0,False
3198,0,train,0,False
3199,0,train,2,False
3200,0,train,1,False
3201,0,train,0,False
3202,0,train,2,False
3204,0,val,1,True
3206,0,train,1,False
3207,0,val,1,False
3208,0,train,1,False
3209,0,train,1,False
3210,0,train,1,False
3211,0,train,0,False
3212,0,train,2,False
3213,0,train,1,False
3214,0,train,1,False
3215,0,train,0,False
3216,0,train,0,False
3217,0,val,2,False
3218,0,val,1,False
3219,0,train,0,False
3220,0,train,0,False
3221,0,train,1,False
3222,0,train,1,False
3223,0,train,1,False
3224,0,train,2,False
3225,0,train,1,False
3226,0,train,1,False
3228,0,train,2,False
3229,0,train,0,False
3230,0,train,1,False
3232,0,val,0,False
3233,0,train,2,False
3234,0,train,0,False
3235,0,train,2,False
3236,0,train,0,False
3237,0,val,2,False
3238,0,train,2,False
3239,0,train,2,False
3241,0,train,2,False
3242,0,train,2,False
3243,0,train,2,False
3244,0,train,2,False
3248,0,val,2,False
3250,0,train,2,False
3251,0,train,1,False
3252,0,val,2,False
3253,0,train,2,False
3256,0,train,1,False
3258,0,train,0,False
3260,0,train,2,False
3261,0,train,1,False
3262,0,train,1,False
3263,0,val,1,False
3264,0,train,1,False
3266,0,train,0,False
3267,0,train,0,False
3269,0,train,0,False
3271,0,train,2,False
3272,0,val,0,False
3273,0,val,0,False
3275,0,val,1,False
3278,0,train,1,False
3279,0,val,1,True
3280,0,train,1,False
3281,0,train,2,False
3283,0,train,0,False
3284,0,train,0,False
3285,0,train,2,False
3287,0,train,2,False
3288,0,train,2,False
3289,0,train,2,False
3290,0,train,2,False
3291,0,train,0,False
3292,0,train,1,False
3293,0,val,2,False
3294,0,train,1,False
3296,0,val,1,True
3298,0,train,0,False
3299,0,val,2,False
3300,0,train,0,False
3301,0,train,0,False
3302,0,train,0,False
3303,0,train,0,False
3304,0,train,0,False
3305,0,val,1,True
3306,0,val,1,False
3307,0,train,1,False
3309,0,train,1,False
3311,0,train,2,False
3312,0,train,1,False
3313,0,train,2,False
3314,0,train,2,False
3315,0,train,2,False
3316,0,train,2,False
3317,0,train,1,False
3318,0,train,2,False
3319,0,val,2,False
3320,0,val,2,False
3321,0,val,2,False
3322,0,train,2,False
3323,0,train,1,False
3324,0,train,1,False
3325,0,train,1,False
3326,0,train,2,False
3327,0,train,2,False
3328,0,train,2,False
3329,0,train,2,False
3330,0,val,2,False
3331,0,train,2,False
3332,0,train,2,False
3333,0,train,2,False
3334,0,train,2,False
3335,0,train,2,False
3336,0,val,1,True
3338,0,train,1,False
3339,0,val,1,True
3340,0,train,1,False
3342,0,train,2,False
3343,0,train,2,False
3344,0,val,2,False
3345,0,train,2,False
3346,0,val,2,False
3347,0,train,2,False
3348,0,train,2,False
3349,0,train,1,False
3350,0,train,1,False
3351,0,val,2,False
3352,0,train,1,False
3353,0,train,2,False
3355,0,train,2,False
3356,0,train,0,False
3359,0,train,2,False
3361,0,train,2,False
3362,0,train,2,False
3363,0,train,0,False
3364,0,train,0,False
3365,0,train,2,False
3368,0,train,1,False
3369,0,train,2,False
3370,0,train,2,False
3371,0,val,2,False
3373,0,val,1,True
3375,0,train,1,False
3376,0,train,2,False
3377,0,val,1,True
3378,0,train,2,False
3379,0,val,1,False
3380,0,val,1,True
3381,0,train,2,False
3382,0,train,2,False
3383,0,train,1,False
3384,0,train,2,False
3386,0,train,2,False
3387,0,val,1,False
3389,0,train,1,False
3390,0,val,1,True
3391,0,train,1,False
3392,0,val,1,False
3393,0,val,1,False
3394,0,val,2,False
3395,0,train,2,False
3397,0,train,2,False
3398,0,train,2,False
3399,0,train,2,False
3400,0,train,2,False
3401,0,train,2,False
3402,0,train,1,False
3403,0,train,2,False
3404,0,train,2,False
3405,0,val,1,False
3406,0,train,2,False
3407,0,train,1,False
3408,0,train,2,False
3409,0,train,0,False
3411,0,train,0,False
3412,0,train,0,False
3414,0,train,0,False
3415,0,train,0,False
3416,0,train,2,False
3417,0,train,1,False
3418,0,val,0,False
3419,0,val,1,False
3420,0,val,2,False
3421,0,train,2,False
3423,0,train,2,False
3424,0,train,2,False
3425,0,train,2,False
3426,0,train,2,False
3428,0,val,2,False
3429,0,train,1,False
3430,0,train,2,False
3431,0,train,2,False
3432,0,train,0,False
3433,0,train,2,False
3434,0,val,2,False
3435,0,train,2,False
3436,0,train,2,False
3437,0,val,2,False
3438,0,val,1,True
3439,0,train,2,False
3440,0,train,2,False
3441,0,train,2,False
3442,0,train,2,False
3443,0,train,2,False
3444,0,val,2,False
3445,0,train,2,False
3446,0,train,2,False
3447,0,train,2,False
3448,0,train,2,False
3449,0,val,2,False
3450,0,train,1,False
3451,0,train,2,False
3452,0,train,2,False
3453,0,train,2,False
3454,0,train,2,False
3455,0,train,2,False
3456,0,train,2,False
3457,0,train,2,False
3458,0,train,2,False
3460,0,train,2,False
3461,0,train,2,False
3462,0,train,1,False
3463,0,val,2,False
3466,0,train,2,False
3467,0,val,2,False
3468,0,train,2,False
3469,0,train,0,False
3470,0,val,2,False
3471,0,train,2,False
3472,0,val,1,True
3473,0,val,1,False
3474,0,val,1,False
3475,0,train,2,False
3478,0,train,2,False
3479,0,train,0,False
3480,0,train,2,False
3481,0,train,2,False
3482,0,train,2,False
3484,0,train,2,False
3485,0,train,2,False
3486,0,train,2,False
3487,0,train,2,False
3488,0,val,1,True
3489,0,train,2,False
3490,0,train,2,False
3491,0,train,2,False
3492,0,train,2,False
3493,0,val,2,False
3494,0,train,2,False
3495,0,val,1,False
3496,0,train,2,False
3497,0,train,0,False
3498,0,train,0,False
3499,0,train,1,False
3500,0,train,2,False
3501,0,train,2,False
3502,0,val,2,False
3503,0,val,1,True
3504,0,train,1,False
3505,0,train,2,False
3506,0,train,2,False
3507,0,train,2,False
3508,0,val,1,False
3509,0,train,1,False
3510,0,val,1,True
3511,0,train,2,False
3512,0,val,1,True
3515,0,train,2,False
3516,0,train,2,False
3517,0,train,2,False
3519,0,train,2,False
3520,0,train,2,False
3522,0,train,2,False
3524,0,val,2,False
3525,0,train,2,False
3527,0,val,2,False
3528,0,train,2,False
3529,0,train,2,False
3530,0,train,2,False
3531,0,train,2,False
3532,0,train,2,False
3533,0,train,2,False
3534,0,train,2,False
3535,0,train,2,False
3536,0,val,2,False
3537,0,train,2,False
3538,0,train,2,False
3539,0,val,2,False
3540,0,train,2,False
3541,0,train,2,False
3542,0,train,2,False
3543,0,val,1,False
3544,0,val,2,False
3545,0,val,2,False
3546,0,val,2,False
3547,0,train,2,False
3548,0,train,2,False
3549,0,train,2,False
3550,0,train,2,False
3551,0,train,2,False
3553,0,train,2,False
3554,0,val,2,False
3555,0,train,2,False
3556,0,train,2,False
3557,0,train,2,False
3558,0,train,2,False
3559,0,train,2,False
3560,0,train,2,False
3561,0,train,1,False
3562,0,train,2,False
3563,0,val,2,False
3564,0,train,2,False
3565,0,train,2,False
3566,0,train,2,False
3567,0,train,2,False
3568,0,train,2,False
3569,0,val,2,False
3570,0,train,1,False
3571,0,train,2,False
3573,0,train,2,False
3574,0,val,2,False
3575,0,train,2,False
3576,0,train,2,False
3578,0,val,2,False
3579,0,train,2,False
3580,0,train,2,False
3581,0,train,2,False
3582,0,val,1,True
3583,0,train,1,False
3584,0,train,2,False
3585,0,train,2,False
3586,0,train,2,False
3587,0,val,1,False
3588,0,val,1,False
3590,0,val,1,False
3591,0,train,2,False
3592,0,val,2,False
3593,0,train,2,False
3594,0,train,2,False
3596,0,train,2,False
3597,0,train,2,False
3598,0,train,2,False
3599,0,val,1,False
3600,0,val,2,False
3601,0,val,2,False
3603,0,train,2,False
3604,0,val,2,False
3605,0,train,2,False
3606,0,train,2,False
3607,0,val,1,True
3610,0,train,0,False
3611,0,train,2,False
3612,0,val,2,False
3613,0,train,2,False
3614,0,train,0,False
3615,0,train,2,False
3616,0,train,2,False
3617,0,train,2,False
3619,0,train,2,False
3620,0,val,2,False
3621,0,train,2,False
3623,0,train,2,False
3624,0,val,1,False
3625,0,train,2,False
3628,0,val,1,False
3629,0,train,2,False
3630,0,train,1,False
3631,0,train,2,False
3632,0,train,1,False
3633,0,train,2,False
3634,0,train,2,False
3635,0,train,2,False
3636,0,val,1,False
3638,0,train,2,False
3639,0,train,1,False
3642,0,train,1,False
3643,0,train,1,False
3644,0,train,1,False
3645,0,val,1,False
3646,0,train,1,False
3647,0,val,0,False
3648,0,train,1,False
3649,0,val,1,True
3650,0,train,1,False
3651,0,val,1,True
3652,0,train,2,False
3654,0,train,0,False
3655,0,train,1,False
3656,0,train,2,False
3657,0,train,1,False
3659,0,train,0,False
3661,0,train,0,False
3662,0,train,1,False
3663,0,train,0,False
3664,0,train,0,False
3666,0,train,1,False
3667,0,train,0,False
3668,0,train,0,False
3669,0,train,0,False
3670,0,train,0,False
3671,0,train,2,False
3673,0,train,2,False
3674,0,train,1,False
3675,0,val,0,False
3676,0,train,1,False
3677,0,train,2,False
3678,0,train,2,False
3679,0,train,0,False
3680,0,val,0,False
3681,0,train,1,False
3682,0,val,0,False
3683,0,val,0,False
3684,0,train,0,False
3685,0,train,0,False
3686,0,train,0,False
3688,0,train,1,False
3689,0,train,1,False
3690,0,val,1,False
3691,0,train,0,False
3692,0,train,1,False
3693,0,train,0,False
3694,0,train,0,False
3695,0,val,1,True
3696,0,val,0,False
3697,0,train,2,False
3698,0,val,2,False
3699,0,val,2,False
3700,0,val,0,False
3701,0,train,1,False
3702,0,val,0,False
3703,0,val,0,False
3705,0,train,0,False
3706,0,train,1,False
3707,0,train,1,False
3708,0,train,0,False
3709,0,train,0,False
3710,0,train,0,False
3711,0,val,0,False
3712,0,train,0,False
3713,0,train,0,False
3716,0,train,1,False
3717,0,train,1,False
3718,0,train,0,False
3719,0,train,1,False
3720,0,train,0,False
3721,0,train,0,False
3722,0,val,1,False
3723,0,train,0,False
3724,0,train,0,False
3725,0,val,1,True
3726,0,train,0,False
3728,0,train,0,False
3729,0,train,0,False
3730,0,train,0,False
3731,0,val,0,False
3732,0,train,0,False
3733,0,train,0,False
3734,0,train,0,False
3735,0,train,0,False
3736,0,train,0,False
3737,0,train,2,False
3738,0,train,2,False
3741,0,train,1,False
3744,0,train,2,False
3745,0,train,1,False
3746,0,train,0,False
3747,0,train,1,False
3749,0,train,1,False
3750,0,train,0,False
3751,0,train,1,False
3752,0,val,1,True
3753,0,val,0,False
3756,0,train,0,False
3757,0,train,0,False
3758,0,train,2,False
3759,0,train,0,False
3761,0,train,0,False
3762,0,val,1,True
3765,0,val,1,True
3766,0,train,0,False
3767,0,train,0,False
3768,0,train,0,False
3769,0,train,0,False
3770,0,train,0,False
3771,0,train,1,False
3772,0,train,0,False
3773,0,val,1,False
3774,0,val,0,False
3775,0,train,1,False
3776,0,train,1,False
3777,0,train,1,False
3778,0,train,0,False
3779,0,train,0,False
3780,0,train,0,False
3783,0,train,1,False
3784,0,train,0,False
3785,0,train,1,False
3787,0,train,0,False
3788,0,val,0,False
3789,0,train,0,False
3791,0,train,0,False
3792,0,train,1,False
3793,0,train,0,False
3794,0,val,0,False
3795,0,val,0,False
3797,0,train,0,False
3798,0,train,0,False
3799,0,train,0,False
3800,0,train,0,False
3801,0,val,1,True
3802,0,train,0,False
3804,0,val,0,False
3805,0,train,0,False
3806,0,train,2,False
3807,0,train,1,False
3808,0,train,0,False
3809,0,train,1,False
3811,0,train,0,False
3812,0,val,0,False
3814,0,train,1,False
3815,0,train,0,False
3817,0,train,1,False
3818,0,train,0,False
3820,0,val,1,True
3821,0,train,0,False
3822,0,train,0,False
3823,0,val,1,False
3824,0,train,0,False
3825,0,train,0,False
3826,0,train,0,False
3827,0,train,0,False
3828,0,val,1,False
3829,0,train,0,False
3830,0,train,0,False
3831,0,val,0,False
3832,0,train,0,False
3833,0,val,0,False
3834,0,train,1,False
3839,0,train,1,False
3840,0,val,1,True
3841,0,train,0,False
3842,0,train,1,False
3843,0,val,1,False
3845,0,train,1,False
3846,0,train,1,False
3847,0,train,0,False
3848,0,train,1,False
3849,0,train,0,False
3850,0,train,0,False
3851,0,train,1,False
3852,0,train,1,False
3853,0,train,1,False
3854,0,train,0,False
3855,0,train,0,False
3856,0,train,0,False
3857,0,train,0,False
3858,0,train,0,False
3859,0,train,0,False
3860,0,train,1,False
3861,0,val,1,True
3864,0,train,2,False
3865,0,train,0,False
3867,0,train,0,False
3868,0,train,0,False
3869,0,val,0,False
3873,0,val,1,True
3874,0,train,0,False
3875,0,train,1,False
3876,0,train,0,False
3877,0,val,1,False
3878,0,val,0,False
3879,0,train,0,False
3880,0,train,1,False
3881,0,train,1,False
3882,0,train,1,False
3884,0,val,0,False
3887,0,train,0,False
3888,0,val,0,False
3889,0,train,0,False
3890,0,train,0,False
3891,0,train,0,False
3892,0,train,0,False
3893,0,train,0,False
3894,0,train,0,False
3895,0,train,1,False
3896,0,train,0,False
3898,0,val,1,False
3899,0,train,0,False
3900,0,train,0,False
3901,0,train,0,False
3902,0,train,1,False
3905,0,train,0,False
3907,0,val,1,False
3908,0,train,1,False
3909,0,train,0,False
3910,0,train,0,False
3911,0,val,1,False
3913,0,val,1,True
3915,0,train,2,False
3916,0,val,1,True
3917,0,train,2,False
3918,0,train,2,False
3919,0,val,1,True
3921,0,train,1,False
3923,0,val,1,True
3924,0,train,1,False
3925,0,train,2,False
3926,0,train,1,False
3927,0,train,1,False
3928,0,val,1,True
3929,0,train,2,False
3930,0,train,1,False
3933,0,train,2,False
3934,0,val,1,True
3936,0,train,2,False
3938,0,train,1,False
3939,0,val,1,False
3940,0,train,0,False
3941,0,train,1,False
3942,0,val,1,False
3943,0,val,1,True
3944,0,train,1,False
3946,0,train,1,False
3947,0,val,0,False
3949,0,train,0,False
3951,0,train,0,False
3954,0,train,0,False
3955,0,train,0,False
3956,0,train,0,False
3957,0,val,0,False
3959,0,train,0,False
3961,0,val,0,False
3962,0,val,1,True
3963,0,train,1,False
3964,0,val,0,False
3967,0,train,0,False
3968,0,val,1,True
3969,0,val,1,False
3970,0,train,2,False
3972,0,train,2,False
3973,0,train,1,False
3974,0,train,2,False
3978,0,val,0,False
3980,0,train,1,False
3981,0,train,2,False
3982,0,val,1,True
3984,0,train,2,False
3987,0,train,1,False
3988,0,train,2,False
3989,0,train,1,False
3991,0,train,0,False
3992,0,val,0,False
3994,0,train,1,False
3995,0,val,0,False
3997,0,train,1,False
3998,0,train,1,False
4000,0,val,0,False
4001,0,train,0,False
4002,0,val,1,False
4006,0,val,1,True
4007,0,train,0,False
4008,0,train,0,False
4009,0,train,1,False
4010,0,train,0,False
4011,0,train,0,False
4015,0,val,1,False
4017,0,train,2,False
4019,0,train,2,False
4020,0,val,1,True
4021,0,val,0,False
4022,0,train,1,False
4023,0,train,2,False
4024,0,train,2,False
4025,0,val,2,False
4026,0,val,2,False
4028,0,val,1,False
4029,0,val,1,True
4030,0,val,1,True
4031,0,val,1,True
4036,0,train,2,False
4038,0,train,1,False
4040,0,val,1,True
4041,0,val,1,False
4042,0,train,2,False
4043,0,train,1,False
4044,0,train,0,False
4046,0,train,1,False
4047,0,train,1,False
4049,0,train,1,False
4051,0,train,0,False
4053,0,train,1,False
4054,0,val,1,True
4056,0,train,2,False
4058,0,train,1,False
4059,0,train,0,False
4060,0,train,0,False
4061,0,train,1,False
4062,0,train,1,False
4063,0,train,1,False
4064,0,train,0,False
4065,0,train,1,False
4066,0,train,2,False
4067,0,train,1,False
4068,0,val,0,False
4070,0,train,1,False
4072,0,val,1,True
4073,0,train,1,False
4074,0,val,1,False
4075,0,train,0,False
4077,0,train,0,False
4078,0,train,1,False
4079,0,train,1,False
4080,0,train,1,False
4082,0,train,0,False
4083,0,train,0,False
4084,0,train,1,False
4085,0,train,2,False
4086,0,train,0,False
4087,0,train,1,False
4088,0,train,2,False
4090,0,val,1,False
4091,0,val,1,True
4092,0,val,1,False
4093,0,val,1,False
4094,0,train,0,False
4095,0,val,1,True
4096,0,train,1,False
4097,0,train,1,False
4098,0,train,1,False
4099,0,val,0,False
4100,0,val,1,False
4101,0,train,2,False
4102,0,train,0,False
4103,0,train,0,False
4106,0,train,1,False
4107,0,train,1,False
4108,0,train,1,False
4109,0,val,0,False
4111,0,train,1,False
4112,0,train,0,False
4113,0,train,1,False
4115,0,train,0,False
4116,0,train,0,False
4117,0,train,0,False
4118,0,train,0,False
4119,0,train,2,False
4120,0,train,0,False
4121,0,train,1,False
4122,0,val,1,True
4123,0,train,1,False
4124,0,train,1,False
4128,0,val,1,True
4131,0,train,2,False
4132,0,train,2,False
4134,0,train,2,False
4136,0,train,1,False
4137,0,val,1,False
4138,0,train,1,False
4139,0,train,1,False
4140,0,train,1,False
4141,0,train,1,False
4142,0,train,1,False
4143,0,train,0,False
4144,0,train,1,False
4145,0,train,1,False
4146,0,train,0,False
4147,0,train,0,False
4150,0,train,1,False
4152,0,train,0,False
4153,0,val,1,True
4154,0,train,0,False
4156,0,train,0,False
4157,0,train,1,False
4158,0,val,2,False
4160,0,train,0,False
4161,0,train,0,False
4162,0,val,1,False
4163,0,val,2,False
4164,0,val,1,False
4165,0,train,2,False
4166,0,train,0,False
4167,0,train,2,False
4168,0,train,2,False
4169,0,train,1,False
4170,0,train,2,False
4171,0,train,1,False
4174,0,train,1,False
4175,0,train,0,False
4178,0,val,1,False
4179,0,val,2,False
4180,0,train,2,False
4181,0,train,2,False
4182,0,train,0,False
4183,0,train,0,False
4184,0,train,1,False
4186,0,train,1,False
4188,0,train,1,False
4189,0,train,1,False
4190,0,val,1,True
4191,0,train,0,False
4192,0,train,2,False
4193,0,val,0,False
4194,0,train,1,False
4197,0,train,1,False
4199,0,train,0,False
4200,0,train,1,False
4202,0,val,1,True
4203,0,val,1,True
4204,0,train,0,False
4205,0,train,0,False
4207,0,train,2,False
4208,0,train,1,False
4210,0,train,1,False
4211,0,train,2,False
4212,0,train,2,False
4213,0,train,2,False
4214,0,train,2,False
4215,0,train,2,False
4216,0,train,2,False
4217,0,train,1,False
4218,0,train,2,False
4219,0,train,2,False
4220,0,val,0,False
4221,0,val,2,False
4222,0,train,2,False
4223,0,train,1,False
4224,0,train,2,False
4225,0,train,0,False
4229,0,train,0,False
4230,0,train,1,False
4231,0,train,0,False
4233,0,train,0,False
4234,0,train,0,False
4235,0,val,1,True
4236,0,val,1,True
4238,0,val,1,True
4240,0,train,0,False
4241,0,train,1,False
4242,0,train,0,False
4244,0,train,0,False
4245,0,train,1,False
4246,0,train,1,False
4247,0,val,1,False
4249,0,train,1,False
4250,0,train,1,False
4252,0,train,1,False
4253,0,val,0,False
4254,0,train,0,False
4255,0,train,1,False
4256,0,train,1,False
4257,0,val,0,False
4258,0,train,1,False
4259,0,val,1,True
4262,0,train,1,False
4263,0,train,2,False
4264,0,train,2,False
4265,0,train,0,False
4266,0,train,1,False
4267,0,train,1,False
4269,0,train,0,False
4270,0,train,1,False
4271,0,train,1,False
4273,0,train,0,False
4274,0,val,1,False
4275,0,val,0,False
4276,0,train,2,False
4277,0,train,0,False
4278,0,train,0,False
4282,0,train,1,False
4283,0,train,2,False
4284,0,train,0,False
4285,0,val,1,False
4287,0,train,1,False
4288,0,train,1,False
4289,0,train,1,False
4290,0,train,1,False
4292,0,train,2,False
4293,0,val,1,False
4294,0,val,1,True
4295,0,val,0,False
4296,0,train,1,False
4299,0,val,1,False
4300,0,val,1,True
4301,0,train,2,False
4302,0,train,1,False
4304,0,train,1,False
4305,0,train,0,False
4306,0,train,2,False
4307,0,val,1,False
4309,0,train,1,False
4311,0,train,1,False
4312,0,train,2,False
4313,0,val,1,True
4314,0,val,1,True
4315,0,train,1,False
4316,0,val,1,True
4318,0,train,1,False
4319,0,train,0,False
4320,0,train,0,False
4322,0,train,1,False
4324,0,train,0,False
4326,0,train,0,False
4328,0,train,0,False
4330,0,train,2,False
4331,0,train,1,False
4332,0,train,2,False
4333,0,train,1,False
4334,0,train,1,False
4335,0,train,1,False
4336,0,train,0,False
4337,0,train,0,False
4338,0,train,1,False
4339,0,train,1,False
4340,0,train,1,False
4341,0,val,1,True
4342,0,val,2,False
4343,0,train,1,False
4344,0,val,1,True
4345,0,train,1,False
4346,0,train,1,False
4348,0,train,1,False
4349,0,train,1,False
4350,0,train,1,False
4351,0,train,0,False
4354,0,train,1,False
4355,0,train,1,False
4356,0,train,2,False
4357,0,train,1,False
4359,0,train,1,False
4361,0,train,0,False
4362,0,train,2,False
4363,0,val,1,True
4364,0,train,0,False
4365,0,train,0,False
4366,0,val,1,True
4367,0,val,0,False
4369,0,train,1,False
4370,0,train,0,False
4371,0,val,0,False
4372,0,train,0,False
4373,0,train,0,False
4374,0,val,1,True
4375,0,train,2,False
4377,0,val,2,False
4378,0,train,0,False
4381,0,train,2,False
4382,0,val,2,False
4383,0,train,0,False
4384,0,val,1,True
4385,0,val,2,False
4386,0,val,1,True
4388,0,train,0,False
4389,0,train,0,False
4390,0,train,0,False
4392,0,train,0,False
4393,0,val,1,False
4394,0,train,0,False
4395,0,val,1,False
4396,0,train,1,False
4397,0,train,1,False
4402,0,train,0,False
4405,0,val,1,True
4406,0,train,1,False
4407,0,train,0,False
4409,0,train,0,False
4411,0,train,1,False
4413,0,val,1,True
4414,0,train,2,False
4415,0,train,2,False
4416,0,train,0,False
4417,0,train,0,False
4418,0,train,1,False
4419,0,train,1,False
4420,0,train,2,False
4421,0,train,0,False
4422,0,train,1,False
4425,0,train,0,False
4426,0,train,0,False
4427,0,train,0,False
4428,0,train,0,False
4429,0,val,0,False
4431,0,val,0,False
4432,0,val,1,False
4433,0,train,0,False
4434,0,val,1,True
4435,0,train,0,False
4437,0,train,1,False
4438,0,train,2,False
4439,0,train,2,False
4440,0,val,2,False
4441,0,train,0,False
4442,0,val,2,False
4443,0,train,0,False
4447,0,train,0,False
4449,0,train,2,False
4450,0,val,0,False
4453,0,train,0,False
4454,0,train,1,False
4455,0,train,1,False
4457,0,train,1,False
4458,0,val,2,False
4459,0,train,1,False
4461,0,train,1,False
4462,0,train,2,False
4463,0,train,0,False
4464,0,train,1,False
4466,0,val,1,True
4467,0,train,1,False
4468,0,val,0,False
4471,0,train,0,False
4472,0,train,0,False
4473,0,train,1,False
4474,0,train,1,False
4475,0,val,0,False
4476,0,val,0,False
4477,0,train,0,False
4478,0,train,0,False
4479,0,train,0,False
4480,0,train,1,False
4481,0,train,1,False
4484,0,train,2,False
4485,0,train,2,False
4488,0,train,1,False
4489,0,val,1,True
4490,0,train,1,False
4491,0,val,1,False
4492,0,val,1,False
4496,0,val,1,False
4497,0,train,0,False
4498,0,train,0,False
4499,0,train,0,False
4500,0,val,1,True
4501,0,val,1,True
4503,0,val,1,False
4504,0,train,0,False
4506,0,train,0,False
4507,0,train,1,False
4508,0,train,1,False
4509,0,train,1,False
4510,0,train,1,False
4511,0,val,0,False
4513,0,train,2,False
4514,0,val,0,False
4515,0,val,1,True
4516,0,val,1,False
4517,0,train,1,False
4518,0,train,1,False
4519,0,train,1,False
4520,0,val,1,False
4521,0,val,1,True
4522,0,val,1,False
4523,0,val,2,False
4524,0,train,0,False
4526,0,train,1,False
4527,0,val,1,False
4528,0,train,1,False
4529,0,train,1,False
4531,0,val,1,False
4532,0,val,2,False
4533,0,train,0,False
4534,0,train,2,False
4536,0,train,1,False
4538,0,train,1,False
4539,0,train,1,False
4540,0,train,1,False
4541,0,train,1,False
4543,0,train,0,False
4544,0,train,1,False
4545,0,train,0,False
4546,0,val,1,False
4547,0,train,1,False
4548,0,train,1,False
4549,0,train,0,False
4550,0,val,0,False
4551,0,train,0,False
4552,0,val,1,True
4553,0,train,0,False
4554,0,train,1,False
4556,0,train,0,False
4558,0,train,0,False
4559,0,train,0,False
4560,0,train,0,False
4563,0,val,1,False
4564,0,train,1,False
4565,0,val,1,True
4566,0,train,1,False
4567,0,train,1,False
4568,0,train,1,False
4569,0,train,1,False
4570,0,train,0,False
4571,0,train,1,False
4572,0,train,2,False
4574,0,train,1,False
4576,0,val,1,False
4577,0,train,2,False
4578,0,train,2,False
4579,0,train,1,False
4580,0,val,1,False
4581,0,val,1,False
4585,0,train,1,False
4587,0,train,2,False
4588,0,train,0,False
4589,0,train,1,False
4590,0,val,1,False
4591,0,val,1,False
4593,0,train,0,False
4594,0,train,1,False
4595,0,val,0,False
4596,0,train,1,False
4597,0,train,2,False
4599,0,train,0,False
4600,0,train,0,False
4601,0,train,1,False
4602,0,train,0,False
4603,0,train,2,False
4604,0,train,2,False
4606,0,train,1,False
4607,0,val,1,False
4609,0,train,2,False
4610,0,train,2,False
4611,0,train,2,False
4612,0,val,1,False
4613,0,train,2,False
4614,0,train,1,False
4615,0,train,2,False
4616,0,train,2,False
4619,0,val,1,False
4620,0,val,1,True
4621,0,train,0,False
4622,0,val,1,False
4623,0,val,0,False
4624,0,train,0,False
4625,0,val,1,True
4626,0,train,1,False
4627,0,val,2,False
4628,0,train,0,False
4629,0,val,0,False
4630,0,train,2,False
4633,0,train,1,False
4634,0,val,1,False
4635,0,val,1,False
4638,0,train,1,False
4639,0,train,1,False
4640,0,train,2,False
4641,0,train,2,False
4643,0,train,2,False
4644,0,train,1,False
4646,0,train,2,False
4648,0,val,1,False
4649,0,train,2,False
4650,0,val,2,False
4652,0,train,1,False
4653,0,train,2,False
4654,0,train,1,False
4655,0,train,2,False
4656,0,train,2,False
4657,0,val,0,False
4658,0,train,1,False
4659,0,train,1,False
4660,0,train,2,False
4662,0,train,2,False
4663,0,val,1,False
4665,0,train,0,False
4666,0,val,1,False
4667,0,train,0,False
4668,0,val,2,False
4670,0,val,2,False
4671,0,val,1,True
4672,0,train,1,False
4674,0,train,1,False
4675,0,val,1,True
4676,0,train,0,False
4678,0,val,1,False
4679,0,train,1,False
4680,0,train,2,False
4681,0,train,1,False
4682,0,val,2,False
4683,0,train,1,False
4684,0,train,0,False
4685,0,val,1,False
4687,0,train,1,False
4688,0,train,1,False
4689,0,train,2,False
4690,0,train,2,False
4691,0,train,1,False
4692,0,val,2,False
4693,0,train,0,False
4694,0,val,1,False
4697,0,train,2,False
4699,0,train,2,False
4700,0,train,1,False
4701,0,val,1,True
4703,0,train,1,False
4704,0,train,1,False
4705,0,train,1,False
4707,0,train,0,False
4708,0,train,0,False
4709,0,train,1,False
4710,0,val,1,True
4714,0,val,0,False
4715,0,train,1,False
4716,0,val,1,False
4717,0,val,2,False
4718,0,train,1,False
4719,0,train,1,False
4720,0,val,1,True
4721,0,val,0,False
4723,0,train,2,False
4725,0,train,1,False
4726,0,train,1,False
4727,0,val,1,False
4728,0,val,0,False
4731,0,val,1,False
4732,0,val,2,False
4734,0,val,1,True
4735,0,train,1,False
4736,0,train,1,False
4737,0,train,1,False
4738,0,val,1,False
4740,0,val,0,False
4742,0,train,2,False
4743,0,val,1,True
4744,0,train,2,False
4745,0,train,2,False
4747,0,val,1,False
4748,0,train,2,False
4749,0,train,1,False
4750,0,train,1,False
4751,0,train,0,False
4754,0,train,0,False
4755,0,train,1,False
4757,0,val,1,True
4758,0,train,1,False
4761,0,train,1,False
4762,0,train,0,False
4763,0,train,0,False
4764,0,train,0,False
4766,0,val,1,False
4767,0,train,1,False
4768,0,train,0,False
4770,0,train,1,False
4771,0,train,0,False
4772,0,train,1,False
4773,0,train,1,False
4775,0,train,1,False
4776,0,train,1,False
4777,0,val,1,True
4778,0,val,0,False
4779,0,val,0,False
4780,0,train,1,False
4781,0,train,1,False
4783,0,train,1,False
4784,0,train,0,False
4785,0,val,0,False
4786,0,train,1,False
4787,0,train,0,False
4788,0,train,2,False
4789,0,train,2,False
4791,0,train,1,False
4792,0,train,0,False
4793,0,val,2,False
4794,0,train,0,False
4796,0,val,2,False
4797,0,val,1,False
4798,0,train,1,False
4800,0,train,0,False
4801,0,train,1,False
4803,0,train,0,False
4804,0,train,2,False
4805,0,train,0,False
4806,0,val,1,False
4807,0,train,1,False
4810,0,val,1,True
4811,0,train,0,False
4813,0,train,0,False
4815,0,train,0,False
4816,0,train,0,False
4817,0,val,2,False
4818,0,train,1,False
4820,0,val,0,False
4821,0,train,2,False
4822,0,val,1,False
4823,0,train,2,False
4824,0,val,1,True
4825,0,train,2,False
4827,0,train,1,False
4828,0,train,2,False
4829,0,train,2,False
4830,0,train,2,False
4832,0,train,1,False
4833,0,val,2,False
4834,0,train,2,False
4836,0,train,1,False
4837,0,train,1,False
4838,0,train,1,False
4840,0,train,1,False
4841,0,train,1,False
4842,0,train,1,False
4844,0,train,1,False
4845,0,train,0,False
4846,0,val,1,False
4851,0,val,1,False
4852,0,train,2,False
4853,0,val,1,False
4855,0,val,1,True
4856,0,train,2,False
4857,0,train,2,False
4858,0,train,2,False
4859,0,train,1,False
4860,0,train,0,False
4862,0,train,0,False
4863,0,train,1,False
4864,0,val,0,False
4865,0,train,1,False
4866,0,val,0,False
4867,0,train,0,False
4868,0,train,0,False
4869,0,val,0,False
4870,0,train,1,False
4871,0,train,2,False
4872,0,train,1,False
4873,0,train,1,False
4874,0,train,1,False
4876,0,train,0,False
4877,0,val,1,False
4878,0,train,0,False
4879,0,train,1,False
4881,0,train,0,False
4882,0,train,1,False
4884,0,train,0,False
4885,0,train,1,False
4886,0,train,1,False
4887,0,train,1,False
4888,0,train,2,False
4889,0,train,0,False
4890,0,train,1,False
4891,0,train,2,False
4892,0,val,1,True
4894,0,train,1,False
4896,0,train,1,False
4897,0,val,1,False
4898,0,train,2,False
4899,0,train,1,False
4900,0,train,1,False
4901,0,val,1,True
4902,0,train,1,False
4903,0,val,0,False
4904,0,train,1,False
4906,0,train,1,False
4907,0,train,2,False
4908,0,train,2,False
4910,0,train,0,False
4911,0,train,0,False
4914,0,train,0,False
4915,0,train,0,False
4917,0,train,2,False
4918,0,val,1,False
4919,0,train,1,False
4920,0,train,1,False
4921,0,train,1,False
4924,0,train,0,False
4925,0,train,0,False
4927,0,val,1,False
4928,0,train,0,False
4930,0,train,0,False
4932,0,val,1,True
4933,0,train,2,False
4934,0,train,0,False
4935,0,train,1,False
4936,0,train,0,False
4937,0,train,1,False
4938,0,val,0,False
4939,0,train,2,False
4940,0,train,0,False
4942,0,train,2,False
4944,0,train,1,False
4945,0,train,0,False
4946,0,train,1,False
4948,0,train,1,False
4949,0,train,0,False
4950,0,train,1,False
4951,0,train,1,False
4952,0,val,1,False
4957,0,train,1,False
4958,0,train,1,False
4959,0,val,2,False
4960,0,val,2,False
4961,0,train,2,False
4962,0,train,2,False
4963,0,train,0,False
4964,0,train,0,False
4965,0,val,1,True
4966,0,train,0,False
4967,0,train,0,False
4968,0,train,0,False
4969,0,train,0,False
4970,0,train,0,False
4971,0,val,1,False
4973,0,val,1,True
4974,0,train,0,False
4975,0,train,1,False
4977,0,train,2,False
4978,0,train,0,False
4980,0,train,0,False
4984,0,train,2,False
4985,0,train,2,False
4986,0,train,2,False
4987,0,val,1,True
4988,0,train,1,False
4989,0,train,1,False
4990,0,val,1,True
4992,0,train,0,False
4994,0,train,1,False
4995,0,train,2,False
4996,0,val,1,True
4999,0,train,2,False
5001,0,val,1,True
5002,0,train,2,False
5003,0,train,2,False
5004,0,train,1,False
5005,0,val,0,False
5006,0,val,1,True
5007,0,val,2,False
5008,0,train,2,False
5009,0,val,2,False
5010,0,val,2,False
5012,0,train,1,False
5013,0,train,2,False
5016,0,val,0,False
5017,0,train,2,False
5019,0,train,2,False
5021,0,train,1,False
5023,0,val,0,False
5024,0,train,1,False
5027,0,train,0,False
5028,0,train,1,False
5030,0,train,1,False
5031,0,train,2,False
5032,0,train,0,False
5034,0,train,1,False
5035,0,train,1,False
5036,0,train,2,False
5037,0,train,1,False
5039,0,val,0,False
5040,0,train,0,False
5041,0,val,0,False
5042,0,train,0,False
5044,0,train,0,False
5045,0,train,0,False
5046,0,train,0,False
5047,0,train,0,False
5048,0,train,1,False
5049,0,train,1,False
5050,0,train,0,False
5052,0,train,1,False
5054,0,train,1,False
5056,0,train,1,False
5057,0,train,0,False
5058,0,train,1,False
5060,0,train,1,False
5061,0,train,0,False
5062,0,train,1,False
5063,0,train,1,False
5065,0,train,1,False
5066,0,val,0,False
5067,0,train,1,False
5068,0,train,1,False
5069,0,val,0,False
5070,0,train,1,False
5072,0,val,1,False
5073,0,train,0,False
5076,0,train,0,False
5077,0,train,1,False
5078,0,val,0,False
5080,0,val,1,False
2,1,train,2,False
3,1,val,2,False
4,1,train,1,False
5,1,train,2,False
6,1,val,2,False
7,1,train,2,False
8,1,train,1,False
9,1,train,2,False
11,1,train,0,False
12,1,val,2,False
13,1,val,1,True
14,1,val,0,False
15,1,train,0,False
16,1,train,2,False
17,1,train,0,False
18,1,train,0,False
19,1,train,0,False
20,1,train,0,False
21,1,val,1,False
23,1,val,1,False
24,1,train,0,False
25,1,train,0,False
26,1,train,0,False
27,1,train,0,False
28,1,train,0,False
29,1,train,1,False
30,1,train,0,False
31,1,val,1,True
32,1,train,0,False
33,1,train,0,False
34,1,train,0,False
35,1,train,1,False
36,1,val,1,True
38,1,train,1,False
39,1,train,0,False
40,1,train,0,False
41,1,val,1,True
42,1,val,1,True
43,1,train,0,False
45,1,train,1,False
46,1,train,0,False
47,1,train,0,False
48,1,val,0,False
49,1,train,0,False
50,1,train,0,False
51,1,train,0,False
52,1,train,1,False
54,1,train,0,False
55,1,train,1,False
56,1,val,1,True
57,1,train,0,False
59,1,train,0,False
62,1,train,0,False
63,1,train,0,False
64,1,train,0,False
65,1,val,0,False
66,1,train,0,False
67,1,train,0,False
68,1,train,0,False
69,1,train,0,False
70,1,train,0,False
71,1,val,0,False
72,1,train,0,False
73,1,val,1,False
74,1,train,2,False
75,1,train,1,False
76,1,train,1,False
77,1,train,0,False
78,1,train,0,False
79,1,val,0,False
80,1,train,0,False
81,1,train,1,False
83,1,train,1,False
84,1,val,1,False
85,1,train,0,False
86,1,train,0,False
87,1,train,2,False
89,1,train,0,False
91,1,train,0,False
92,1,train,0,False
93,1,train,0,False
95,1,train,1,False
96,1,train,0,False
97,1,train,0,False
98,1,train,0,False
99,1,val,0,False
100,1,val,1,False
101,1,train,0,False
103,1,train,0,False
105,1,train,0,False
106,1,val,0,False
107,1,train,1,False
108,1,train,0,False
109,1,train,0,False
110,1,train,0,False
111,1,train,0,False
112,1,train,0,False
113,1,train,0,False
114,1,train,1,False
115,1,train,0,False
116,1,val,0,False
117,1,train,1,False
118,1,val,0,False
119,1,train,0,False
120,1,train,0,False
121,1,train,0,False
122,1,train,0,False
123,1,train,0,False
124,1,val,0,False
125,1,train,0,False
126,1,train,0,False
127,1,train,0,False
128,1,train,0,False
130,1,train,0,False
131,1,train,0,False
133,1,train,1,False
134,1,train,1,False
135,1,train,1,False
136,1,val,0,False
137,1,train,1,False
139,1,train,0,False
140,1,train,1,False
142,1,train,0,False
143,1,train,0,False
144,1,train,0,False
145,1,val,0,False
146,1,val,1,True
147,1,val,0,False
148,1,train,0,False
150,1,train,0,False
151,1,train,0,False
152,1,train,0,False
153,1,train,0,False
154,1,train,0,False
155,1,train,0,False
156,1,train,0,False
157,1,val,0,False
158,1,val,0,False
159,1,train,1,False
160,1,val,0,False
161,1,train,0,False
162,1,train,0,False
163,1,train,0,False
166,1,val,1,False
167,1,val,0,False
168,1,train,0,False
170,1,train,0,False
171,1,train,0,False
172,1,train,1,False
173,1,train,0,False
174,1,train,1,False
176,1,train,0,False
177,1,train,1,False
179,1,train,1,False
180,1,train,0,False
181,1,val,1,False
182,1,train,0,False
185,1,train,0,False
186,1,train,0,False
187,1,val,0,False
188,1,train,1,False
189,1,val,0,False
190,1,train,0,False
191,1,train,0,False
192,1,train,0,False
194,1,val,0,False
196,1,train,1,False
197,1,train,0,False
198,1,train,2,False
199,1,train,0,False
201,1,train,0,False
202,1,train,0,False
203,1,val,1,True
204,1,train,0,False
205,1,train,0,False
206,1,train,0,False
207,1,train,0,False
208,1,val,0,False
209,1,train,0,False
210,1,val,0,False
211,1,train,0,False
212,1,train,0,False
213,1,train,0,False
214,1,train,0,False
215,1,train,0,False
216,1,train,0,False
217,1,train,0,False
218,1,train,1,False
220,1,train,1,False
222,1,val,0,False
223,1,val,0,False
224,1,train,0,False
225,1,train,0,False
226,1,train,0,False
227,1,train,1,False
228,1,val,0,False
229,1,val,0,False
230,1,val,0,False
231,1,val,2,False
233,1,val,0,False
235,1,train,1,False
236,1,train,0,False
238,1,train,0,False
239,1,train,0,False
240,1,train,0,False
241,1,val,2,False
242,1,val,0,False
243,1,train,0,False
244,1,train,0,False
245,1,train,0,False
246,1,train,0,False
247,1,train,0,False
249,1,train,1,False
251,1,train,2,False
253,1,train,1,False
255,1,train,0,False
256,1,train,0,False
257,1,train,0,False
260,1,train,0,False
261,1,val,1,True
262,1,val,0,False
263,1,train,0,False
264,1,train,0,False
265,1,train,0,False
266,1,train,0,False
267,1,val,0,False
268,1,train,0,False
269,1,val,0,False
270,1,train,1,False
271,1,train,0,False
272,1,train,0,False
273,1,train,0,False
274,1,train,0,False
275,1,train,0,False
277,1,val,0,False
278,1,val,0,False
279,1,train,0,False
280,1,train,0,False
281,1,val,1,False
282,1,val,0,False
283,1,train,2,False
284,1,train,0,False
285,1,val,1,True
286,1,train,1,False
288,1,train,0,False
289,1,train,0,False
290,1,val,0,False
292,1,train,0,False
293,1,train,0,False
294,1,train,0,False
295,1,train,1,False
296,1,train,0,False
297,1,train,2,False
298,1,train,0,False
299,1,train,0,False
300,1,val,0,False
301,1,train,0,False
304,1,train,1,False
305,1,val,0,False
306,1,val,0,False
307,1,train,0,False
311,1,train,0,False
312,1,train,1,False
313,1,train,1,False
314,1,train,0,False
315,1,train,1,False
316,1,train,2,False
317,1,val,2,False
318,1,train,1,False
319,1,train,0,False
320,1,train,2,False
321,1,val,0,False
322,1,train,0,False
323,1,train,1,False
324,1,train,2,False
325,1,val,2,False
326,1,val,0,False
327,1,train,1,False
328,1,train,1,False
329,1,val,0,False
330,1,train,0,False
331,1,train,0,False
332,1,train,0,False
333,1,train,1,False
334,1,train,0,False
335,1,val,0,False
336,1,train,0,False
337,1,train,0,False
338,1,train,2,False
339,1,train,2,False
340,1,train,1,False
342,1,train,0,False
343,1,train,0,False
346,1,train,0,False
348,1,val,0,False
349,1,val,1,True
350,1,train,0,False
352,1,train,1,False
355,1,train,0,False
356,1,train,0,False
357,1,train,1,False
358,1,train,0,False
359,1,train,2,False
361,1,train,0,False
362,1,train,2,False
363,1,train,0,False
364,1,train,1,False
365,1,train,0,False
366,1,train,0,False
367,1,train,2,False
368,1,train,2,False
369,1,train,1,False
371,1,val,0,False
372,1,train,0,False
373,1,val,0,False
374,1,train,0,False
376,1,train,0,False
377,1,train,0,False
379,1,train,1,False
380,1,train,2,False
381,1,train,0,False
382,1,train,0,False
383,1,train,1,False
384,1,train,1,False
385,1,train,1,False
386,1,val,0,False
387,1,train,2,False
388,1,train,2,False
389,1,train,2,False
390,1,train,2,False
391,1,train,2,False
392,1,train,1,False
393,1,train,1,False
394,1,train,0,False
395,1,val,1,True
396,1,train,2,False
397,1,train,1,False
398,1,val,2,False
400,1,train,1,False
401,1,train,2,False
402,1,train,2,False
403,1,train,2,False
405,1,train,2,False
406,1,train,0,False
408,1,train,2,False
409,1,train,0,False
410,1,train,2,False
412,1,val,1,False
413,1,train,1,False
414,1,val,2,False
416,1,train,0,False
417,1,train,0,False
419,1,train,0,False
420,1,train,2,False
421,1,train,1,False
422,1,train,1,False
423,1,train,2,False
424,1,train,2,False
426,1,train,1,False
428,1,train,1,False
429,1,train,0,False
431,1,train,1,False
432,1,val,0,False
433,1,train,1,False
436,1,train,0,False
437,1,train,2,False
438,1,train,0,False
440,1,train,0,False
441,1,train,2,False
442,1,train,1,False
445,1,train,1,False
446,1,val,1,False
447,1,train,2,False
448,1,val,1,True
450,1,train,0,False
451,1,val,0,False
453,1,train,1,False
454,1,train,2,False
456,1,val,1,False
458,1,train,1,False
459,1,train,0,False
460,1,train,0,False
461,1,train,1,False
462,1,train,0,False
463,1,train,2,False
464,1,train,1,False
465,1,train,1,False
466,1,train,0,False
467,1,train,2,False
468,1,train,1,False
469,1,train,1,False
470,1,val,0,False
471,1,train,2,False
473,1,train,1,False
475,1,train,0,False
476,1,val,1,True
477,1,train,2,False
479,1,train,1,False
480,1,train,0,False
481,1,train,2,False
483,1,train,1,False
485,1,train,0,False
486,1,train,0,False
487,1,val,0,False
489,1,val,0,False
490,1,train,0,False
491,1,train,0,False
492,1,train,0,False
493,1,train,0,False
494,1,train,0,False
495,1,train,1,False
496,1,train,0,False
497,1,train,0,False
498,1,val,0,False
499,1,val,1,False
500,1,train,0,False
501,1,train,0,False
502,1,train,0,False
503,1,train,0,False
505,1,train,0,False
506,1,train,0,False
507,1,train,0,False
508,1,train,0,False
509,1,train,0,False
510,1,train,0,False
511,1,train,0,False
512,1,train,0,False
513,1,val,1,False
514,1,train,0,False
515,1,train,0,False
517,1,val,0,False
519,1,train,1,False
520,1,train,0,False
521,1,train,0,False
522,1,val,0,False
523,1,train,0,False
524,1,train,0,False
525,1,val,0,False
526,1,val,0,False
527,1,train,0,False
528,1,train,0,False
529,1,train,0,False
530,1,train,0,False
531,1,val,0,False
532,1,val,1,True
533,1,train,0,False
536,1,val,0,False
537,1,val,0,False
538,1,train,0,False
539,1,train,2,False
540,1,val,0,False
541,1,val,0,False
542,1,train,0,False
544,1,train,0,False
545,1,train,1,False
546,1,train,0,False
547,1,train,0,False
549,1,train,0,False
550,1,train,2,False
551,1,train,0,False
552,1,train,0,False
553,1,train,0,False
554,1,val,0,False
555,1,val,0,False
556,1,train,1,False
557,1,train,0,False
558,1,val,0,False
559,1,train,0,False
560,1,train,2,False
561,1,train,2,False
562,1,val,1,True
563,1,val,1,False
564,1,train,0,False
567,1,train,0,False
568,1,train,1,False
569,1,train,0,False
571,1,train,0,False
572,1,train,1,False
573,1,train,0,False
574,1,train,2,False
575,1,train,0,False
576,1,val,0,False
577,1,train,1,False
579,1,val,0,False
580,1,train,0,False
581,1,train,0,False
582,1,train,0,False
583,1,train,0,False
584,1,train,0,False
585,1,train,2,False
587,1,train,1,False
588,1,train,0,False
589,1,train,0,False
590,1,train,0,False
591,1,train,0,False
592,1,train,2,False
593,1,train,1,False
594,1,train,0,False
595,1,train,0,False
596,1,train,0,False
597,1,train,0,False
598,1,val,1,True
599,1,train,2,False
600,1,train,1,False
601,1,train,0,False
604,1,train,1,False
606,1,train,0,False
607,1,val,1,True
609,1,train,1,False
610,1,train,0,False
611,1,train,0,False
612,1,val,1,False
613,1,train,1,False
614,1,train,1,False
615,1,val,2,False
616,1,train,1,False
617,1,train,0,False
618,1,val,0,False
619,1,train,0,False
620,1,train,0,False
621,1,train,0,False
622,1,train,0,False
623,1,train,0,False
625,1,train,2,False
626,1,train,0,False
627,1,train,0,False
628,1,train,0,False
629,1,train,0,False
630,1,train,0,False
631,1,train,0,False
632,1,train,2,False
634,1,train,1,False
635,1,train,2,False
636,1,train,2,False
637,1,train,0,False
638,1,train,0,False
639,1,train,2,False
640,1,train,2,False
641,1,train,2,False
643,1,train,1,False
645,1,train,2,False
646,1,val,2,False
648,1,train,2,False
649,1,train,2,False
650,1,train,1,False
651,1,train,0,False
652,1,val,0,False
653,1,train,1,False
654,1,train,0,False
655,1,train,2,False
656,1,train,2,False
657,1,train,0,False
658,1,train,1,False
659,1,val,1,True
660,1,train,1,False
661,1,train,0,False
662,1,val,1,False
664,1,train,1,False
665,1,train,1,False
666,1,train,1,False
667,1,train,1,False
668,1,train,2,False
670,1,train,0,False
671,1,train,2,False
672,1,val,1,False
673,1,train,1,False
674,1,train,0,False
675,1,train,0,False
676,1,train,0,False
678,1,train,0,False
679,1,train,2,False
680,1,train,2,False
682,1,train,1,False
683,1,val,2,False
685,1,train,0,False
686,1,train,2,False
687,1,val,1,True
688,1,val,1,False
689,1,train,0,False
690,1,val,2,False
692,1,val,1,True
694,1,train,0,False
695,1,val,1,True
697,1,train,1,False
698,1,val,1,False
699,1,train,1,False
700,1,train,2,False
701,1,val,0,False
702,1,train,2,False
703,1,train,2,False
704,1,train,0,False
705,1,train,2,False
706,1,train,0,False
708,1,train,0,False
710,1,train,1,False
711,1,val,0,False
714,1,train,0,False
715,1,train,0,False
716,1,val,1,False
717,1,train,2,False
718,1,train,2,False
720,1,val,1,True
721,1,train,2,False
723,1,val,0,False
724,1,val,1,False
725,1,train,1,False
727,1,train,1,False
728,1,train,2,False
729,1,train,2,False
730,1,val,2,False
733,1,train,2,False
734,1,val,2,False
735,1,train,0,False
736,1,train,0,False
737,1,train,0,False
739,1,val,0,False
740,1,val,1,True
741,1,train,0,False
742,1,train,2,False
743,1,train,1,False
744,1,train,0,False
745,1,val,0,False
746,1,train,1,False
747,1,train,1,False
748,1,val,1,False
750,1,train,1,False
751,1,train,2,False
752,1,val,1,False
753,1,val,2,False
754,1,train,2,False
755,1,val,1,False
756,1,val,1,False
757,1,train,2,False
758,1,val,2,False
759,1,val,1,True
760,1,train,0,False
762,1,train,2,False
763,1,train,2,False
764,1,train,2,False
765,1,train,2,False
766,1,train,2,False
767,1,train,2,False
768,1,train,2,False
769,1,train,0,False
770,1,train,0,False
771,1,train,2,False
772,1,train,1,False
774,1,train,2,False
775,1,val,1,True
777,1,val,0,False
778,1,train,0,False
780,1,train,0,False
781,1,train,0,False
782,1,train,0,False
783,1,val,2,False
784,1,val,2,False
787,1,train,2,False
788,1,train,1,False
789,1,train,1,False
790,1,train,1,False
791,1,train,2,False
792,1,train,2,False
793,1,train,2,False
794,1,train,2,False
795,1,train,2,False
796,1,train,2,False
797,1,train,2,False
798,1,train,1,False
799,1,train,2,False
800,1,train,0,False
801,1,train,2,False
802,1,train,1,False
804,1,train,0,False
805,1,train,2,False
807,1,train,0,False
808,1,val,2,False
809,1,train,1,False
810,1,train,0,False
811,1,val,1,True
812,1,train,0,False
814,1,train,2,False
815,1,train,2,False
816,1,train,1,False
817,1,train,0,False
818,1,val,1,False
819,1,train,2,False
820,1,val,2,False
821,1,train,2,False
822,1,train,0,False
823,1,train,1,False
824,1,train,2,False
825,1,train,2,False
827,1,train,1,False
828,1,train,2,False
829,1,train,1,False
830,1,train,1,False
831,1,train,0,False
834,1,train,0,False
835,1,train,0,False
836,1,train,1,False
837,1,train,2,False
838,1,train,0,False
839,1,train,1,False
841,1,train,1,False
842,1,val,2,False
843,1,train,0,False
844,1,train,2,False
845,1,train,2,False
846,1,train,1,False
847,1,train,2,False
848,1,train,2,False
849,1,train,2,False
850,1,train,1,False
851,1,train,2,False
852,1,val,2,False
853,1,train,2,False
854,1,train,2,False
855,1,train,0,False
856,1,val,2,False
857,1,train,2,False
858,1,train,0,False
859,1,train,2,False
860,1,val,1,True
861,1,train,2,False
862,1,train,2,False
863,1,train,0,False
864,1,train,2,False
866,1,train,2,False
867,1,train,0,False
869,1,val,1,False
870,1,train,2,False
871,1,train,0,False
872,1,train,0,False
873,1,train,1,False
874,1,val,2,False
875,1,train,0,False
876,1,train,2,False
878,1,train,2,False
879,1,train,2,False
880,1,train,0,False
882,1,train,1,False
883,1,train,2,False
885,1,train,2,False
886,1,train,1,False
887,1,val,1,True
888,1,train,2,False
889,1,train,0,False
890,1,train,0,False
894,1,train,0,False
895,1,train,1,False
896,1,train,0,False
897,1,train,0,False
898,1,train,1,False
899,1,train,1,False
900,1,train,2,False
901,1,train,0,False
902,1,train,0,False
903,1,train,0,False
904,1,val,2,False
905,1,train,0,False
906,1,val,1,True
907,1,train,2,False
908,1,train,1,False
910,1,val,2,False
911,1,train,0,False
912,1,train,2,False
913,1,train,2,False
914,1,train,0,False
915,1,train,2,False
916,1,val,1,False
917,1,train,1,False
918,1,train,2,False
919,1,train,0,False
920,1,val,1,True
921,1,train,0,False
923,1,train,1,False
924,1,train,2,False
926,1,train,1,False
927,1,val,2,False
928,1,train,1,False
929,1,train,2,False
930,1,train,2,False
931,1,train,2,False
932,1,train,1,False
933,1,val,0,False
934,1,train,2,False
935,1,train,0,False
936,1,val,1,False
937,1,train,1,False
938,1,train,0,False
939,1,val,1,True
941,1,train,2,False
942,1,train,1,False
943,1,train,1,False
944,1,train,0,False
945,1,train,0,False
946,1,train,2,False
947,1,train,2,False
948,1,train,0,False
949,1,train,2,False
951,1,train,2,False
952,1,train,0,False
953,1,train,0,False
954,1,train,0,False
955,1,train,2,False
957,1,train,2,False
958,1,train,2,False
959,1,val,2,False
960,1,train,2,False
961,1,train,2,False
962,1,train,2,False
963,1,train,1,False
964,1,val,1,True
965,1,train,0,False
966,1,train,1,False
967,1,train,2,False
969,1,train,1,False
970,1,train,1,False
971,1,train,1,False
972,1,train,2,False
973,1,train,1,False
974,1,train,0,False
976,1,train,0,False
977,1,train,0,False
978,1,val,1,False
979,1,train,1,False
982,1,train,2,False
983,1,train,2,False
984,1,train,2,False
985,1,train,2,False
986,1,train,2,False
987,1,train,2,False
988,1,train,2,False
989,1,train,2,False
990,1,train,2,False
992,1,train,2,False
993,1,train,2,False
994,1,train,1,False
995,1,val,1,True
996,1,val,2,False
997,1,train,2,False
998,1,train,1,False
999,1,val,1,True
1000,1,train,1,False
1001,1,train,0,False
1002,1,train,2,False
1003,1,val,2,False
1004,1,train,2,False
1005,1,val,1,True
1006,1,train,2,False
1008,1,train,1,False
1010,1,train,1,False
1011,1,train,2,False
1012,1,train,0,False
1013,1,train,2,False
1014,1,train,0,False
1015,1,val,0,False
1016,1,val,1,True
1018,1,train,2,False
1019,1,train,1,False
1020,1,val,2,False
1021,1,train,1,False
1023,1,train,2,False
1024,1,train,2,False
1025,1,train,0,False
1026,1,train,1,False
1027,1,train,1,False
1028,1,train,2,False
1029,1,val,1,True
1030,1,train,1,False
1031,1,val,2,False
1034,1,val,1,True
1035,1,val,1,False
1036,1,train,2,False
1038,1,train,0,False
1039,1,val,0,False
1042,1,train,2,False
1043,1,val,2,False
1044,1,train,1,False
1045,1,train,1,False
1046,1,train,1,False
1047,1,train,0,False
1049,1,train,1,False
1050,1,train,2,False
1051,1,train,1,False
1053,1,val,1,True
1055,1,train,1,False
1056,1,train,0,False
1057,1,train,1,False
1058,1,train,2,False
1059,1,train,1,False
1060,1,train,1,False
1061,1,train,0,False
1062,1,train,1,False
1063,1,val,1,True
1064,1,val,0,False
1065,1,val,0,False
1066,1,train,0,False
1067,1,train,0,False
1068,1,val,2,False
1071,1,val,2,False
1072,1,train,2,False
1074,1,val,2,False
1075,1,train,1,False
1076,1,train,2,False
1077,1,train,2,False
1079,1,train,1,False
1080,1,train,2,False
1081,1,train,2,False
1083,1,val,1,True
1084,1,train,0,False
1085,1,train,0,False
1086,1,train,1,False
1087,1,train,1,False
1089,1,val,0,False
1090,1,val,2,False
1092,1,val,2,False
1093,1,val,1,False
1094,1,train,1,False
1095,1,train,2,False
1096,1,train,1,False
1097,1,train,1,False
1098,1,val,1,False
1099,1,train,0,False
1101,1,train,0,False
1103,1,train,0,False
1104,1,train,1,False
1106,1,train,0,False
1107,1,train,0,False
1108,1,val,1,False
1109,1,val,1,False
1110,1,train,1,False
1113,1,train,2,False
1114,1,train,1,False
1115,1,train,2,False
1116,1,train,2,False
1118,1,train,0,False
1119,1,train,1,False
1120,1,train,0,False
1121,1,val,1,False
1122,1,val,1,False
1123,1,train,0,False
1124,1,val,1,True
1125,1,train,1,False
1126,1,val,1,True
1127,1,train,0,False
1128,1,train,0,False
1129,1,train,1,False
1130,1,train,0,False
1132,1,train,1,False
1133,1,val,0,False
1134,1,train,1,False
1135,1,val,1,False
1136,1,train,0,False
1137,1,train,1,False
1138,1,val,1,False
1139,1,train,0,False
1140,1,train,1,False
1141,1,train,0,False
1142,1,val,1,True
1144,1,train,0,False
1146,1,train,1,False
1148,1,train,1,False
1149,1,train,0,False
1150,1,train,1,False
1152,1,train,0,False
1153,1,train,0,False
1154,1,train,0,False
1155,1,val,1,False
1156,1,train,1,False
1157,1,train,0,False
1159,1,val,1,True
1160,1,train,0,False
1163,1,val,1,False
1164,1,train,0,False
1165,1,train,2,False
1167,1,train,2,False
1171,1,val,1,True
1172,1,train,1,False
1173,1,train,2,False
1174,1,val,0,False
1175,1,train,1,False
1177,1,val,1,False
1179,1,train,1,False
1180,1,train,0,False
1182,1,train,1,False
1183,1,val,1,True
1184,1,train,0,False
1185,1,val,1,True
1186,1,val,1,True
1188,1,train,2,False
1189,1,train,2,False
1190,1,train,2,False
1191,1,train,2,False
1192,1,train,2,False
1194,1,val,2,False
1195,1,val,1,False
1196,1,train,2,False
1197,1,train,2,False
1198,1,val,2,False
1199,1,val,1,False
1200,1,train,0,False
1201,1,train,2,False
1202,1,train,0,False
1203,1,train,2,False
1204,1,val,2,False
1205,1,train,0,False
1206,1,train,1,False
1208,1,val,2,False
1209,1,train,2,False
1210,1,train,1,False
1211,1,train,2,False
1212,1,train,1,False
1213,1,train,2,False
1214,1,train,2,False
1216,1,train,1,False
1217,1,train,2,False
1218,1,train,2,False
1221,1,train,1,False
1222,1,train,1,False
1223,1,train,1,False
1225,1,train,1,False
1226,1,train,1,False
1228,1,train,1,False
1231,1,train,0,False
1232,1,train,1,False
1233,1,val,2,False
1234,1,train,2,False
1235,1,train,2,False
1238,1,train,2,False
1239,1,train,2,False
1240,1,train,0,False
1241,1,train,2,False
1243,1,train,2,False
1244,1,train,1,False
1246,1,train,2,False
1247,1,train,2,False
1248,1,val,2,False
1249,1,val,2,False
1250,1,train,1,False
1251,1,train,2,False
1252,1,val,2,False
1253,1,train,1,False
1254,1,train,2,False
1255,1,train,1,False
1256,1,train,2,False
1257,1,train,2,False
1258,1,train,1,False
1259,1,train,2,False
1260,1,val,1,False
1261,1,train,2,False
1263,1,train,1,False
1264,1,train,1,False
1265,1,train,2,False
1266,1,val,2,False
1267,1,train,2,False
1268,1,train,2,False
1269,1,val,1,False
1270,1,train,1,False
1271,1,train,1,False
1272,1,train,1,False
1273,1,train,2,False
1274,1,train,1,False
1275,1,val,2,False
1276,1,train,2,False
1277,1,train,2,False
1278,1,val,1,False
1279,1,train,2,False
1281,1,val,1,False
1282,1,train,2,False
1283,1,train,2,False
1284,1,val,2,False
1285,1,train,2,False
1288,1,val,1,True
1289,1,train,1,False
1290,1,train,1,False
1291,1,train,2,False
1292,1,train,2,False
1293,1,train,2,False
1294,1,train,1,False
1295,1,val,1,True
1296,1,train,1,False
1297,1,train,1,False
1298,1,train,2,False
1299,1,train,2,False
1300,1,train,1,False
1301,1,train,1,False
1303,1,val,2,False
1304,1,train,1,False
1305,1,val,1,True
1310,1,train,2,False
1311,1,train,0,False
1312,1,train,0,False
1313,1,val,2,False
1314,1,train,0,False
1319,1,val,2,False
1320,1,train,0,False
1321,1,val,0,False
1324,1,val,1,True
1325,1,val,1,True
1326,1,train,1,False
1327,1,val,1,False
1328,1,train,1,False
1329,1,train,2,False
1331,1,val,2,False
1332,1,train,1,False
1334,1,train,1,False
1335,1,val,2,False
1336,1,train,0,False
1337,1,val,2,False
1338,1,val,1,False
1339,1,train,1,False
1340,1,train,2,False
1341,1,train,1,False
1343,1,train,1,False
1345,1,train,1,False
1348,1,val,2,False
1350,1,train,1,False
1351,1,train,0,False
1352,1,val,2,False
1353,1,train,2,False
1354,1,val,1,False
1355,1,train,2,False
1356,1,train,1,False
1357,1,val,1,False
1358,1,train,2,False
1361,1,train,2,False
1363,1,val,1,True
1365,1,train,1,False
1366,1,val,1,True
1367,1,val,1,False
1368,1,train,2,False
1369,1,train,2,False
1370,1,train,1,False
1371,1,val,1,False
1373,1,val,0,False
1374,1,train,2,False
1375,1,train,0,False
1376,1,train,0,False
1377,1,train,2,False
1378,1,val,1,True
1379,1,train,1,False
1380,1,val,1,False
1381,1,val,2,False
1383,1,train,1,False
1384,1,val,1,False
1385,1,val,1,True
1386,1,train,1,False
1387,1,val,0,False
1389,1,train,0,False
1390,1,train,1,False
1391,1,train,1,False
1392,1,train,0,False
1393,1,train,1,False
1394,1,train,0,False
1395,1,val,2,False
1396,1,train,2,False
1397,1,val,2,False
1398,1,train,2,False
1399,1,val,1,True
1401,1,train,2,False
1402,1,train,1,False
1403,1,train,2,False
1404,1,val,2,False
1405,1,train,2,False
1406,1,train,1,False
1407,1,train,0,False
1410,1,train,1,False
1411,1,train,1,False
1412,1,val,2,False
1413,1,train,2,False
1414,1,val,0,False
1415,1,train,1,False
1417,1,train,1,False
1418,1,train,1,False
1421,1,train,2,False
1423,1,val,2,False
1424,1,train,2,False
1426,1,train,2,False
1427,1,train,2,False
1428,1,train,2,False
1429,1,train,1,False
1430,1,val,2,False
1431,1,val,2,False
1432,1,train,0,False
1433,1,val,1,True
1434,1,val,2,False
1435,1,train,1,False
1436,1,train,0,False
1437,1,train,1,False
1439,1,train,1,False
1441,1,train,0,False
1442,1,train,1,False
1443,1,train,1,False
1445,1,train,0,False
1446,1,train,1,False
1447,1,train,2,False
1448,1,val,2,False
1449,1,train,1,False
1451,1,train,0,False
1452,1,train,0,False
1454,1,train,1,False
1455,1,train,0,False
1457,1,val,1,True
1458,1,val,0,False
1459,1,train,1,False
1460,1,train,1,False
1462,1,train,0,False
1464,1,train,0,False
1467,1,val,1,True
1468,1,train,0,False
1469,1,train,0,False
1470,1,train,2,False
1471,1,train,1,False
1472,1,train,1,False
1473,1,val,1,True
1474,1,val,1,False
1475,1,train,0,False
1476,1,train,2,False
1477,1,train,2,False
1478,1,train,0,False
1479,1,train,2,False
1480,1,train,1,False
1481,1,train,1,False
1482,1,val,0,False
1483,1,train,0,False
1484,1,val,1,False
1485,1,train,1,False
1486,1,train,1,False
1487,1,train,0,False
1489,1,val,0,False
1490,1,train,0,False
1491,1,train,1,False
1492,1,val,2,False
1493,1,train,2,False
1495,1,val,2,False
1496,1,train,0,False
1497,1,train,1,False
1501,1,val,0,False
1502,1,train,1,False
1503,1,val,0,False
1504,1,val,1,False
1505,1,train,2,False
1506,1,train,2,False
1507,1,train,0,False
1508,1,train,2,False
1509,1,train,0,False
1510,1,train,2,False
1511,1,train,2,False
1512,1,train,0,False
1513,1,train,2,False
1514,1,train,1,False
1515,1,train,0,False
1516,1,val,0,False
1517,1,train,2,False
1520,1,train,0,False
1521,1,val,1,False
1522,1,train,1,False
1523,1,train,1,False
1525,1,train,1,False
1526,1,val,0,False
1527,1,train,2,False
1529,1,train,1,False
1531,1,train,1,False
1532,1,train,2,False
1533,1,train,0,False
1536,1,train,1,False
1537,1,val,1,True
1539,1,val,1,True
1540,1,train,1,False
1541,1,train,1,False
1542,1,train,1,False
1544,1,train,1,False
1545,1,train,1,False
1546,1,train,2,False
1547,1,train,2,False
1548,1,train,0,False
1549,1,val,2,False
1551,1,train,1,False
1552,1,val,1,False
1553,1,train,2,False
1554,1,train,1,False
1555,1,train,1,False
1556,1,train,1,False
1557,1,train,2,False
1558,1,val,1,False
1559,1,train,1,False
1560,1,val,0,False
1562,1,val,1,False
1563,1,train,2,False
1565,1,train,1,False
1566,1,train,2,False
1567,1,train,1,False
1569,1,val,1,False
1570,1,train,1,False
1571,1,train,2,False
1575,1,train,2,False
1578,1,val,2,False
1579,1,train,2,False
1580,1,train,1,False
1581,1,train,0,False
1582,1,train,1,False
1586,1,train,2,False
1588,1,train,2,False
1589,1,train,1,False
1590,1,train,2,False
1591,1,train,0,False
1592,1,train,0,False
1593,1,train,1,False
1594,1,train,0,False
1595,1,val,2,False
1596,1,val,1,True
1597,1,train,2,False
1598,1,train,1,False
1599,1,train,1,False
1600,1,train,1,False
1601,1,train,0,False
1602,1,val,0,False
1604,1,train,2,False
1605,1,train,2,False
1607,1,train,1,False
1608,1,train,2,False
1609,1,val,1,True
1610,1,train,1,False
1611,1,train,1,False
1614,1,train,0,False
1615,1,train,0,False
1616,1,train,2,False
1618,1,val,0,False
1619,1,val,2,False
1620,1,train,1,False
1621,1,val,0,False
1622,1,val,2,False
1623,1,train,1,False
1624,1,train,1,False
1625,1,val,1,False
1626,1,train,2,False
1627,1,val,1,False
1628,1,val,0,False
1631,1,train,0,False
1633,1,train,1,False
1634,1,train,0,False
1635,1,val,1,False
1637,1,train,2,False
1638,1,train,2,False
1639,1,val,0,False
1640,1,train,0,False
1641,1,val,0,False
1642,1,train,0,False
1644,1,train,2,False
1645,1,train,2,False
1646,1,val,2,False
1647,1,train,0,False
1649,1,train,0,False
1650,1,train,2,False
1651,1,val,1,True
1652,1,train,0,False
1653,1,train,2,False
1654,1,val,0,False
1656,1,train,0,False
1657,1,train,0,False
1658,1,val,1,False
1659,1,train,2,False
1660,1,val,1,True
1661,1,train,1,False
1662,1,train,0,False
1663,1,train,2,False
1664,1,train,2,False
1665,1,train,1,False
1666,1,val,2,False
1667,1,train,1,False
1668,1,train,2,False
1669,1,train,1,False
1670,1,train,0,False
1671,1,train,2,False
1672,1,val,0,False
1673,1,train,2,False
1674,1,val,2,False
1675,1,train,2,False
1676,1,train,0,False
1677,1,train,1,False
1678,1,train,0,False
1680,1,train,0,False
1681,1,train,2,False
1682,1,train,2,False
1683,1,train,0,False
1684,1,train,1,False
1685,1,train,0,False
1686,1,train,0,False
1687,1,train,0,False
1689,1,train,0,False
1690,1,train,2,False
1691,1,train,2,False
1692,1,train,2,False
1693,1,train,2,False
1694,1,train,2,False
1695,1,train,0,False
1697,1,val,1,False
1698,1,val,2,False
1699,1,train,1,False
1701,1,train,2,False
1702,1,train,1,False
1703,1,train,1,False
1704,1,val,2,False
1705,1,val,2,False
1706,1,train,1,False
1707,1,train,1,False
1708,1,train,1,False
1709,1,train,2,False
1710,1,train,2,False
1712,1,train,0,False
1713,1,train,0,False
1714,1,train,2,False
1715,1,val,1,False
1716,1,train,2,False
1717,1,train,2,False
1719,1,train,2,False
1720,1,val,2,False
1723,1,val,2,False
1724,1,train,1,False
1725,1,train,2,False
1726,1,train,2,False
1727,1,train,2,False
1728,1,train,1,False
1729,1,train,2,False
1730,1,train,2,False
1731,1,val,2,False
1732,1,train,2,False
1733,1,train,2,False
1734,1,val,2,False
1735,1,val,0,False
1736,1,train,2,False
1737,1,train,2,False
1738,1,train,1,False
1739,1,val,2,False
1740,1,train,2,False
1741,1,val,1,False
1742,1,train,1,False
1743,1,train,2,False
1744,1,train,2,False
1745,1,train,2,False
1746,1,train,2,False
1747,1,train,2,False
1748,1,train,1,False
1750,1,train,2,False
1752,1,train,2,False
1753,1,train,0,False
1754,1,train,2,False
1755,1,train,2,False
1756,1,train,0,False
1757,1,val,2,False
1758,1,train,2,False
1759,1,train,2,False
1760,1,train,2,False
1761,1,train,0,False
1762,1,train,2,False
1763,1,val,0,False
1764,1,train,1,False
1765,1,train,0,False
1766,1,train,2,False
1767,1,val,1,True
1768,1,train,2,False
1769,1,train,0,False
1770,1,train,2,False
1771,1,train,2,False
1772,1,train,2,False
1773,1,train,1,False
1774,1,val,0,False
1775,1,train,2,False
1776,1,val,1,True
1777,1,val,2,False
1778,1,train,2,False
1779,1,train,2,False
1780,1,train,2,False
1781,1,train,0,False
1782,1,train,1,False
1783,1,train,1,False
1785,1,train,2,False
1786,1,train,0,False
1787,1,val,1,True
1788,1,train,1,False
1789,1,val,1,True
1790,1,train,2,False
1791,1,train,1,False
1792,1,train,0,False
1793,1,train,0,False
1794,1,train,2,False
1795,1,train,2,False
1796,1,train,2,False
1797,1,val,0,False
1798,1,train,2,False
1800,1,train,2,False
1803,1,val,1,True
1804,1,train,2,False
1805,1,train,1,False
1806,1,train,2,False
1807,1,train,1,False
1809,1,train,2,False
1810,1,train,1,False
1812,1,train,2,False
1813,1,train,2,False
1817,1,train,1,False
1818,1,train,1,False
1819,1,val,1,True
1820,1,train,0,False
1821,1,train,1,False
1823,1,train,0,False
1824,1,train,1,False
1825,1,train,1,False
1826,1,train,1,False
1828,1,train,1,False
1830,1,train,2,False
1832,1,train,2,False
1833,1,train,1,False
1834,1,train,2,False
1835,1,train,2,False
1836,1,train,2,False
1837,1,train,2,False
1839,1,train,1,False
1840,1,val,0,False
1841,1,val,1,True
1842,1,train,0,False
1843,1,val,1,True
1844,1,train,2,False
1845,1,train,1,False
1846,1,train,2,False
1847,1,train,2,False
1848,1,train,0,False
1849,1,val,2,False
1850,1,val,1,False
1851,1,train,0,False
1852,1,val,1,True
1853,1,train,2,False
1854,1,val,1,True
1856,1,val,1,True
1857,1,train,2,False
1858,1,train,2,False
1859,1,val,0,False
1860,1,val,1,True
1862,1,val,1,False
1863,1,val,1,True
1866,1,train,0,False
1867,1,train,1,False
1868,1,val,1,True
1870,1,train,0,False
1872,1,train,2,False
1873,1,val,1,True
1874,1,train,1,False
1875,1,train,2,False
1877,1,train,1,False
1878,1,val,1,False
1879,1,val,1,True
1881,1,train,0,False
1882,1,train,2,False
1884,1,train,0,False
1885,1,train,0,False
1886,1,train,0,False
1887,1,train,2,False
1888,1,train,2,False
1889,1,val,2,False
1890,1,train,2,False
1891,1,val,2,False
1892,1,val,2,False
1894,1,val,2,False
1895,1,train,2,False
1896,1,val,1,True
1897,1,train,2,False
1898,1,train,0,False
1899,1,train,2,False
1901,1,train,1,False
1903,1,val,0,False
1904,1,train,1,False
1906,1,train,0,False
1907,1,train,0,False
1909,1,val,0,False
1910,1,train,1,False
1911,1,train,1,False
1913,1,val,0,False
1914,1,train,0,False
1915,1,val,0,False
1916,1,train,0,False
1917,1,train,1,False
1918,1,train,0,False
1919,1,train,0,False
1920,1,val,0,False
1921,1,train,1,False
1922,1,val,1,False
1923,1,train,1,False
1924,1,train,0,False
1926,1,train,2,False
1927,1,train,2,False
1928,1,train,2,False
1930,1,val,1,False
1933,1,train,1,False
1934,1,train,0,False
1935,1,train,0,False
1937,1,train,2,False
1938,1,train,1,False
1943,1,train,0,False
1944,1,val,1,True
1945,1,train,0,False
1947,1,val,1,False
1948,1,train,0,False
1949,1,train,0,False
1950,1,train,0,False
1952,1,train,0,False
1953,1,val,0,False
1955,1,train,0,False
1957,1,train,0,False
1958,1,val,1,False
1959,1,val,0,False
1962,1,val,1,False
1964,1,train,0,False
1965,1,train,2,False
1968,1,val,0,False
1969,1,train,1,False
1970,1,train,1,False
1971,1,val,1,True
1972,1,val,2,False
1974,1,train,1,False
1975,1,train,0,False
1976,1,train,1,False
1977,1,train,0,False
1979,1,train,1,False
1982,1,train,0,False
1984,1,train,0,False
1985,1,train,0,False
1986,1,train,0,False
1987,1,train,0,False
1988,1,train,0,False
1989,1,train,0,False
1990,1,train,0,False
1991,1,train,1,False
1992,1,val,0,False
1993,1,val,1,True
1994,1,val,0,False
1995,1,val,0,False
1996,1,train,2,False
1998,1,train,2,False
1999,1,train,2,False
2000,1,train,1,False
2001,1,train,2,False
2002,1,train,2,False
2003,1,train,2,False
2004,1,train,1,False
2005,1,train,2,False
2006,1,val,2,False
2007,1,train,1,False
2008,1,val,1,True
2009,1,val,1,True
2010,1,val,2,False
2011,1,train,1,False
2013,1,train,0,False
2014,1,val,1,True
2016,1,train,1,False
2017,1,train,2,False
2018,1,val,1,True
2019,1,val,0,False
2020,1,train,2,False
2021,1,train,1,False
2022,1,val,1,False
2023,1,val,1,False
2025,1,val,0,False
2026,1,train,1,False
2029,1,train,1,False
2030,1,train,1,False
2031,1,train,0,False
2033,1,train,1,False
2034,1,train,2,False
2035,1,train,1,False
2036,1,train,2,False
2037,1,train,0,False
2038,1,train,0,False
2039,1,train,0,False
2040,1,train,1,False
2041,1,train,1,False
2042,1,train,1,False
2043,1,val,1,False
2044,1,train,0,False
2045,1,val,1,False
2046,1,train,1,False
2047,1,train,1,False
2048,1,train,0,False
2050,1,train,0,False
2051,1,train,2,False
2052,1,train,1,False
2053,1,train,0,False
2054,1,train,1,False
2055,1,train,0,False
2057,1,train,2,False
2058,1,train,1,False
2059,1,val,1,False
2060,1,train,1,False
2061,1,train,1,False
2062,1,train,1,False
2063,1,train,1,False
2064,1,val,0,False
2067,1,val,2,False
2068,1,train,1,False
2069,1,val,1,True
2070,1,val,0,False
2072,1,train,2,False
2073,1,train,1,False
2074,1,train,1,False
2075,1,train,0,False
2076,1,train,0,False
2078,1,train,1,False
2079,1,train,0,False
2080,1,val,1,True
2081,1,train,1,False
2083,1,train,1,False
2084,1,train,0,False
2086,1,val,1,False
2088,1,train,0,False
2089,1,train,1,False
2090,1,val,1,False
2091,1,train,1,False
2093,1,train,0,False
2094,1,train,0,False
2095,1,train,0,False
2096,1,train,0,False
2097,1,train,2,False
2098,1,val,1,True
2099,1,train,2,False
2100,1,train,1,False
2101,1,train,1,False
2103,1,val,0,False
2105,1,val,1,False
2107,1,val,1,False
2108,1,val,0,False
2109,1,val,1,False
2110,1,train,0,False
2113,1,train,0,False
2114,1,train,0,False
2115,1,val,2,False
2117,1,train,2,False
2118,1,train,1,False
2119,1,train,1,False
2120,1,train,0,False
2121,1,train,1,False
2122,1,train,2,False
2124,1,train,1,False
2125,1,train,0,False
2126,1,train,1,False
2127,1,train,0,False
2130,1,train,2,False
2132,1,train,1,False
2134,1,train,1,False
2135,1,train,0,False
2136,1,train,2,False
2137,1,train,1,False
2138,1,train,2,False
2139,1,train,2,False
2141,1,train,2,False
2142,1,train,1,False
2144,1,train,1,False
2147,1,train,2,False
2148,1,train,1,False
2149,1,val,2,False
2150,1,train,0,False
2151,1,train,0,False
2152,1,val,1,True
2153,1,train,1,False
2155,1,train,0,False
2156,1,train,0,False
2158,1,train,0,False
2159,1,val,1,True
2160,1,val,1,True
2163,1,val,1,False
2164,1,val,1,False
2165,1,val,0,False
2166,1,train,1,False
2167,1,val,0,False
2168,1,val,1,False
2169,1,train,2,False
2172,1,train,1,False
2173,1,val,2,False
2174,1,train,2,False
2175,1,train,2,False
2176,1,train,1,False
2177,1,val,0,False
2180,1,train,0,False
2181,1,train,2,False
2182,1,train,1,False
2183,1,train,2,False
2184,1,train,2,False
2185,1,val,1,True
2186,1,val,1,True
2187,1,train,2,False
2188,1,val,1,False
2189,1,train,1,False
2191,1,train,2,False
2193,1,train,1,False
2194,1,val,2,False
2195,1,train,1,False
2200,1,train,1,False
2201,1,train,2,False
2202,1,val,1,True
2203,1,train,1,False
2204,1,train,2,False
2205,1,train,2,False
2206,1,train,1,False
2208,1,val,2,False
2209,1,train,2,False
2210,1,val,1,False
2212,1,train,0,False
2213,1,train,0,False
2214,1,train,0,False
2215,1,val,1,True
2216,1,val,1,False
2217,1,train,1,False
2218,1,train,0,False
2221,1,val,1,True
2222,1,train,0,False
2223,1,val,2,False
2224,1,val,0,False
2225,1,train,2,False
2226,1,train,2,False
2228,1,val,1,True
2229,1,train,2,False
2230,1,val,0,False
2231,1,train,1,False
2232,1,train,0,False
2233,1,train,1,False
2234,1,train,1,False
2235,1,train,0,False
2237,1,train,1,False
2238,1,train,1,False
2240,1,val,0,False
2241,1,train,1,False
2242,1,train,2,False
2244,1,train,2,False
2245,1,val,0,False
2246,1,train,0,False
2247,1,val,0,False
2248,1,train,2,False
2249,1,train,0,False
2250,1,train,2,False
2251,1,train,2,False
2252,1,train,2,False
2255,1,train,2,False
2256,1,train,1,False
2257,1,train,0,False
2258,1,train,0,False
2259,1,train,0,False
2260,1,train,0,False
2261,1,train,0,False
2263,1,train,2,False
2265,1,train,2,False
2266,1,train,2,False
2267,1,train,1,False
2268,1,val,1,True
2270,1,train,1,False
2271,1,train,1,False
2272,1,train,2,False
2273,1,train,2,False
2274,1,train,1,False
2275,1,val,1,True
2277,1,train,1,False
2278,1,train,2,False
2280,1,train,2,False
2281,1,train,0,False
2282,1,train,1,False
2283,1,val,1,False
2284,1,train,2,False
2285,1,train,0,False
2286,1,train,2,False
2287,1,val,2,False
2288,1,train,0,False
2290,1,train,2,False
2292,1,train,1,False
2293,1,val,1,False
2294,1,val,1,True
2295,1,train,1,False
2296,1,train,2,False
2297,1,train,2,False
2298,1,val,2,False
2299,1,val,1,False
2300,1,train,1,False
2301,1,train,0,False
2304,1,train,0,False
2305,1,train,1,False
2307,1,train,1,False
2308,1,val,1,False
2309,1,val,1,False
2310,1,val,1,True
2311,1,train,2,False
2312,1,val,1,True
2313,1,val,1,True
2315,1,train,2,False
2317,1,val,1,False
2318,1,val,2,False
2319,1,train,2,False
2320,1,train,2,False
2321,1,train,1,False
2322,1,train,2,False
2323,1,train,0,False
2324,1,train,2,False
2326,1,val,1,False
2327,1,train,2,False
2328,1,train,2,False
2329,1,train,2,False
2331,1,train,1,False
2332,1,train,2,False
2333,1,train,2,False
2334,1,val,1,False
2335,1,train,2,False
2336,1,train,1,False
2337,1,train,2,False
2339,1,train,2,False
2340,1,val,2,False
2341,1,train,1,False
2342,1,val,1,True
2343,1,train,2,False
2344,1,train,1,False
2345,1,train,2,False
2346,1,train,2,False
2347,1,train,2,False
2348,1,train,2,False
2353,1,train,1,False
2354,1,val,1,True
2355,1,train,2,False
2356,1,train,2,False
2357,1,train,2,False
2358,1,train,2,False
2360,1,train,2,False
2361,1,train,2,False
2362,1,train,1,False
2363,1,train,2,False
2364,1,train,2,False
2365,1,train,2,False
2366,1,train,2,False
2367,1,val,1,True
2368,1,train,2,False
2369,1,train,2,False
2370,1,train,1,False
2372,1,train,1,False
2374,1,val,1,False
2375,1,train,2,False
2376,1,val,1,False
2377,1,train,0,False
2378,1,train,1,False
2379,1,train,0,False
2380,1,train,1,False
2381,1,val,1,False
2382,1,train,2,False
2383,1,val,2,False
2384,1,val,1,True
2385,1,train,1,False
2386,1,train,2,False
2388,1,train,2,False
2390,1,val,2,False
2391,1,train,2,False
2392,1,val,1,True
2393,1,train,2,False
2394,1,val,1,True
2395,1,train,1,False
2396,1,train,1,False
2397,1,train,1,False
2398,1,train,2,False
2399,1,train,2,False
2400,1,train,0,False
2401,1,train,2,False
2402,1,train,2,False
2403,1,val,2,False
2408,1,train,1,False
2409,1,train,2,False
2410,1,train,1,False
2411,1,train,1,False
2412,1,train,1,False
2413,1,train,1,False
2414,1,train,0,False
2417,1,train,1,False
2418,1,val,1,True
2419,1,train,0,False
2420,1,train,0,False
2421,1,train,2,False
2424,1,train,1,False
2425,1,train,1,False
2427,1,train,1,False
2428,1,train,1,False
2429,1,val,2,False
2431,1,train,2,False
2432,1,val,1,False
2433,1,val,2,False
2436,1,train,2,False
2437,1,train,2,False
2438,1,train,0,False
2439,1,val,1,True
2440,1,val,2,False
2441,1,train,1,False
2442,1,train,2,False
2443,1,val,2,False
2444,1,val,1,False
2445,1,train,0,False
2446,1,train,0,False
2447,1,train,0,False
2449,1,train,2,False
2450,1,train,0,False
2451,1,val,0,False
2452,1,train,2,False
2453,1,val,1,False
2454,1,train,2,False
2455,1,val,1,False
2456,1,train,1,False
2457,1,train,2,False
2458,1,val,1,True
2460,1,val,0,False
2461,1,val,2,False
2462,1,train,0,False
2464,1,train,0,False
2466,1,train,2,False
2467,1,train,2,False
2468,1,train,1,False
2469,1,val,2,False
2470,1,val,1,False
2472,1,train,0,False
2473,1,train,0,False
2475,1,train,2,False
2476,1,train,2,False
2477,1,train,2,False
2478,1,train,2,False
2479,1,train,0,False
2480,1,train,2,False
2484,1,train,2,False
2486,1,train,2,False
2487,1,train,2,False
2488,1,train,2,False
2489,1,train,1,False
2491,1,train,2,False
2492,1,train,2,False
2493,1,val,1,False
2494,1,val,1,True
2495,1,train,2,False
2497,1,val,1,True
2498,1,train,1,False
2499,1,train,0,False
2500,1,val,1,False
2501,1,train,1,False
2502,1,train,2,False
2503,1,train,1,False
2504,1,val,2,False
2505,1,train,2,False
2506,1,train,2,False
2507,1,train,2,False
2508,1,train,2,False
2509,1,train,1,False
2510,1,train,2,False
2511,1,train,2,False
2512,1,train,1,False
2513,1,train,2,False
2514,1,train,2,False
2515,1,train,2,False
2516,1,train,2,False
2517,1,val,1,False
2518,1,train,1,False
2519,1,train,2,False
2520,1,val,1,False
2521,1,val,2,False
2522,1,train,1,False
2523,1,train,1,False
2524,1,train,2,False
2525,1,train,2,False
2527,1,val,2,False
2528,1,val,1,True
2529,1,train,1,False
2531,1,train,2,False
2533,1,train,2,False
2536,1,train,1,False
2537,1,train,0,False
2538,1,val,1,True
2540,1,train,1,False
2541,1,val,2,False
2542,1,train,1,False
2543,1,train,2,False
2545,1,val,1,True
2546,1,train,1,False
2547,1,train,1,False
2548,1,train,2,False
2549,1,train,2,False
2550,1,train,2,False
2552,1,train,1,False
2553,1,train,2,False
2555,1,train,2,False
2556,1,train,2,False
2557,1,train,2,False
2558,1,val,1,True
2560,1,train,2,False
2561,1,val,2,False
2562,1,train,1,False
2563,1,train,1,False
2564,1,train,2,False
2565,1,train,2,False
2567,1,train,1,False
2568,1,val,2,False
2569,1,train,1,False
2570,1,train,2,False
2571,1,train,2,False
2572,1,train,1,False
2575,1,val,2,False
2576,1,train,1,False
2578,1,train,1,False
2580,1,train,0,False
2581,1,train,2,False
2582,1,val,2,False
2584,1,val,1,True
2585,1,train,2,False
2586,1,val,1,False
2587,1,train,1,False
2588,1,train,2,False
2589,1,val,2,False
2590,1,train,0,False
2592,1,train,1,False
2594,1,train,2,False
2595,1,val,1,False
2596,1,train,1,False
2598,1,train,1,False
2600,1,train,1,False
2601,1,val,0,False
2605,1,train,1,False
2606,1,val,1,False
2607,1,val,0,False
2608,1,train,0,False
2609,1,train,0,False
2613,1,train,1,False
2614,1,train,2,False
2616,1,val,1,False
2617,1,train,0,False
2618,1,val,2,False
2619,1,train,1,False
2620,1,train,1,False
2622,1,train,1,False
2623,1,train,2,False
2624,1,val,2,False
2625,1,val,1,True
2626,1,val,2,False
2628,1,train,2,False
2630,1,val,2,False
2631,1,train,1,False
2632,1,train,1,False
2634,1,train,1,False
2635,1,val,2,False
2636,1,train,1,False
2637,1,train,1,False
2638,1,train,1,False
2639,1,val,0,False
2640,1,train,1,False
2641,1,train,2,False
2642,1,val,2,False
2644,1,train,0,False
2645,1,val,1,False
2646,1,train,1,False
2647,1,train,2,False
2648,1,train,2,False
2649,1,train,1,False
2650,1,train,0,False
2651,1,train,2,False
2652,1,train,2,False
2653,1,val,2,False
2654,1,train,0,False
2655,1,train,1,False
2656,1,val,1,False
2657,1,train,1,False
2658,1,val,1,True
2659,1,train,2,False
2660,1,train,2,False
2661,1,train,2,False
2662,1,val,1,False
2663,1,val,2,False
2664,1,train,1,False
2666,1,val,1,False
2667,1,train,1,False
2668,1,train,2,False
2671,1,train,0,False
2672,1,train,1,False
2673,1,val,0,False
2674,1,train,0,False
2675,1,train,2,False
2677,1,train,1,False
2678,1,train,2,False
2679,1,train,0,False
2680,1,train,2,False
2681,1,val,1,True
2682,1,train,2,False
2683,1,train,2,False
2684,1,train,1,False
2685,1,train,1,False
2686,1,train,2,False
2687,1,val,1,False
2688,1,train,1,False
2689,1,train,0,False
2690,1,train,2,False
2691,1,train,2,False
2692,1,train,1,False
2693,1,train,2,False
2694,1,train,2,False
2695,1,val,2,False
2696,1,train,0,False
2697,1,train,0,False
2698,1,train,0,False
2699,1,train,1,False
2700,1,train,2,False
2702,1,train,1,False
2703,1,val,1,True
2704,1,train,2,False
2705,1,train,1,False
2707,1,val,1,False
2709,1,train,2,False
2711,1,train,1,False
2712,1,train,2,False
2713,1,val,2,False
2714,1,train,1,False
2715,1,train,1,False
2716,1,val,1,False
2718,1,train,1,False
2719,1,val,1,True
2720,1,train,1,False
2721,1,train,0,False
2723,1,val,1,True
2724,1,train,0,False
2726,1,train,1,False
2728,1,val,1,True
2729,1,train,0,False
2730,1,val,1,True
2732,1,train,0,False
2734,1,val,0,False
2735,1,val,1,False
2737,1,train,0,False
2738,1,train,1,False
2739,1,train,2,False
2740,1,train,0,False
2741,1,train,1,False
2742,1,train,1,False
2743,1,val,1,True
2744,1,train,1,False
2745,1,train,1,False
2746,1,train,1,False
2747,1,val,1,False
2748,1,val,0,False
2749,1,train,1,False
2751,1,val,1,False
2752,1,val,1,True
2753,1,train,1,False
2754,1,val,1,False
2755,1,train,1,False
2756,1,val,1,False
2757,1,train,0,False
2759,1,train,0,False
2760,1,train,1,False
2763,1,train,1,False
2764,1,val,0,False
2766,1,train,1,False
2767,1,train,1,False
2768,1,train,1,False
2771,1,train,2,False
2772,1,val,2,False
2775,1,train,2,False
2776,1,val,2,False
2777,1,train,1,False
2778,1,train,2,False
2779,1,train,1,False
2780,1,train,2,False
2781,1,val,0,False
2783,1,train,1,False
2785,1,train,2,False
2786,1,val,1,True
2787,1,train,0,False
2788,1,train,1,False
2789,1,train,1,False
2790,1,val,1,False
2791,1,train,2,False
2792,1,train,1,False
2793,1,train,1,False
2794,1,val,0,False
2799,1,train,0,False
2800,1,val,1,True
2802,1,train,2,False
2804,1,train,0,False
2805,1,train,0,False
2806,1,train,0,False
2808,1,train,0,False
2809,1,val,1,True
2810,1,train,0,False
2811,1,train,1,False
2814,1,train,0,False
2815,1,val,1,False
2816,1,val,0,False
2817,1,train,1,False
2818,1,train,0,False
2819,1,train,0,False
2821,1,train,0,False
2822,1,train,0,False
2823,1,val,0,False
2825,1,train,0,False
2826,1,train,2,False
2827,1,train,0,False
2828,1,train,2,False
2829,1,train,2,False
2830,1,train,2,False
2831,1,val,0,False
2832,1,train,2,False
2833,1,val,2,False
2834,1,train,1,False
2835,1,train,2,False
2837,1,train,1,False
2838,1,train,2,False
2839,1,train,1,False
2840,1,train,0,False
2841,1,train,2,False
2842,1,train,1,False
2843,1,train,2,False
2844,1,val,2,False
2845,1,train,2,False
2846,1,train,0,False
2848,1,train,2,False
2849,1,train,2,False
2850,1,train,0,False
2851,1,train,1,False
2852,1,val,1,False
2853,1,val,1,True
2855,1,val,1,False
2856,1,train,2,False
2857,1,val,0,False
2858,1,train,0,False
2859,1,train,2,False
2860,1,train,1,False
2861,1,train,0,False
2862,1,val,2,False
2864,1,val,1,True
2865,1,val,1,True
2866,1,train,0,False
2868,1,train,0,False
2869,1,train,0,False
2872,1,train,2,False
2874,1,val,1,True
2875,1,train,1,False
2877,1,train,2,False
2878,1,val,1,True
2879,1,train,2,False
2880,1,train,1,False
2881,1,train,2,False
2883,1,train,2,False
2884,1,train,0,False
2885,1,train,1,False
2886,1,train,1,False
2887,1,val,0,False
2888,1,train,0,False
2890,1,train,0,False
2891,1,train,0,False
2892,1,train,1,False
2893,1,train,2,False
2894,1,train,0,False
2896,1,train,0,False
2897,1,train,0,False
2898,1,train,0,False
2899,1,train,0,False
2900,1,train,0,False
2901,1,train,0,False
2902,1,val,2,False
2903,1,val,2,False
2904,1,train,2,False
2905,1,train,2,False
2906,1,train,2,False
2907,1,train,2,False
2910,1,train,2,False
2911,1,train,2,False
2913,1,train,2,False
2914,1,val,2,False
2916,1,train,0,False
2917,1,val,1,False
2918,1,train,2,False
2920,1,train,1,False
2921,1,train,1,False
2922,1,train,1,False
2923,1,train,1,False
2924,1,train,0,False
2926,1,train,0,False
2927,1,train,1,False
2928,1,train,1,False
2929,1,train,0,False
2931,1,train,0,False
2933,1,train,0,False
2934,1,train,1,False
2936,1,train,2,False
2937,1,train,0,False
2938,1,val,0,False
2939,1,train,2,False
2940,1,train,0,False
2942,1,train,0,False
2943,1,val,1,False
2945,1,train,2,False
2946,1,val,2,False
2947,1,train,2,False
2949,1,train,2,False
2950,1,train,2,False
2951,1,val,1,True
2952,1,train,2,False
2954,1,val,2,False
2955,1,train,2,False
2956,1,train,0,False
2957,1,train,0,False
2959,1,train,0,False
2960,1,train,0,False
2961,1,train,0,False
2962,1,val,0,False
2963,1,train,0,False
2964,1,train,2,False
2965,1,train,1,False
2966,1,val,1,False
2967,1,val,2,False
2968,1,train,2,False
2969,1,train,1,False
2970,1,train,2,False
2972,1,val,2,False
2973,1,train,2,False
2974,1,train,0,False
2975,1,train,0,False
2976,1,train,2,False
2978,1,train,2,False
2979,1,train,1,False
2980,1,train,2,False
2981,1,val,1,True
2982,1,train,2,False
2983,1,train,0,False
2985,1,train,0,False
2986,1,train,1,False
2987,1,train,2,False
2988,1,train,0,False
2989,1,val,2,False
2990,1,train,2,False
2991,1,val,2,False
2992,1,train,1,False
2993,1,val,1,True
2994,1,train,0,False
2995,1,val,1,True
2996,1,train,0,False
2997,1,train,1,False
2998,1,train,2,False
2999,1,train,2,False
3000,1,train,0,False
3002,1,train,2,False
3003,1,train,2,False
3004,1,val,1,True
3005,1,train,2,False
3006,1,val,2,False
3007,1,val,1,False
3008,1,train,1,False
3009,1,train,1,False
3010,1,val,2,False
3011,1,train,2,False
3012,1,val,2,False
3013,1,val,2,False
3014,1,val,0,False
3015,1,train,0,False
3016,1,train,0,False
3018,1,train,2,False
3019,1,train,2,False
3021,1,train,0,False
3023,1,val,1,False
3025,1,val,1,False
3026,1,train,0,False
3027,1,train,1,False
3028,1,train,0,False
3029,1,val,0,False
3030,1,val,1,False
3031,1,val,1,True
3033,1,train,1,False
3034,1,train,0,False
3035,1,val,1,False
3036,1,train,2,False
3037,1,train,0,False
3038,1,val,1,True
3041,1,train,0,False
3042,1,train,1,False
3043,1,train,1,False
3044,1,train,2,False
3045,1,val,1,False
3046,1,train,1,False
3047,1,train,2,False
3048,1,train,2,False
3050,1,train,2,False
3051,1,val,1,True
3052,1,train,2,False
3053,1,train,2,False
3054,1,train,1,False
3057,1,train,1,False
3060,1,train,0,False
3061,1,train,1,False
3062,1,val,1,False
3063,1,val,0,False
3064,1,train,2,False
3065,1,val,2,False
3066,1,train,2,False
3068,1,train,2,False
3069,1,train,1,False
3070,1,val,0,False
3071,1,train,2,False
3072,1,train,0,False
3073,1,train,1,False
3074,1,train,1,False
3075,1,train,0,False
3076,1,train,2,False
3078,1,train,2,False
3079,1,train,1,False
3080,1,train,1,False
3081,1,train,2,False
3082,1,train,1,False
3083,1,train,2,False
3084,1,train,1,False
3085,1,train,1,False
3087,1,train,2,False
3088,1,train,1,False
3089,1,val,1,True
3090,1,train,0,False
3091,1,train,2,False
3092,1,train,0,False
3093,1,train,1,False
3094,1,train,0,False
3095,1,train,1,False
3096,1,train,1,False
3097,1,train,1,False
3098,1,train,2,False
3099,1,val,1,False
3100,1,val,1,True
3104,1,train,2,False
3105,1,train,2,False
3106,1,val,2,False
3108,1,train,0,False
3109,1,train,2,False
3110,1,val,0,False
3111,1,train,0,False
3112,1,train,2,False
3114,1,train,1,False
3116,1,train,0,False
3118,1,train,1,False
3119,1,val,1,True
3120,1,train,2,False
3121,1,train,1,False
3124,1,val,1,True
3125,1,train,2,False
3127,1,train,1,False
3128,1,train,0,False
3129,1,val,1,True
3130,1,train,2,False
3131,1,train,1,False
3132,1,train,0,False
3133,1,train,2,False
3134,1,train,0,False
3136,1,train,2,False
3137,1,train,0,False
3140,1,train,0,False
3142,1,train,2,False
3143,1,train,0,False
3144,1,train,1,False
3145,1,train,1,False
3146,1,train,1,False
3147,1,val,0,False
3148,1,val,2,False
3149,1,val,2,False
3150,1,train,1,False
3151,1,val,0,False
3152,1,train,2,False
3153,1,train,1,False
3154,1,train,2,False
3155,1,train,1,False
3157,1,val,2,False
3158,1,val,1,False
3159,1,train,2,False
3160,1,val,2,False
3162,1,val,2,False
3163,1,train,2,False
3164,1,train,2,False
3165,1,train,2,False
3166,1,train,2,False
3167,1,train,1,False
3168,1,train,1,False
3169,1,val,2,False
3170,1,train,1,False
3171,1,val,1,False
3172,1,val,2,False
3173,1,train,2,False
3174,1,train,2,False
3175,1,val,2,False
3176,1,train,2,False
3177,1,val,2,False
3178,1,train,1,False
3179,1,train,1,False
3180,1,train,0,False
3181,1,train,1,False
3182,1,train,1,False
3183,1,train,1,False
3184,1,train,1,False
3185,1,val,1,False
3186,1,train,2,False
3187,1,val,2,False
3188,1,val,2,False
3189,1,train,1,False
3190,1,train,2,False
3191,1,train,0,False
3192,1,train,2,False
3194,1,train,0,False
3195,1,train,0,False
3197,1,train,0,False
3198,1,val,0,False
3199,1,train,2,False
3200,1,train,1,False
3201,1,val,0,False
3202,1,train,2,False
3205,1,val,1,True
3206,1,train,1,False
3207,1,train,1,False
3208,1,val,1,False
3209,1,train,1,False
3210,1,val,1,False
3211,1,train,0,False
3212,1,train,2,False
3213,1,train,1,False
3214,1,train,1,False
3215,1,val,0,False
3216,1,train,0,False
3217,1,train,2,False
3218,1,train,1,False
3219,1,train,0,False
3220,1,train,0,False
3222,1,train,1,False
3223,1,train,1,False
3224,1,train,2,False
3225,1,train,1,False
3226,1,train,1,False
3227,1,val,1,True
3228,1,train,2,False
3229,1,train,0,False
3230,1,train,1,False
3232,1,train,0,False
3233,1,train,2,False
3234,1,val,0,False
3235,1,train,2,False
3236,1,val,0,False
3237,1,train,2,False
3238,1,train,2,False
3239,1,train,2,False
3241,1,train,2,False
3242,1,val,2,False
3243,1,train,2,False
3244,1,train,2,False
3248,1,train,2,False
3250,1,train,2,False
3251,1,val,1,False
3252,1,train,2,False
3253,1,train,2,False
3254,1,val,1,True
3256,1,train,1,False
3258,1,train,0,False
3260,1,train,2,False
3261,1,val,1,False
3262,1,train,1,False
3263,1,train,1,False
3264,1,train,1,False
3266,1,train,0,False
3267,1,train,0,False
3269,1,val,0,False
3271,1,train,2,False
3272,1,train,0,False
3273,1,train,0,False
3275,1,train,1,False
3277,1,val,1,True
3278,1,val,1,False
3280,1,train,1,False
3281,1,train,2,False
3283,1,val,0,False
3284,1,train,0,False
3285,1,train,2,False
3287,1,val,2,False
3288,1,train,2,False
3289,1,train,2,False
3290,1,train,2,False
3291,1,train,0,False
3292,1,train,1,False
3293,1,train,2,False
3294,1,train,1,False
3295,1,val,1,True
3298,1,train,0,False
3299,1,train,2,False
3300,1,train,0,False
3301,1,train,0,False
3302,1,train,0,False
3303,1,train,0,False
3304,1,train,0,False
3306,1,train,1,False
3307,1,train,1,False
3308,1,val,1,True
3309,1,train,1,False
3311,1,train,2,False
3312,1,val,1,False
3313,1,train,2,False
3314,1,train,2,False
3315,1,train,2,False
3316,1,train,2,False
3317,1,train,1,False
3318,1,val,2,False
3319,1,train,2,False
3320,1,train,2,False
3321,1,train,2,False
3322,1,train,2,False
3323,1,train,1,False
3324,1,train,1,False
3325,1,val,1,False
3326,1,train,2,False
3327,1,train,2,False
3328,1,train,2,False
3329,1,val,2,False
3330,1,train,2,False
3331,1,train,2,False
3332,1,train,2,False
3333,1,train,2,False
3334,1,train,2,False
3335,1,val,2,False
3338,1,val,1,False
3340,1,train,1,False
3341,1,val,1,True
3342,1,val,2,False
3343,1,train,2,False
3344,1,train,2,False
3345,1,train,2,False
3346,1,train,2,False
3347,1,val,2,False
3348,1,train,2,False
3349,1,train,1,False
3350,1,val,1,False
3351,1,train,2,False
3352,1,train,1,False
3353,1,train,2,False
3355,1,train,2,False
3356,1,val,0,False
3357,1,val,1,True
3359,1,train,2,False
3361,1,train,2,False
3362,1,train,2,False
3363,1,train,0,False
3364,1,train,0,False
3365,1,val,2,False
3368,1,train,1,False
3369,1,train,2,False
3370,1,train,2,False
3371,1,train,2,False
3375,1,val,1,False
3376,1,val,2,False
3378,1,train,2,False
3379,1,train,1,False
3381,1,train,2,False
3382,1,train,2,False
3384,1,val,2,False
3386,1,train,2,False
3387,1,train,1,False
3388,1,val,1,True
3389,1,train,1,False
3391,1,val,1,False
3392,1,train,1,False
3393,1,train,1,False
3394,1,train,2,False
3395,1,train,2,False
3396,1,val,1,True
3397,1,train,2,False
3398,1,train,2,False
3399,1,val,2,False
3400,1,train,2,False
3401,1,train,2,False
3402,1,train,1,False
3403,1,val,2,False
3404,1,val,2,False
3405,1,train,1,False
3406,1,train,2,False
3407,1,train,1,False
3408,1,val,2,False
3409,1,train,0,False
3410,1,val,1,True
3411,1,train,0,False
3412,1,val,0,False
3414,1,train,0,False
3415,1,train,0,False
3416,1,train,2,False
3417,1,train,1,False
3418,1,train,0,False
3419,1,train,1,False
3420,1,train,2,False
3421,1,train,2,False
3423,1,train,2,False
3424,1,train,2,False
3425,1,train,2,False
3426,1,train,2,False
3428,1,train,2,False
3429,1,val,1,False
3430,1,train,2,False
3431,1,train,2,False
3432,1,val,0,False
3433,1,val,2,False
3434,1,train,2,False
3435,1,train,2,False
3436,1,train,2,False
3437,1,train,2,False
3439,1,val,2,False
3440,1,train,2,False
3441,1,train,2,False
3442,1,train,2,False
3443,1,train,2,False
3444,1,train,2,False
3445,1,val,2,False
3446,1,val,2,False
3447,1,val,2,False
3448,1,train,2,False
3449,1,train,2,False
3450,1,train,1,False
3451,1,train,2,False
3452,1,train,2,False
3453,1,train,2,False
3454,1,val,2,False
3455,1,train,2,False
3456,1,val,2,False
3457,1,train,2,False
3458,1,train,2,False
3460,1,val,2,False
3461,1,train,2,False
3462,1,train,1,False
3463,1,train,2,False
3466,1,train,2,False
3467,1,train,2,False
3468,1,train,2,False
3469,1,val,0,False
3470,1,train,2,False
3471,1,train,2,False
3473,1,train,1,False
3474,1,train,1,False
3475,1,val,2,False
3478,1,val,2,False
3479,1,train,0,False
3480,1,val,2,False
3481,1,train,2,False
3482,1,train,2,False
3484,1,val,2,False
3485,1,train,2,False
3486,1,train,2,False
3487,1,val,2,False
3489,1,val,2,False
3490,1,train,2,False
3491,1,train,2,False
3492,1,train,2,False
3493,1,train,2,False
3494,1,train,2,False
3495,1,train,1,False
3496,1,train,2,False
3497,1,val,0,False
3498,1,train,0,False
3499,1,train,1,False
3500,1,train,2,False
3501,1,train,2,False
3502,1,train,2,False
3504,1,train,1,False
3505,1,train,2,False
3506,1,train,2,False
3507,1,train,2,False
3508,1,train,1,False
3509,1,train,1,False
3511,1,val,2,False
3514,1,val,1,True
3515,1,val,2,False
3516,1,val,2,False
3517,1,train,2,False
3519,1,train,2,False
3520,1,train,2,False
3522,1,val,2,False
3523,1,val,1,True
3524,1,train,2,False
3525,1,train,2,False
3526,1,val,1,True
3527,1,train,2,False
3528,1,val,2,False
3529,1,train,2,False
3530,1,val,2,False
3531,1,val,2,False
3532,1,train,2,False
3533,1,train,2,False
3534,1,train,2,False
3535,1,train,2,False
3536,1,train,2,False
3537,1,train,2,False
3538,1,train,2,False
3539,1,train,2,False
3540,1,val,2,False
3541,1,val,2,False
3542,1,val,2,False
3543,1,train,1,False
3544,1,train,2,False
3545,1,train,2,False
3546,1,train,2,False
3547,1,train,2,False
3548,1,train,2,False
3549,1,train,2,False
3550,1,train,2,False
3551,1,train,2,False
3553,1,train,2,False
3554,1,train,2,False
3555,1,train,2,False
3556,1,train,2,False
3557,1,train,2,False
3558,1,train,2,False
3559,1,train,2,False
3560,1,train,2,False
3561,1,train,1,False
3562,1,train,2,False
3563,1,train,2,False
3564,1,train,2,False
3565,1,val,2,False
3566,1,train,2,False
3567,1,train,2,False
3568,1,train,2,False
3569,1,train,2,False
3570,1,train,1,False
3571,1,val,2,False
3572,1,val,1,True
3573,1,train,2,False
3574,1,train,2,False
3575,1,train,2,False
3576,1,val,2,False
3578,1,train,2,False
3579,1,train,2,False
3580,1,val,2,False
3581,1,val,2,False
3583,1,train,1,False
3584,1,train,2,False
3585,1,train,2,False
3586,1,val,2,False
3587,1,train,1,False
3588,1,train,1,False
3590,1,train,1,False
3591,1,train,2,False
3592,1,train,2,False
3593,1,train,2,False
3594,1,train,2,False
3595,1,val,1,True
3596,1,train,2,False
3597,1,train,2,False
3598,1,train,2,False
3599,1,train,1,False
3600,1,train,2,False
3601,1,train,2,False
3603,1,train,2,False
3604,1,train,2,False
3605,1,train,2,False
3606,1,train,2,False
3610,1,train,0,False
3611,1,val,2,False
3612,1,train,2,False
3613,1,train,2,False
3614,1,train,0,False
3615,1,train,2,False
3616,1,train,2,False
3617,1,val,2,False
3618,1,val,1,True
3619,1,train,2,False
3620,1,train,2,False
3621,1,train,2,False
3623,1,train,2,False
3624,1,train,1,False
3625,1,val,2,False
3628,1,train,1,False
3629,1,train,2,False
3630,1,train,1,False
3631,1,val,2,False
3632,1,train,1,False
3633,1,train,2,False
3634,1,train,2,False
3635,1,train,2,False
3636,1,train,1,False
3637,1,val,1,True
3638,1,train,2,False
3639,1,val,1,False
3640,1,val,1,True
3642,1,train,1,False
3643,1,val,1,False
3644,1,train,1,False
3645,1,train,1,False
3646,1,train,1,False
3647,1,train,0,False
3648,1,train,1,False
3650,1,train,1,False
3652,1,train,2,False
3654,1,train,0,False
3655,1,train,1,False
3656,1,val,2,False
3657,1,train,1,False
3658,1,val,1,True
3659,1,train,0,False
3661,1,train,0,False
3662,1,train,1,False
3663,1,train,0,False
3664,1,val,0,False
3666,1,val,1,False
3667,1,train,0,False
3668,1,train,0,False
3669,1,train,0,False
3670,1,train,0,False
3671,1,train,2,False
3673,1,train,2,False
3674,1,val,1,False
3675,1,train,0,False
3677,1,val,2,False
3678,1,val,2,False
3679,1,train,0,False
3680,1,train,0,False
3681,1,train,1,False
3682,1,train,0,False
3683,1,train,0,False
3684,1,train,0,False
3685,1,val,0,False
3686,1,train,0,False
3687,1,val,1,True
3688,1,train,1,False
3689,1,train,1,False
3690,1,train,1,False
3691,1,train,0,False
3692,1,train,1,False
3693,1,val,0,False
3694,1,train,0,False
3696,1,train,0,False
3697,1,train,2,False
3698,1,train,2,False
3699,1,train,2,False
3700,1,train,0,False
3701,1,train,1,False
3702,1,train,0,False
3703,1,train,0,False
3705,1,val,0,False
3706,1,train,1,False
3707,1,train,1,False
3708,1,val,0,False
3709,1,train,0,False
3710,1,train,0,False
3711,1,train,0,False
3712,1,train,0,False
3713,1,train,0,False
3714,1,val,1,True
3716,1,train,1,False
3717,1,train,1,False
3718,1,train,0,False
3719,1,train,1,False
3720,1,train,0,False
3721,1,train,0,False
3722,1,train,1,False
3723,1,train,0,False
3724,1,train,0,False
3726,1,train,0,False
3728,1,train,0,False
3729,1,train,0,False
3730,1,train,0,False
3731,1,train,0,False
3732,1,train,0,False
3733,1,train,0,False
3734,1,val,0,False
3735,1,train,0,False
3736,1,val,0,False
3737,1,val,2,False
3738,1,val,2,False
3741,1,train,1,False
3743,1,val,1,True
3744,1,val,2,False
3745,1,val,1,False
3746,1,val,0,False
3747,1,train,1,False
3748,1,val,1,True
3750,1,train,0,False
3751,1,train,1,False
3753,1,train,0,False
3755,1,val,1,True
3756,1,train,0,False
3757,1,train,0,False
3758,1,train,2,False
3759,1,train,0,False
3760,1,val,1,True
3761,1,train,0,False
3764,1,val,1,True
3766,1,val,0,False
3767,1,train,0,False
3768,1,train,0,False
3769,1,train,0,False
3770,1,train,0,False
3771,1,train,1,False
3772,1,val,0,False
3773,1,train,1,False
3774,1,train,0,False
3775,1,train,1,False
3776,1,train,1,False
3777,1,train,1,False
3778,1,train,0,False
3779,1,train,0,False
3780,1,train,0,False
3781,1,val,1,True
3783,1,train,1,False
3784,1,val,0,False
3785,1,train,1,False
3787,1,train,0,False
3788,1,train,0,False
3789,1,train,0,False
3791,1,train,0,False
3792,1,train,1,False
3793,1,val,0,False
3794,1,train,0,False
3795,1,train,0,False
3797,1,val,0,False
3798,1,val,0,False
3799,1,val,0,False
3800,1,train,0,False
3802,1,val,0,False
3804,1,train,0,False
3805,1,val,0,False
3806,1,train,2,False
3807,1,train,1,False
3808,1,train,0,False
3809,1,train,1,False
3811,1,train,0,False
3812,1,train,0,False
3814,1,train,1,False
3815,1,train,0,False
3817,1,train,1,False
3818,1,train,0,False
3821,1,train,0,False
3822,1,train,0,False
3823,1,train,1,False
3824,1,val,0,False
3825,1,train,0,False
3826,1,train,0,False
3827,1,val,0,False
3828,1,train,1,False
3829,1,val,0,False
3830,1,train,0,False
3831,1,train,0,False
3832,1,val,0,False
3833,1,train,0,False
3834,1,train,1,False
3836,1,val,1,True
3839,1,train,1,False
3841,1,train,0,False
3842,1,train,1,False
3843,1,train,1,False
3845,1,val,1,False
3846,1,train,1,False
3847,1,train,0,False
3848,1,train,1,False
3849,1,val,0,False
3850,1,train,0,False
3851,1,train,1,False
3852,1,train,1,False
3853,1,val,1,False
3854,1,train,0,False
3855,1,val,0,False
3856,1,train,0,False
3857,1,train,0,False
3858,1,train,0,False
3859,1,train,0,False
3860,1,train,1,False
3862,1,val,1,True
3864,1,train,2,False
3865,1,train,0,False
3867,1,val,0,False
3868,1,train,0,False
3869,1,train,0,False
3874,1,train,0,False
3875,1,val,1,False
3876,1,val,0,False
3877,1,train,1,False
3878,1,train,0,False
3879,1,val,0,False
3880,1,train,1,False
3881,1,val,1,False
3882,1,val,1,False
3884,1,train,0,False
3887,1,train,0,False
3888,1,train,0,False
3889,1,train,0,False
3890,1,train,0,False
3891,1,train,0,False
3892,1,train,0,False
3893,1,train,0,False
3894,1,train,0,False
3895,1,train,1,False
3896,1,train,0,False
3898,1,train,1,False
3899,1,val,0,False
3900,1,val,0,False
3901,1,train,0,False
3902,1,val,1,False
3905,1,train,0,False
3907,1,train,1,False
3908,1,train,1,False
3909,1,val,0,False
3910,1,train,0,False
3911,1,train,1,False
3914,1,val,1,True
3915,1,train,2,False
3917,1,val,2,False
3918,1,train,2,False
3921,1,train,1,False
3922,1,val,1,True
3924,1,train,1,False
3925,1,train,2,False
3926,1,train,1,False
3927,1,train,1,False
3929,1,train,2,False
3930,1,train,1,False
3932,1,val,1,True
3933,1,train,2,False
3936,1,train,2,False
3938,1,val,1,False
3939,1,train,1,False
3940,1,train,0,False
3941,1,val,1,False
3942,1,train,1,False
3944,1,train,1,False
3946,1,val,1,False
3947,1,train,0,False
3949,1,val,0,False
3950,1,val,1,True
3951,1,train,0,False
3953,1,val,1,True
3954,1,train,0,False
3955,1,train,0,False
3956,1,train,0,False
3957,1,train,0,False
3958,1,val,1,True
3959,1,train,0,False
3961,1,train,0,False
3963,1,train,1,False
3964,1,train,0,False
3966,1,val,1,True
3967,1,val,0,False
3969,1,train,1,False
3970,1,train,2,False
3972,1,train,2,False
3973,1,val,1,False
3974,1,train,2,False
3978,1,train,0,False
3980,1,train,1,False
3981,1,train,2,False
3984,1,train,2,False
3987,1,train,1,False
3988,1,val,2,False
3989,1,val,1,False
3991,1,train,0,False
3992,1,train,0,False
3994,1,train,1,False
3995,1,train,0,False
3997,1,train,1,False
3998,1,train,1,False
3999,1,val,1,True
4000,1,train,0,False
4001,1,train,0,False
4002,1,train,1,False
4003,1,val,1,True
4007,1,train,0,False
4008,1,val,0,False
4009,1,val,1,False
4010,1,train,0,False
4011,1,val,0,False
4012,1,val,1,True
4015,1,train,1,False
4017,1,train,2,False
4019,1,val,2,False
4021,1,train,0,False
4022,1,train,1,False
4023,1,val,2,False
4024,1,val,2,False
4025,1,train,2,False
4026,1,train,2,False
4028,1,train,1,False
4035,1,val,1,True
4036,1,val,2,False
4038,1,val,1,False
4041,1,train,1,False
4042,1,val,2,False
4043,1,train,1,False
4044,1,train,0,False
4045,1,val,1,True
4046,1,train,1,False
4047,1,train,1,False
4049,1,val,1,False
4051,1,train,0,False
4053,1,val,1,False
4056,1,train,2,False
4058,1,train,1,False
4059,1,train,0,False
4060,1,train,0,False
4061,1,val,1,False
4062,1,train,1,False
4063,1,val,1,False
4064,1,train,0,False
4065,1,train,1,False
4066,1,train,2,False
4067,1,val,1,False
4068,1,train,0,False
4070,1,train,1,False
4071,1,val,1,True
4073,1,train,1,False
4074,1,train,1,False
4075,1,train,0,False
4077,1,train,0,False
4078,1,train,1,False
4079,1,train,1,False
4080,1,val,1,False
4081,1,val,1,True
4082,1,train,0,False
4083,1,val,0,False
4084,1,val,1,False
4085,1,val,2,False
4086,1,train,0,False
4087,1,train,1,False
4088,1,train,2,False
4090,1,train,1,False
4092,1,train,1,False
4093,1,train,1,False
4094,1,val,0,False
4096,1,train,1,False
4097,1,train,1,False
4098,1,val,1,False
4099,1,train,0,False
4100,1,train,1,False
4101,1,train,2,False
4102,1,train,0,False
4103,1,train,0,False
4104,1,val,1,True
4106,1,train,1,False
4107,1,train,1,False
4108,1,train,1,False
4109,1,train,0,False
4111,1,train,1,False
4112,1,train,0,False
4113,1,train,1,False
4115,1,val,0,False
4116,1,train,0,False
4117,1,train,0,False
4118,1,val,0,False
4119,1,train,2,False
4120,1,train,0,False
4121,1,train,1,False
4123,1,train,1,False
4124,1,train,1,False
4131,1,train,2,False
4132,1,val,2,False
4134,1,train,2,False
4136,1,train,1,False
4137,1,train,1,False
4138,1,train,1,False
4139,1,train,1,False
4140,1,train,1,False
4141,1,train,1,False
4142,1,train,1,False
4143,1,val,0,False
4144,1,train,1,False
4145,1,train,1,False
4146,1,val,0,False
4147,1,val,0,False
4149,1,val,1,True
4150,1,train,1,False
4152,1,train,0,False
4154,1,val,0,False
4156,1,val,0,False
4157,1,train,1,False
4158,1,train,2,False
4160,1,train,0,False
4161,1,train,0,False
4162,1,train,1,False
4163,1,train,2,False
4164,1,train,1,False
4165,1,val,2,False
4166,1,train,0,False
4167,1,train,2,False
4168,1,train,2,False
4169,1,train,1,False
4170,1,train,2,False
4171,1,val,1,False
4173,1,val,1,True
4174,1,train,1,False
4175,1,val,0,False
4177,1,val,1,True
4178,1,train,1,False
4179,1,train,2,False
4180,1,train,2,False
4181,1,val,2,False
4182,1,val,0,False
4183,1,train,0,False
4184,1,val,1,True
4186,1,train,1,False
4188,1,train,1,False
4191,1,val,0,False
4192,1,train,2,False
4193,1,train,0,False
4194,1,train,1,False
4197,1,train,1,False
4199,1,train,0,False
4200,1,train,1,False
4204,1,train,0,False
4205,1,val,0,False
4207,1,train,2,False
4208,1,val,1,False
4210,1,train,1,False
4211,1,train,2,False
4212,1,train,2,False
4213,1,val,2,False
4214,1,train,2,False
4215,1,train,2,False
4216,1,train,2,False
4217,1,val,1,False
4218,1,train,2,False
4219,1,train,2,False
4220,1,train,0,False
4221,1,train,2,False
4222,1,train,2,False
4223,1,train,1,False
4224,1,val,2,False
4225,1,train,0,False
4226,1,val,1,True
4229,1,train,0,False
4230,1,val,1,False
4231,1,train,0,False
4233,1,val,0,False
4234,1,train,0,False
4240,1,train,0,False
4241,1,train,1,False
4242,1,train,0,False
4244,1,train,0,False
4245,1,train,1,False
4246,1,val,1,False
4247,1,train,1,False
4249,1,train,1,False
4250,1,train,1,False
4252,1,train,1,False
4253,1,train,0,False
4254,1,train,0,False
4255,1,train,1,False
4256,1,train,1,False
4257,1,train,0,False
4258,1,train,1,False
4260,1,val,1,True
4262,1,train,1,False
4263,1,train,2,False
4264,1,train,2,False
4265,1,val,0,False
4266,1,train,1,False
4267,1,train,1,False
4268,1,val,1,True
4269,1,train,0,False
4270,1,train,1,False
4271,1,val,1,False
4273,1,train,0,False
4274,1,train,1,False
4275,1,train,0,False
4276,1,val,2,False
4277,1,train,0,False
4278,1,train,0,False
4282,1,train,1,False
4283,1,train,2,False
4284,1,val,0,False
4285,1,train,1,False
4287,1,train,1,False
4288,1,train,1,False
4289,1,train,1,False
4290,1,val,1,False
4292,1,train,2,False
4293,1,train,1,False
4295,1,train,0,False
4296,1,train,1,False
4299,1,train,1,False
4301,1,train,2,False
4302,1,train,1,False
4304,1,train,1,False
4305,1,train,0,False
4306,1,train,2,False
4307,1,train,1,False
4309,1,train,1,False
4311,1,train,1,False
4312,1,train,2,False
4315,1,train,1,False
4318,1,train,1,False
4319,1,val,0,False
4320,1,train,0,False
4321,1,val,1,True
4322,1,val,1,False
4324,1,train,0,False
4325,1,val,1,True
4326,1,train,0,False
4328,1,train,0,False
4329,1,val,1,True
4330,1,train,2,False
4331,1,train,1,False
4332,1,train,2,False
4333,1,train,1,False
4334,1,train,1,False
4335,1,train,1,False
4336,1,train,0,False
4337,1,train,0,False
4338,1,train,1,False
4339,1,train,1,False
4340,1,val,1,False
4342,1,train,2,False
4343,1,train,1,False
4345,1,train,1,False
4346,1,train,1,False
4347,1,val,1,True
4348,1,val,1,False
4349,1,train,1,False
4350,1,val,1,False
4351,1,val,0,False
4354,1,train,1,False
4355,1,train,1,False
4356,1,train,2,False
4357,1,train,1,False
4359,1,train,1,False
4361,1,train,0,False
4362,1,train,2,False
4364,1,val,0,False
4365,1,train,0,False
4367,1,train,0,False
4369,1,val,1,False
4370,1,train,0,False
4371,1,train,0,False
4372,1,train,0,False
4373,1,val,0,False
4375,1,train,2,False
4376,1,val,1,True
4377,1,train,2,False
4378,1,train,0,False
4380,1,val,1,True
4381,1,train,2,False
4382,1,train,2,False
4383,1,val,0,False
4385,1,train,2,False
4388,1,train,0,False
4389,1,train,0,False
4390,1,train,0,False
4392,1,val,0,False
4393,1,train,1,False
4394,1,train,0,False
4395,1,train,1,False
4396,1,train,1,False
4397,1,train,1,False
4399,1,val,1,True
4402,1,train,0,False
4406,1,train,1,False
4407,1,train,0,False
4409,1,val,0,False
4411,1,val,1,False
4414,1,train,2,False
4415,1,train,2,False
4416,1,train,0,False
4417,1,val,0,False
4418,1,train,1,False
4419,1,val,1,False
4420,1,train,2,False
4421,1,train,0,False
4422,1,val,1,False
4424,1,val,1,True
4425,1,val,0,False
4426,1,train,0,False
4427,1,train,0,False
4428,1,train,0,False
4429,1,train,0,False
4431,1,train,0,False
4432,1,train,1,False
4433,1,train,0,False
4435,1,train,0,False
4437,1,train,1,False
4438,1,val,2,False
4439,1,train,2,False
4440,1,train,2,False
4441,1,train,0,False
4442,1,train,2,False
4443,1,train,0,False
4444,1,val,1,True
4445,1,val,1,True
4447,1,train,0,False
4449,1,train,2,False
4450,1,train,0,False
4453,1,train,0,False
4454,1,train,1,False
4455,1,train,1,False
4457,1,train,1,False
4458,1,train,2,False
4459,1,val,1,False
4461,1,train,1,False
4462,1,val,2,False
4463,1,train,0,False
4464,1,train,1,False
4467,1,val,1,False
4468,1,train,0,False
4471,1,val,0,False
4472,1,val,0,False
4473,1,val,1,False
4474,1,train,1,False
4475,1,train,0,False
4476,1,train,0,False
4477,1,train,0,False
4478,1,val,0,False
4479,1,train,0,False
4480,1,train,1,False
4481,1,val,1,False
4484,1,train,2,False
4485,1,val,2,False
4488,1,train,1,False
4490,1,train,1,False
4491,1,train,1,False
4496,1,train,1,False
4497,1,val,0,False
4498,1,train,0,False
4499,1,train,0,False
4503,1,train,1,False
4504,1,train,0,False
4506,1,train,0,False
4507,1,val,1,False
4508,1,val,1,False
4509,1,train,1,False
4510,1,train,1,False
4511,1,train,0,False
4512,1,val,1,True
4513,1,val,2,False
4514,1,train,0,False
4516,1,train,1,False
4517,1,train,1,False
4518,1,train,1,False
4519,1,train,1,False
4520,1,train,1,False
4522,1,train,1,False
4523,1,train,2,False
4524,1,train,0,False
4526,1,train,1,False
4527,1,train,1,False
4528,1,train,1,False
4529,1,train,1,False
4531,1,train,1,False
4532,1,train,2,False
4533,1,train,0,False
4534,1,train,2,False
4535,1,val,1,True
4536,1,train,1,False
4537,1,val,1,True
4538,1,train,1,False
4539,1,train,1,False
4540,1,train,1,False
4541,1,train,1,False
4542,1,val,1,True
4543,1,train,0,False
4544,1,val,1,False
4545,1,train,0,False
4546,1,train,1,False
4547,1,train,1,False
4548,1,train,1,False
4549,1,train,0,False
4550,1,train,0,False
4551,1,train,0,False
4553,1,train,0,False
4554,1,train,1,False
4555,1,val,1,True
4556,1,val,0,False
4558,1,train,0,False
4559,1,train,0,False
4560,1,train,0,False
4562,1,val,1,True
4563,1,train,1,False
4564,1,train,1,False
4566,1,val,1,False
4567,1,val,1,False
4568,1,train,1,False
4569,1,train,1,False
4570,1,train,0,False
4571,1,train,1,False
4572,1,val,2,False
4573,1,val,1,True
4574,1,val,1,False
4576,1,train,1,False
4577,1,val,2,False
4578,1,train,2,False
4579,1,train,1,False
4580,1,train,1,False
4581,1,train,1,False
4582,1,val,1,True
4585,1,val,1,False
4587,1,train,2,False
4588,1,val,0,False
4589,1,train,1,False
4590,1,train,1,False
4591,1,train,1,False
4592,1,val,1,True
4593,1,train,0,False
4594,1,train,1,False
4595,1,train,0,False
4596,1,train,1,False
4597,1,train,2,False
4599,1,train,0,False
4600,1,train,0,False
4601,1,train,1,False
4602,1,train,0,False
4603,1,train,2,False
4604,1,train,2,False
4606,1,train,1,False
4607,1,train,1,False
4609,1,train,2,False
4610,1,train,2,False
4611,1,val,2,False
4612,1,train,1,False
4613,1,val,2,False
4614,1,val,1,False
4615,1,train,2,False
4616,1,val,2,False
4617,1,val,1,True
4619,1,train,1,False
4621,1,train,0,False
4622,1,train,1,False
4623,1,train,0,False
4624,1,train,0,False
4626,1,train,1,False
4627,1,train,2,False
4628,1,train,0,False
4629,1,train,0,False
4630,1,val,2,False
4632,1,val,1,True
4633,1,train,1,False
4634,1,train,1,False
4635,1,train,1,False
4636,1,val,1,True
4638,1,val,1,False
4639,1,train,1,False
4640,1,train,2,False
4641,1,train,2,False
4643,1,train,2,False
4644,1,train,1,False
4645,1,val,1,True
4646,1,train,2,False
4648,1,train,1,False
4649,1,val,2,False
4650,1,train,2,False
4652,1,train,1,False
4653,1,val,2,False
4654,1,train,1,False
4655,1,train,2,False
4656,1,train,2,False
4657,1,train,0,False
4658,1,train,1,False
4659,1,train,1,False
4660,1,train,2,False
4662,1,train,2,False
4663,1,train,1,False
4664,1,val,1,True
4665,1,val,0,False
4666,1,train,1,False
4667,1,val,0,False
4668,1,train,2,False
4669,1,val,1,True
4670,1,train,2,False
4672,1,train,1,False
4673,1,val,1,True
4674,1,train,1,False
4676,1,train,0,False
4677,1,val,1,True
4678,1,train,1,False
4679,1,train,1,False
4680,1,train,2,False
4681,1,train,1,False
4682,1,train,2,False
4683,1,train,1,False
4684,1,train,0,False
4685,1,train,1,False
4686,1,val,1,True
4687,1,val,1,False
4688,1,train,1,False
4689,1,train,2,False
4690,1,train,2,False
4691,1,val,1,True
4692,1,train,2,False
4693,1,val,0,False
4694,1,train,1,False
4697,1,train,2,False
4699,1,train,2,False
4700,1,train,1,False
4703,1,train,1,False
4704,1,train,1,False
4705,1,val,1,False
4707,1,train,0,False
4708,1,train,0,False
4709,1,val,1,False
4711,1,val,1,True
4714,1,train,0,False
4715,1,train,1,False
4716,1,train,1,False
4717,1,train,2,False
4718,1,train,1,False
4719,1,train,1,False
4721,1,train,0,False
4722,1,val,1,True
4723,1,train,2,False
4725,1,train,1,False
4726,1,train,1,False
4727,1,train,1,False
4728,1,train,0,False
4731,1,train,1,False
4732,1,train,2,False
4735,1,train,1,False
4736,1,train,1,False
4737,1,val,1,False
4738,1,train,1,False
4739,1,val,1,True
4740,1,train,0,False
4742,1,val,2,False
4744,1,val,2,False
4745,1,train,2,False
4747,1,train,1,False
4748,1,val,2,False
4749,1,train,1,False
4750,1,val,1,False
4751,1,val,0,False
4754,1,train,0,False
4755,1,train,1,False
4758,1,train,1,False
4761,1,val,1,False
4762,1,train,0,False
4763,1,val,0,False
4764,1,train,0,False
4765,1,val,1,True
4766,1,train,1,False
4767,1,train,1,False
4768,1,train,0,False
4769,1,val,1,True
4770,1,train,1,False
4771,1,val,0,False
4772,1,val,1,False
4773,1,train,1,False
4775,1,train,1,False
4776,1,train,1,False
4778,1,train,0,False
4779,1,train,0,False
4780,1,train,1,False
4781,1,val,1,False
4783,1,train,1,False
4784,1,train,0,False
4785,1,train,0,False
4786,1,val,1,False
4787,1,train,0,False
4788,1,val,2,False
4789,1,train,2,False
4791,1,train,1,False
4792,1,train,0,False
4793,1,train,2,False
4794,1,train,0,False
4796,1,train,2,False
4797,1,train,1,False
4798,1,val,1,False
4799,1,val,1,True
4800,1,val,0,False
4801,1,train,1,False
4803,1,train,0,False
4804,1,train,2,False
4805,1,val,0,False
4806,1,train,1,False
4807,1,train,1,False
4809,1,val,1,True
4811,1,train,0,False
4812,1,val,1,True
4813,1,train,0,False
4814,1,val,1,True
4815,1,val,0,False
4816,1,train,0,False
4817,1,train,2,False
4818,1,val,1,False
4819,1,val,1,True
4820,1,train,0,False
4821,1,train,2,False
4822,1,train,1,False
4823,1,train,2,False
4825,1,train,2,False
4827,1,val,1,False
4828,1,train,2,False
4829,1,train,2,False
4830,1,train,2,False
4832,1,train,1,False
4833,1,train,2,False
4834,1,train,2,False
4835,1,val,1,True
4836,1,train,1,False
4837,1,train,1,False
4838,1,train,1,False
4840,1,train,1,False
4841,1,train,1,False
4842,1,train,1,False
4844,1,val,1,False
4845,1,val,0,False
4846,1,train,1,False
4848,1,val,1,True
4851,1,train,1,False
4852,1,val,2,False
4853,1,train,1,False
4856,1,train,2,False
4857,1,train,2,False
4858,1,train,2,False
4859,1,val,1,False
4860,1,val,0,False
4862,1,train,0,False
4863,1,val,1,False
4864,1,train,0,False
4865,1,train,1,False
4866,1,train,0,False
4867,1,train,0,False
4868,1,train,0,False
4869,1,train,0,False
4870,1,train,1,False
4871,1,train,2,False
4872,1,train,1,False
4873,1,train,1,False
4874,1,train,1,False
4876,1,train,0,False
4877,1,train,1,False
4878,1,val,0,False
4879,1,val,1,False
4880,1,val,1,True
4881,1,train,0,False
4882,1,val,1,False
4884,1,train,0,False
4885,1,train,1,False
4886,1,val,1,False
4887,1,train,1,False
4888,1,train,2,False
4889,1,val,0,False
4890,1,train,1,False
4891,1,train,2,False
4894,1,train,1,False
4896,1,train,1,False
4897,1,train,1,False
4898,1,train,2,False
4899,1,train,1,False
4900,1,train,1,False
4902,1,train,1,False
4903,1,train,0,False
4904,1,train,1,False
4906,1,val,1,False
4907,1,train,2,False
4908,1,train,2,False
4910,1,train,0,False
4911,1,train,0,False
4912,1,val,1,True
4913,1,val,1,True
4914,1,train,0,False
4915,1,train,0,False
4917,1,train,2,False
4919,1,train,1,False
4920,1,train,1,False
4921,1,train,1,False
4924,1,train,0,False
4925,1,train,0,False
4927,1,train,1,False
4928,1,train,0,False
4930,1,train,0,False
4933,1,train,2,False
4934,1,train,0,False
4935,1,val,1,False
4936,1,train,0,False
4937,1,val,1,False
4938,1,train,0,False
4939,1,train,2,False
4940,1,train,0,False
4942,1,train,2,False
4944,1,train,1,False
4945,1,train,0,False
4946,1,val,1,False
4948,1,val,1,False
4949,1,train,0,False
4950,1,val,1,False
4951,1,train,1,False
4952,1,train,1,False
4956,1,val,1,True
4957,1,train,1,False
4958,1,train,1,False
4959,1,train,2,False
4960,1,train,2,False
4961,1,val,2,False
4962,1,val,2,False
4963,1,train,0,False
4964,1,train,0,False
4966,1,train,0,False
4967,1,train,0,False
4968,1,train,0,False
4969,1,train,0,False
4970,1,train,0,False
4971,1,train,1,False
4972,1,val,1,True
4974,1,val,0,False
4975,1,val,1,False
4977,1,val,2,False
4978,1,val,0,False
4980,1,train,0,False
4984,1,train,2,False
4985,1,train,2,False
4986,1,train,2,False
4988,1,val,1,False
4989,1,val,1,False
4992,1,train,0,False
4994,1,train,1,False
4995,1,train,2,False
4999,1,train,2,False
5002,1,train,2,False
5003,1,train,2,False
5004,1,train,1,False
5005,1,train,0,False
5007,1,train,2,False
5008,1,train,2,False
5009,1,train,2,False
5010,1,train,2,False
5011,1,val,1,True
5012,1,train,1,False
5013,1,train,2,False
5016,1,train,0,False
5017,1,train,2,False
5018,1,val,1,True
5019,1,train,2,False
5023,1,train,0,False
5024,1,train,1,False
5027,1,train,0,False
5028,1,train,1,False
5030,1,train,1,False
5031,1,train,2,False
5032,1,train,0,False
5034,1,train,1,False
5035,1,train,1,False
5036,1,val,2,False
5037,1,train,1,False
5039,1,train,0,False
5040,1,val,0,False
5041,1,train,0,False
5042,1,train,0,False
5044,1,train,0,False
5045,1,train,0,False
5046,1,train,0,False
5047,1,train,0,False
5048,1,train,1,False
5049,1,val,1,False
5050,1,train,0,False
5051,1,val,1,True
5052,1,train,1,False
5053,1,val,1,True
5054,1,train,1,False
5056,1,train,1,False
5057,1,val,0,False
5058,1,train,1,False
5060,1,train,1,False
5061,1,train,0,False
5062,1,val,1,False
5063,1,train,1,False
5064,1,val,1,True
5065,1,train,1,False
5066,1,train,0,False
5067,1,val,1,False
5068,1,val,1,False
5069,1,train,0,False
5070,1,train,1,False
5072,1,train,1,False
5073,1,train,0,False
5074,1,val,1,True
5076,1,train,0,False
5077,1,train,1,False
5078,1,train,0,False
1,2,val,1,True
2,2,train,2,False
3,2,train,2,False
4,2,val,1,False
5,2,train,2,False
6,2,train,2,False
7,2,train,2,False
8,2,train,1,False
9,2,val,2,False
11,2,val,0,False
12,2,train,2,False
14,2,train,0,False
15,2,train,0,False
16,2,train,2,False
17,2,train,0,False
18,2,train,0,False
19,2,train,0,False
20,2,train,0,False
21,2,train,1,False
22,2,val,1,True
23,2,train,1,False
24,2,train,0,False
25,2,train,0,False
26,2,train,0,False
27,2,train,0,False
28,2,train,0,False
29,2,train,1,False
30,2,train,0,False
31,2,train,0,False
32,2,train,0,False
33,2,val,0,False
34,2,train,0,False
35,2,val,1,False
38,2,val,1,False
39,2,train,0,False
40,2,train,0,False
43,2,train,0,False
44,2,val,1,True
45,2,train,1,False
46,2,train,0,False
47,2,train,0,False
48,2,train,0,False
49,2,train,0,False
50,2,val,0,False
51,2,val,0,False
52,2,train,1,False
54,2,train,0,False
55,2,val,1,False
57,2,train,0,False
59,2,train,0,False
61,2,val,1,True
62,2,train,0,False
63,2,train,0,False
64,2,train,0,False
65,2,train,0,False
66,2,train,0,False
67,2,val,0,False
68,2,train,0,False
69,2,val,0,False
70,2,train,0,False
71,2,train,0,False
72,2,train,0,False
73,2,train,1,False
74,2,train,2,False
75,2,train,1,False
76,2,train,1,False
77,2,val,0,False
78,2,val,0,False
79,2,train,0,False
80,2,train,0,False
81,2,train,1,False
83,2,val,1,False
84,2,train,1,False
85,2,train,0,False
86,2,train,0,False
87,2,val,2,False
89,2,train,0,False
90,2,val,1,True
91,2,train,0,False
92,2,val,0,False
93,2,train,0,False
95,2,val,1,False
96,2,train,0,False
97,2,val,0,False
98,2,train,0,False
99,2,train,0,False
100,2,train,1,False
101,2,train,0,False
103,2,train,0,False
104,2,val,1,True
105,2,val,0,False
106,2,train,0,False
107,2,val,1,False
108,2,train,0,False
109,2,val,0,False
110,2,train,0,False
111,2,train,0,False
112,2,train,0,False
113,2,train,0,False
114,2,train,1,False
115,2,train,0,False
116,2,train,0,False
117,2,train,1,False
118,2,train,0,False
119,2,train,0,False
120,2,train,0,False
121,2,train,0,False
122,2,train,0,False
123,2,train,0,False
124,2,train,0,False
125,2,train,0,False
126,2,train,0,False
127,2,train,0,False
128,2,train,0,False
130,2,val,0,False
131,2,val,0,False
133,2,train,1,False
134,2,train,1,False
135,2,val,1,False
136,2,train,0,False
137,2,val,1,False
138,2,val,1,True
139,2,train,0,False
140,2,train,1,False
142,2,train,0,False
143,2,val,0,False
144,2,val,0,False
145,2,train,0,False
147,2,train,0,False
148,2,train,0,False
150,2,train,0,False
151,2,val,0,False
152,2,train,0,False
153,2,train,0,False
154,2,train,0,False
155,2,train,0,False
156,2,train,0,False
157,2,train,0,False
158,2,train,0,False
159,2,train,1,False
160,2,train,0,False
161,2,val,0,False
162,2,train,0,False
163,2,train,0,False
164,2,val,1,True
166,2,train,1,False
167,2,train,0,False
168,2,val,0,False
170,2,train,0,False
171,2,val,0,False
172,2,val,1,True
173,2,train,0,False
174,2,train,1,False
175,2,val,1,True
176,2,train,0,False
177,2,train,1,False
178,2,val,1,True
179,2,train,1,False
180,2,train,0,False
181,2,train,1,False
182,2,train,0,False
183,2,val,1,True
185,2,train,0,False
186,2,val,0,False
187,2,train,0,False
188,2,train,1,False
189,2,train,0,False
190,2,train,0,False
191,2,train,0,False
192,2,val,0,False
193,2,val,1,True
194,2,train,0,False
196,2,train,1,False
197,2,train,0,False
198,2,train,2,False
199,2,train,0,False
200,2,val,1,True
201,2,val,0,False
202,2,train,0,False
204,2,val,0,False
205,2,val,0,False
206,2,train,0,False
207,2,val,0,False
208,2,train,0,False
209,2,val,0,False
210,2,train,0,False
211,2,train,0,False
212,2,train,0,False
213,2,train,0,False
214,2,train,0,False
215,2,val,0,False
216,2,train,0,False
217,2,train,0,False
218,2,train,1,False
220,2,train,1,False
221,2,val,1,True
222,2,train,0,False
223,2,train,0,False
224,2,train,0,False
225,2,train,0,False
226,2,train,0,False
227,2,train,1,False
228,2,train,0,False
229,2,train,0,False
230,2,train,0,False
231,2,train,2,False
232,2,val,1,True
233,2,train,0,False
235,2,val,1,False
236,2,train,0,False
237,2,val,1,True
238,2,train,0,False
239,2,train,0,False
240,2,val,0,False
241,2,train,2,False
242,2,train,0,False
243,2,train,0,False
244,2,train,0,False
245,2,train,0,False
246,2,val,0,False
247,2,train,0,False
249,2,train,1,False
251,2,val,2,False
253,2,train,1,False
254,2,val,1,True
255,2,val,0,False
256,2,val,0,False
257,2,train,0,False
260,2,train,0,False
262,2,train,0,False
263,2,train,0,False
264,2,val,0,False
265,2,val,0,False
266,2,train,0,False
267,2,train,0,False
268,2,val,0,False
269,2,train,0,False
270,2,val,1,False
271,2,train,0,False
272,2,train,0,False
273,2,val,0,False
274,2,train,0,False
275,2,train,0,False
277,2,train,0,False
278,2,train,0,False
279,2,train,0,False
280,2,val,0,False
281,2,train,1,False
282,2,train,0,False
283,2,train,2,False
284,2,train,0,False
286,2,train,1,False
288,2,val,0,False
289,2,train,0,False
290,2,train,0,False
292,2,val,0,False
293,2,train,0,False
294,2,train,0,False
295,2,train,1,False
296,2,train,0,False
297,2,train,2,False
298,2,train,0,False
299,2,train,0,False
300,2,train,0,False
301,2,train,0,False
304,2,train,1,False
305,2,train,0,False
306,2,train,0,False
307,2,train,0,False
309,2,val,0,False
311,2,val,0,False
312,2,val,1,False
313,2,train,1,False
314,2,train,0,False
315,2,val,1,False
316,2,train,2,False
317,2,train,2,False
318,2,train,1,False
319,2,val,0,False
320,2,train,2,False
321,2,train,0,False
322,2,val,0,False
323,2,val,1,False
324,2,train,2,False
325,2,train,2,False
326,2,train,0,False
327,2,train,1,False
328,2,train,1,False
329,2,train,0,False
330,2,val,0,False
331,2,train,0,False
332,2,val,0,False
333,2,train,1,False
334,2,train,0,False
335,2,train,0,False
336,2,train,0,False
337,2,train,0,False
338,2,train,2,False
339,2,val,2,False
340,2,train,1,False
342,2,train,0,False
343,2,val,0,False
344,2,val,1,True
346,2,train,0,False
347,2,val,1,True
348,2,train,0,False
350,2,train,0,False
351,2,val,1,True
352,2,train,1,False
353,2,val,1,True
355,2,train,0,False
356,2,train,0,False
357,2,train,1,False
358,2,train,0,False
359,2,train,2,False
361,2,train,0,False
362,2,val,2,False
363,2,train,0,False
364,2,val,1,False
365,2,train,0,False
366,2,train,0,False
367,2,train,2,False
368,2,train,2,False
369,2,train,1,False
371,2,train,0,False
372,2,train,0,False
373,2,train,0,False
374,2,train,0,False
376,2,train,0,False
377,2,train,0,False
379,2,train,1,False
380,2,train,2,False
381,2,val,0,False
382,2,train,0,False
383,2,val,1,False
384,2,train,1,False
385,2,train,1,False
386,2,train,0,False
387,2,train,2,False
388,2,train,2,False
389,2,train,2,False
390,2,train,2,False
391,2,train,2,False
392,2,train,1,False
393,2,val,1,False
394,2,val,0,False
396,2,train,2,False
397,2,val,1,False
398,2,train,2,False
400,2,train,1,False
401,2,val,2,False
402,2,val,2,False
403,2,train,2,False
405,2,train,2,False
406,2,train,0,False
408,2,train,2,False
409,2,train,0,False
410,2,train,2,False
412,2,train,1,False
413,2,val,1,False
414,2,train,2,False
416,2,train,0,False
417,2,train,0,False
419,2,val,0,False
420,2,train,2,False
421,2,train,1,False
422,2,train,1,False
423,2,val,2,False
424,2,train,2,False
426,2,train,1,False
428,2,train,1,False
429,2,train,0,False
430,2,val,1,True
431,2,train,1,False
432,2,train,0,False
433,2,train,1,False
434,2,val,1,True
435,2,val,1,True
436,2,train,0,False
437,2,val,2,False
438,2,train,0,False
439,2,val,1,True
440,2,train,0,False
441,2,train,2,False
442,2,train,1,False
445,2,val,1,False
446,2,train,1,False
447,2,train,2,False
450,2,val,0,False
451,2,train,0,False
453,2,train,1,False
454,2,train,2,False
456,2,train,1,False
458,2,train,1,False
459,2,train,0,False
460,2,train,0,False
461,2,train,1,False
462,2,val,0,False
463,2,train,2,False
464,2,val,1,False
465,2,train,1,False
466,2,train,0,False
467,2,train,2,False
468,2,val,1,False
469,2,train,1,False
470,2,train,0,False
471,2,train,2,False
473,2,train,1,False
475,2,train,0,False
477,2,train,2,False
478,2,val,1,True
479,2,train,1,False
480,2,val,0,False
481,2,train,2,False
483,2,train,1,False
485,2,train,0,False
486,2,train,0,False
487,2,train,0,False
488,2,val,1,True
489,2,train,0,False
490,2,val,0,False
491,2,train,0,False
492,2,val,0,False
493,2,train,0,False
494,2,train,0,False
495,2,train,1,False
496,2,train,0,False
497,2,train,0,False
498,2,train,0,False
499,2,train,1,False
500,2,val,0,False
501,2,train,0,False
502,2,train,0,False
503,2,train,0,False
504,2,val,1,True
505,2,train,0,False
506,2,train,0,False
507,2,train,0,False
508,2,train,0,False
509,2,train,0,False
510,2,train,0,False
511,2,train,0,False
512,2,val,0,False
513,2,train,1,False
514,2,train,0,False
515,2,train,0,False
517,2,train,0,False
519,2,val,1,False
520,2,train,0,False
521,2,val,0,False
522,2,train,0,False
523,2,train,0,False
524,2,val,0,False
525,2,train,0,False
526,2,train,0,False
527,2,train,0,False
528,2,train,0,False
529,2,train,0,False
530,2,train,0,False
531,2,train,0,False
533,2,train,0,False
535,2,val,1,True
536,2,train,0,False
537,2,train,0,False
538,2,train,0,False
539,2,val,2,False
540,2,train,0,False
541,2,train,0,False
542,2,train,0,False
544,2,val,0,False
545,2,train,1,False
546,2,train,0,False
547,2,val,0,False
548,2,val,1,True
549,2,train,0,False
550,2,train,2,False
551,2,train,0,False
552,2,train,0,False
553,2,train,0,False
554,2,train,0,False
555,2,train,0,False
556,2,val,1,False
557,2,train,0,False
558,2,train,0,False
559,2,train,0,False
560,2,train,2,False
561,2,train,2,False
563,2,train,1,False
564,2,train,0,False
567,2,train,0,False
568,2,train,1,False
569,2,train,0,False
571,2,train,0,False
572,2,train,1,False
573,2,train,0,False
574,2,val,2,False
575,2,val,0,False
576,2,train,0,False
577,2,val,1,False
579,2,train,0,False
580,2,train,0,False
581,2,val,0,False
582,2,train,0,False
583,2,train,0,False
584,2,train,0,False
585,2,train,2,False
586,2,val,1,True
587,2,train,1,False
588,2,train,0,False
589,2,val,0,False
590,2,train,0,False
591,2,train,0,False
592,2,train,2,False
593,2,train,1,False
594,2,train,0,False
595,2,train,0,False
596,2,train,0,False
597,2,train,0,False
599,2,val,2,False
600,2,train,1,False
601,2,val,0,False
604,2,train,1,False
606,2,train,0,False
609,2,train,1,False
610,2,train,0,False
611,2,train,0,False
612,2,train,1,False
613,2,val,1,False
614,2,train,1,False
615,2,train,2,False
616,2,train,1,False
617,2,train,0,False
618,2,train,0,False
619,2,val,0,False
620,2,train,0,False
621,2,val,0,False
622,2,train,0,False
623,2,train,0,False
624,2,val,1,True
625,2,val,2,False
626,2,train,0,False
627,2,train,0,False
628,2,train,0,False
629,2,train,0,False
630,2,val,0,False
631,2,train,0,False
632,2,train,2,False
634,2,train,1,False
635,2,train,2,False
636,2,train,2,False
637,2,train,0,False
638,2,train,0,False
639,2,train,2,False
640,2,train,2,False
641,2,train,2,False
642,2,val,1,True
643,2,train,1,False
645,2,train,2,False
646,2,train,2,False
648,2,train,2,False
649,2,train,2,False
650,2,val,1,False
651,2,val,0,False
652,2,train,0,False
653,2,val,1,False
654,2,train,0,False
655,2,train,2,False
656,2,train,2,False
657,2,val,0,False
658,2,val,1,False
660,2,train,1,False
661,2,val,0,False
662,2,train,1,False
665,2,val,1,False
666,2,train,1,False
667,2,train,1,False
668,2,train,2,False
670,2,val,0,False
671,2,train,2,False
672,2,train,1,False
673,2,val,1,False
674,2,val,0,False
675,2,val,0,False
676,2,train,0,False
678,2,train,0,False
679,2,train,2,False
680,2,val,2,False
682,2,train,1,False
683,2,train,2,False
685,2,train,0,False
686,2,train,2,False
688,2,train,1,False
689,2,train,0,False
690,2,train,2,False
693,2,val,1,True
694,2,train,0,False
697,2,val,1,False
698,2,train,1,False
699,2,train,1,False
700,2,val,2,False
701,2,train,0,False
702,2,train,2,False
703,2,train,2,False
704,2,train,0,False
705,2,train,2,False
706,2,train,0,False
708,2,train,0,False
710,2,val,1,False
711,2,train,0,False
714,2,train,0,False
715,2,val,0,False
716,2,train,1,False
717,2,train,2,False
718,2,val,2,False
719,2,val,1,True
721,2,train,2,False
723,2,train,0,False
724,2,train,1,False
725,2,val,1,False
727,2,val,1,False
728,2,train,2,False
729,2,val,2,False
730,2,train,2,False
732,2,val,1,True
733,2,val,2,False
734,2,train,2,False
735,2,train,0,False
736,2,val,0,False
737,2,val,0,False
739,2,train,0,False
741,2,train,0,False
742,2,train,2,False
743,2,train,1,False
744,2,train,0,False
745,2,train,0,False
746,2,val,1,False
747,2,val,1,False
748,2,train,1,False
750,2,train,1,False
751,2,train,2,False
752,2,train,1,False
753,2,train,2,False
754,2,train,2,False
755,2,train,1,False
756,2,train,1,False
757,2,train,2,False
758,2,train,2,False
760,2,train,0,False
762,2,train,2,False
763,2,train,2,False
764,2,val,2,False
765,2,train,2,False
766,2,train,2,False
767,2,train,2,False
768,2,train,2,False
769,2,train,0,False
770,2,train,0,False
771,2,train,2,False
772,2,train,1,False
774,2,train,2,False
777,2,train,0,False
778,2,train,0,False
780,2,train,0,False
781,2,train,0,False
782,2,train,0,False
783,2,train,2,False
784,2,train,2,False
787,2,train,2,False
788,2,val,1,False
789,2,train,1,False
790,2,train,1,False
791,2,train,2,False
792,2,train,2,False
793,2,train,2,False
794,2,train,2,False
795,2,val,2,False
796,2,train,2,False
797,2,train,2,False
798,2,train,1,False
799,2,val,2,False
800,2,train,0,False
801,2,train,2,False
802,2,val,1,False
804,2,train,0,False
805,2,val,2,False
806,2,val,1,True
807,2,train,0,False
808,2,train,2,False
809,2,train,1,False
810,2,val,0,False
812,2,train,0,False
814,2,train,2,False
815,2,val,2,False
816,2,train,1,False
817,2,train,0,False
818,2,train,1,False
819,2,train,2,False
820,2,train,2,False
821,2,train,2,False
822,2,val,0,False
823,2,train,1,False
824,2,val,2,False
825,2,val,2,False
827,2,train,1,False
828,2,val,2,False
830,2,train,1,False
831,2,train,0,False
834,2,train,0,False
835,2,train,0,False
836,2,train,1,False
837,2,val,2,False
838,2,train,0,False
839,2,train,1,False
841,2,train,1,False
842,2,train,2,False
843,2,train,0,False
844,2,train,2,False
845,2,train,2,False
846,2,train,1,False
847,2,train,2,False
848,2,train,2,False
849,2,train,2,False
850,2,train,1,False
851,2,train,2,False
852,2,train,2,False
853,2,train,2,False
854,2,val,2,False
855,2,train,0,False
856,2,train,2,False
857,2,train,2,False
858,2,train,0,False
859,2,train,2,False
861,2,train,2,False
862,2,train,2,False
863,2,val,0,False
864,2,val,2,False
865,2,train,1,False
866,2,train,2,False
867,2,train,0,False
868,2,val,1,True
869,2,train,1,False
870,2,train,2,False
871,2,train,0,False
872,2,train,0,False
873,2,val,1,False
874,2,train,2,False
875,2,train,0,False
876,2,train,2,False
878,2,train,2,False
879,2,train,2,False
880,2,train,0,False
882,2,train,1,False
883,2,val,2,False
885,2,train,2,False
886,2,train,1,False
888,2,train,2,False
889,2,train,0,False
890,2,train,0,False
892,2,val,1,True
894,2,train,0,False
895,2,val,1,False
896,2,train,0,False
897,2,train,0,False
898,2,train,1,False
899,2,train,1,False
900,2,train,2,False
901,2,train,0,False
902,2,val,0,False
903,2,train,0,False
904,2,train,2,False
905,2,train,0,False
907,2,train,2,False
908,2,train,1,False
910,2,train,2,False
911,2,train,0,False
912,2,val,2,False
913,2,val,2,False
914,2,val,0,False
915,2,train,2,False
916,2,train,1,False
917,2,val,1,False
918,2,train,2,False
919,2,train,0,False
921,2,train,0,False
923,2,val,1,False
924,2,train,2,False
926,2,train,1,False
927,2,train,2,False
928,2,train,1,False
929,2,val,2,False
930,2,val,2,False
931,2,train,2,False
932,2,train,1,False
933,2,train,0,False
934,2,train,2,False
935,2,train,0,False
936,2,train,1,False
937,2,val,1,False
938,2,val,0,False
941,2,train,2,False
942,2,val,1,False
943,2,val,1,False
944,2,train,0,False
945,2,train,0,False
946,2,train,2,False
947,2,train,2,False
948,2,val,0,False
949,2,train,2,False
951,2,train,2,False
952,2,train,0,False
953,2,train,0,False
954,2,train,0,False
955,2,val,2,False
957,2,train,2,False
958,2,train,2,False
959,2,train,2,False
960,2,train,2,False
961,2,val,2,False
962,2,train,2,False
963,2,train,1,False
965,2,val,0,False
966,2,train,1,False
967,2,train,2,False
969,2,train,1,False
970,2,train,1,False
971,2,train,1,False
972,2,train,2,False
973,2,train,1,False
974,2,train,0,False
975,2,val,1,True
976,2,train,0,False
977,2,val,0,False
978,2,train,1,False
979,2,train,1,False
982,2,train,2,False
983,2,train,2,False
984,2,train,2,False
985,2,train,2,False
986,2,val,2,False
987,2,train,2,False
988,2,train,2,False
989,2,train,2,False
990,2,train,2,False
992,2,train,2,False
993,2,train,2,False
994,2,train,1,False
996,2,train,2,False
997,2,val,2,False
998,2,train,1,False
1000,2,train,1,False
1001,2,train,0,False
1002,2,train,2,False
1003,2,train,2,False
1004,2,train,2,False
1006,2,val,2,False
1010,2,train,1,False
1011,2,val,2,False
1012,2,val,0,False
1013,2,train,2,False
1014,2,train,0,False
1015,2,train,0,False
1018,2,val,2,False
1019,2,val,1,False
1020,2,train,2,False
1021,2,train,1,False
1023,2,train,2,False
1024,2,val,2,False
1025,2,train,0,False
1026,2,train,1,False
1027,2,val,1,False
1028,2,val,2,False
1030,2,train,1,False
1031,2,train,2,False
1035,2,train,1,False
1036,2,train,2,False
1037,2,val,1,True
1038,2,train,0,False
1039,2,train,0,False
1041,2,val,1,True
1042,2,train,2,False
1043,2,train,2,False
1044,2,train,1,False
1045,2,train,1,False
1046,2,train,1,False
1047,2,train,0,False
1049,2,train,1,False
1050,2,val,2,False
1051,2,train,1,False
1055,2,val,1,False
1056,2,train,0,False
1057,2,train,1,False
1058,2,train,2,False
1059,2,val,1,False
1060,2,train,1,False
1061,2,val,0,False
1062,2,train,1,False
1064,2,train,0,False
1065,2,train,0,False
1066,2,train,0,False
1067,2,val,0,False
1068,2,train,2,False
1071,2,train,2,False
1072,2,val,2,False
1074,2,train,2,False
1075,2,train,1,False
1076,2,train,2,False
1077,2,train,2,False
1079,2,train,1,False
1080,2,train,2,False
1081,2,train,2,False
1082,2,val,1,True
1084,2,train,0,False
1085,2,train,0,False
1086,2,train,1,False
1087,2,train,1,False
1089,2,train,0,False
1090,2,train,2,False
1092,2,train,2,False
1093,2,train,1,False
1094,2,train,1,False
1095,2,train,2,False
1096,2,train,1,False
1097,2,train,1,False
1098,2,train,1,False
1099,2,train,0,False
1101,2,val,0,False
1103,2,train,0,False
1104,2,train,1,False
1105,2,val,1,True
1106,2,train,0,False
1107,2,train,0,False
1108,2,train,1,False
1109,2,train,1,False
1110,2,train,1,False
1111,2,val,1,True
1113,2,train,2,False
1114,2,train,1,False
1115,2,val,2,False
1116,2,val,2,False
1118,2,train,0,False
1119,2,train,1,False
1120,2,val,0,False
1121,2,train,1,False
1122,2,train,1,False
1123,2,train,0,False
1125,2,train,1,False
1127,2,val,0,False
1128,2,train,0,False
1129,2,train,1,False
1130,2,train,0,False
1131,2,val,1,True
1132,2,val,1,False
1133,2,train,0,False
1134,2,train,1,False
1135,2,train,1,False
1136,2,train,0,False
1137,2,train,1,False
1138,2,train,1,False
1139,2,train,0,False
1140,2,train,1,False
1141,2,train,0,False
1144,2,train,0,False
1145,2,val,1,True
1146,2,train,1,False
1148,2,train,1,False
1149,2,train,0,False
1150,2,train,1,False
1151,2,val,1,True
1152,2,train,0,False
1153,2,val,0,False
1154,2,val,0,False
1155,2,train,1,False
1156,2,train,1,False
1157,2,val,0,False
1158,2,val,1,True
1160,2,train,0,False
1163,2,train,1,False
1164,2,train,0,False
1165,2,train,2,False
1167,2,train,2,False
1172,2,val,1,False
1173,2,train,2,False
1174,2,train,0,False
1175,2,val,1,False
1177,2,train,1,False
1179,2,train,1,False
1180,2,val,0,False
1181,2,val,1,True
1182,2,train,1,False
1184,2,train,0,False
1188,2,train,2,False
1189,2,train,2,False
1190,2,train,2,False
1191,2,val,2,False
1192,2,val,2,False
1194,2,train,2,False
1195,2,train,1,False
1196,2,train,2,False
1197,2,train,2,False
1198,2,train,2,False
1199,2,train,1,False
1200,2,train,0,False
1201,2,train,2,False
1202,2,train,0,False
1203,2,val,2,False
1204,2,train,2,False
1205,2,train,0,False
1206,2,val,1,False
1208,2,train,2,False
1209,2,train,2,False
1210,2,train,1,False
1211,2,train,2,False
1212,2,val,1,False
1213,2,train,2,False
1214,2,train,2,False
1216,2,train,1,False
1217,2,train,2,False
1218,2,val,2,False
1220,2,val,1,True
1221,2,train,1,False
1222,2,train,1,False
1223,2,train,1,False
1224,2,val,1,True
1225,2,train,1,False
1226,2,train,1,False
1227,2,val,1,True
1228,2,val,1,False
1229,2,val,1,True
1231,2,train,0,False
1232,2,train,1,False
1233,2,train,2,False
1234,2,train,2,False
1235,2,train,2,False
1236,2,val,1,True
1238,2,val,2,False
1239,2,val,2,False
1240,2,train,0,False
1241,2,train,2,False
1242,2,val,1,True
1243,2,val,2,False
1244,2,train,1,False
1245,2,val,1,True
1246,2,train,2,False
1247,2,train,2,False
1248,2,train,2,False
1249,2,train,2,False
1250,2,val,1,False
1251,2,train,2,False
1252,2,train,2,False
1253,2,train,1,False
1254,2,train,2,False
1255,2,val,1,False
1256,2,train,2,False
1257,2,train,2,False
1258,2,train,1,False
1259,2,train,2,False
1260,2,train,1,False
1261,2,train,2,False
1263,2,val,1,False
1264,2,train,1,False
1265,2,val,2,False
1266,2,train,2,False
1267,2,train,2,False
1268,2,train,2,False
1269,2,train,1,False
1270,2,train,1,False
1271,2,train,1,False
1272,2,train,1,False
1273,2,train,2,False
1274,2,train,1,False
1275,2,train,2,False
1276,2,val,2,False
1277,2,train,2,False
1278,2,train,1,False
1279,2,train,2,False
1281,2,train,1,False
1282,2,train,2,False
1283,2,train,2,False
1284,2,train,2,False
1285,2,train,2,False
1289,2,train,1,False
1290,2,train,1,False
1291,2,train,2,False
1292,2,train,2,False
1293,2,train,2,False
1294,2,val,1,False
1296,2,train,1,False
1297,2,val,1,False
1298,2,val,2,False
1299,2,train,2,False
1300,2,train,1,False
1301,2,train,1,False
1302,2,val,1,True
1303,2,train,2,False
1304,2,train,1,False
1307,2,val,1,True
1308,2,val,1,True
1310,2,train,2,False
1311,2,val,0,False
1312,2,train,0,False
1313,2,train,2,False
1314,2,val,0,False
1315,2,val,1,True
1316,2,val,1,True
1319,2,train,2,False
1320,2,train,0,False
1321,2,train,0,False
1322,2,val,1,True
1326,2,train,1,False
1327,2,train,1,False
1328,2,train,1,False
1329,2,train,2,False
1330,2,val,1,True
1331,2,train,2,False
1332,2,train,1,False
1334,2,train,1,False
1335,2,train,2,False
1336,2,train,0,False
1337,2,train,2,False
1338,2,train,1,False
1339,2,train,1,False
1340,2,train,2,False
1341,2,train,1,False
1343,2,train,1,False
1345,2,val,1,False
1348,2,train,2,False
1350,2,train,1,False
1351,2,val,0,False
1352,2,train,2,False
1353,2,train,2,False
1354,2,train,1,False
1355,2,train,2,False
1356,2,train,1,False
1357,2,train,1,False
1358,2,train,2,False
1361,2,train,2,False
1364,2,val,1,True
1365,2,train,1,False
1367,2,train,1,False
1368,2,val,2,False
1369,2,train,2,False
1370,2,train,1,False
1371,2,train,1,False
1372,2,val,1,True
1373,2,train,0,False
1374,2,train,2,False
1375,2,train,0,False
1376,2,train,0,False
1377,2,train,2,False
1379,2,val,1,False
1380,2,train,1,False
1381,2,train,2,False
1383,2,train,1,False
1384,2,train,1,False
1386,2,train,1,False
1387,2,train,0,False
1389,2,train,0,False
1390,2,train,1,False
1391,2,train,1,False
1392,2,val,0,False
1393,2,train,1,False
1394,2,train,0,False
1395,2,train,2,False
1396,2,val,2,False
1397,2,train,2,False
1398,2,train,2,False
1401,2,train,2,False
1402,2,train,1,False
1403,2,val,2,False
1404,2,train,2,False
1405,2,val,2,False
1406,2,train,1,False
1407,2,train,0,False
1410,2,train,1,False
1411,2,train,1,False
1412,2,train,2,False
1413,2,train,2,False
1414,2,train,0,False
1415,2,train,1,False
1417,2,train,1,False
1418,2,train,1,False
1419,2,val,1,True
1420,2,val,1,True
1421,2,train,2,False
1423,2,train,2,False
1424,2,val,2,False
1426,2,train,2,False
1427,2,train,2,False
1428,2,train,2,False
1429,2,train,1,False
1430,2,train,2,False
1431,2,train,2,False
1432,2,val,0,False
1434,2,train,2,False
1436,2,train,0,False
1437,2,val,1,False
1439,2,train,1,False
1440,2,val,1,True
1441,2,train,0,False
1442,2,train,1,False
1443,2,train,1,False
1445,2,train,0,False
1446,2,train,1,False
1447,2,train,2,False
1448,2,train,2,False
1449,2,train,1,False
1451,2,train,0,False
1452,2,val,0,False
1454,2,train,1,False
1455,2,train,0,False
1458,2,train,0,False
1459,2,train,1,False
1460,2,val,1,False
1462,2,train,0,False
1464,2,train,0,False
1465,2,val,1,True
1468,2,train,0,False
1469,2,val,0,False
1470,2,train,2,False
1471,2,train,1,False
1472,2,val,1,False
1474,2,train,1,False
1475,2,train,0,False
1476,2,val,2,False
1477,2,train,2,False
1478,2,train,0,False
1479,2,train,2,False
1480,2,train,1,False
1481,2,train,1,False
1482,2,train,0,False
1483,2,train,0,False
1484,2,train,1,False
1485,2,train,1,False
1486,2,train,1,False
1487,2,val,0,False
1488,2,val,1,True
1489,2,train,0,False
1490,2,train,0,False
1491,2,val,1,False
1492,2,train,2,False
1493,2,train,2,False
1494,2,val,1,True
1495,2,train,2,False
1496,2,train,0,False
1501,2,train,0,False
1502,2,val,1,False
1503,2,train,0,False
1504,2,train,1,False
1505,2,val,2,False
1506,2,train,2,False
1507,2,train,0,False
1508,2,train,2,False
1509,2,train,0,False
1510,2,train,2,False
1511,2,val,2,False
1512,2,train,0,False
1513,2,train,2,False
1514,2,train,1,False
1515,2,train,0,False
1516,2,train,0,False
1517,2,train,2,False
1520,2,val,0,False
1521,2,train,1,False
1522,2,train,1,False
1523,2,train,1,False
1525,2,train,1,False
1526,2,train,0,False
1527,2,train,2,False
1528,2,val,1,True
1529,2,val,1,False
1531,2,train,1,False
1532,2,train,2,False
1533,2,train,0,False
1535,2,val,1,True
1536,2,val,1,False
1538,2,val,1,True
1540,2,val,1,False
1541,2,val,1,False
1542,2,train,1,False
1543,2,val,1,False
1544,2,val,1,False
1545,2,val,1,False
1546,2,train,2,False
1547,2,train,2,False
1548,2,train,0,False
1549,2,train,2,False
1551,2,val,1,False
1552,2,train,1,False
1553,2,train,2,False
1554,2,train,1,False
1555,2,train,1,False
1556,2,train,1,False
1557,2,train,2,False
1558,2,train,1,False
1559,2,val,1,False
1560,2,train,0,False
1561,2,val,1,True
1562,2,train,1,False
1563,2,train,2,False
1565,2,train,1,False
1566,2,train,2,False
1567,2,train,1,False
1569,2,train,1,False
1570,2,train,1,False
1571,2,train,2,False
1575,2,val,2,False
1578,2,train,2,False
1579,2,train,2,False
1580,2,train,1,False
1581,2,train,0,False
1582,2,train,1,False
1583,2,val,1,True
1586,2,train,2,False
1588,2,train,2,False
1589,2,train,1,False
1590,2,train,2,False
1591,2,train,0,False
1592,2,train,0,False
1593,2,train,1,False
1594,2,train,0,False
1595,2,train,2,False
1597,2,val,2,False
1598,2,train,1,False
1599,2,val,1,False
1600,2,train,1,False
1601,2,val,0,False
1602,2,train,0,False
1604,2,val,2,False
1605,2,train,2,False
1607,2,train,1,False
1608,2,train,2,False
1610,2,train,1,False
1611,2,train,1,False
1614,2,train,0,False
1615,2,train,0,False
1616,2,val,2,False
1617,2,val,1,True
1618,2,train,0,False
1619,2,train,2,False
1620,2,train,1,False
1621,2,train,0,False
1622,2,train,2,False
1623,2,val,1,False
1624,2,val,1,False
1625,2,train,1,False
1626,2,val,2,False
1627,2,train,1,False
1628,2,train,0,False
1631,2,train,0,False
1632,2,val,1,True
1634,2,train,0,False
1635,2,train,1,False
1637,2,train,2,False
1638,2,train,2,False
1639,2,train,0,False
1640,2,val,0,False
1641,2,train,0,False
1642,2,train,0,False
1644,2,val,2,False
1645,2,train,2,False
1646,2,train,2,False
1647,2,train,0,False
1648,2,val,1,True
1649,2,train,0,False
1650,2,train,2,False
1652,2,train,0,False
1653,2,train,2,False
1654,2,train,0,False
1656,2,train,0,False
1657,2,train,0,False
1658,2,train,1,False
1659,2,train,2,False
1661,2,train,1,False
1662,2,train,0,False
1663,2,val,2,False
1664,2,train,2,False
1665,2,train,1,False
1666,2,train,2,False
1667,2,train,1,False
1668,2,train,2,False
1669,2,val,1,False
1670,2,val,0,False
1671,2,train,2,False
1672,2,train,0,False
1673,2,train,2,False
1674,2,train,2,False
1675,2,train,2,False
1676,2,val,0,False
1677,2,train,1,False
1678,2,train,0,False
1679,2,val,1,True
1680,2,train,0,False
1681,2,train,2,False
1682,2,train,2,False
1683,2,train,0,False
1684,2,train,1,False
1685,2,val,0,False
1686,2,train,0,False
1687,2,val,0,False
1689,2,train,0,False
1690,2,val,2,False
1691,2,train,2,False
1692,2,train,2,False
1693,2,val,2,False
1694,2,val,2,False
1695,2,train,0,False
1697,2,train,1,False
1698,2,train,2,False
1699,2,train,1,False
1700,2,val,1,True
1701,2,val,2,False
1702,2,val,1,False
1703,2,val,1,False
1704,2,train,2,False
1705,2,train,2,False
1706,2,val,1,False
1707,2,train,1,False
1708,2,train,1,False
1709,2,train,2,False
1710,2,train,2,False
1711,2,val,1,True
1712,2,train,0,False
1713,2,train,0,False
1714,2,val,2,False
1715,2,train,1,False
1716,2,val,2,False
1717,2,train,2,False
1719,2,train,2,False
1720,2,train,2,False
1721,2,val,1,True
1722,2,val,1,True
1723,2,train,2,False
1724,2,train,1,False
1725,2,train,2,False
1726,2,val,2,False
1727,2,train,2,False
1728,2,val,1,False
1729,2,train,2,False
1730,2,train,2,False
1731,2,train,2,False
1732,2,train,2,False
1733,2,train,2,False
1734,2,train,2,False
1735,2,train,0,False
1736,2,train,2,False
1737,2,train,2,False
1738,2,train,1,False
1739,2,train,2,False
1740,2,train,2,False
1741,2,train,1,False
1742,2,train,1,False
1743,2,train,2,False
1744,2,train,2,False
1745,2,train,2,False
1746,2,train,2,False
1747,2,train,2,False
1748,2,train,1,False
1750,2,train,2,False
1752,2,train,2,False
1753,2,train,0,False
1754,2,train,2,False
1755,2,train,2,False
1756,2,train,0,False
1757,2,train,2,False
1758,2,train,2,False
1759,2,train,2,False
1760,2,train,2,False
1761,2,val,0,False
1762,2,train,2,False
1763,2,train,0,False
1764,2,train,1,False
1765,2,train,0,False
1766,2,train,2,False
1768,2,train,2,False
1769,2,train,0,False
1770,2,train,2,False
1771,2,train,2,False
1772,2,train,2,False
1773,2,train,1,False
1774,2,train,0,False
1775,2,train,2,False
1777,2,train,2,False
1778,2,train,2,False
1779,2,train,2,False
1780,2,train,2,False
1781,2,train,0,False
1782,2,train,1,False
1783,2,val,1,False
1785,2,train,2,False
1786,2,train,0,False
1788,2,train,1,False
1790,2,train,2,False
1791,2,train,1,False
1792,2,val,0,False
1793,2,val,0,False
1794,2,train,2,False
1795,2,train,2,False
1796,2,train,2,False
1797,2,train,0,False
1798,2,val,2,False
1799,2,val,1,True
1800,2,train,2,False
1801,2,val,1,True
1802,2,val,1,True
1804,2,train,2,False
1805,2,train,1,False
1806,2,val,2,False
1807,2,val,1,False
1809,2,val,2,False
1810,2,train,1,False
1812,2,val,2,False
1813,2,val,2,False
1814,2,val,1,True
1816,2,val,1,True
1817,2,train,1,False
1818,2,train,1,False
1820,2,train,0,False
1821,2,val,1,False
1823,2,val,0,False
1824,2,train,1,False
1825,2,val,1,False
1826,2,train,1,False
1827,2,val,1,True
1828,2,train,1,False
1830,2,val,2,False
1832,2,train,2,False
1833,2,train,1,False
1834,2,train,2,False
1835,2,train,2,False
1836,2,train,2,False
1837,2,val,2,False
1839,2,train,1,False
1840,2,train,0,False
1842,2,train,0,False
1844,2,train,2,False
1845,2,train,1,False
1846,2,train,2,False
1847,2,val,2,False
1848,2,val,0,False
1849,2,train,2,False
1850,2,train,1,False
1851,2,val,0,False
1853,2,train,2,False
1857,2,train,2,False
1858,2,train,2,False
1859,2,train,0,False
1861,2,val,1,True
1862,2,train,1,False
1864,2,val,1,True
1866,2,train,0,False
1867,2,train,1,False
1869,2,val,1,True
1870,2,train,0,False
1871,2,val,1,True
1872,2,val,2,False
1874,2,train,1,False
1875,2,val,2,False
1876,2,val,1,True
1877,2,train,1,False
1878,2,train,1,False
1880,2,val,1,True
1881,2,train,0,False
1882,2,val,2,False
1884,2,train,0,False
1885,2,train,0,False
1886,2,train,0,False
1887,2,train,2,False
1888,2,train,2,False
1889,2,train,2,False
1890,2,train,2,False
1891,2,train,2,False
1892,2,train,2,False
1894,2,train,2,False
1895,2,train,2,False
1897,2,train,2,False
1898,2,train,0,False
1899,2,train,2,False
1901,2,train,1,False
1903,2,train,0,False
1904,2,train,1,False
1906,2,val,0,False
1907,2,val,0,False
1908,2,val,1,True
1909,2,train,0,False
1910,2,val,1,False
1911,2,train,1,False
1913,2,train,0,False
1914,2,train,0,False
1915,2,train,0,False
1916,2,val,0,False
1917,2,train,1,False
1918,2,train,0,False
1919,2,train,0,False
1920,2,train,0,False
1921,2,val,1,False
1922,2,train,1,False
1923,2,train,1,False
1924,2,train,0,False
1926,2,val,2,False
1927,2,val,2,False
1928,2,train,2,False
1930,2,train,1,False
1933,2,val,1,False
1934,2,train,0,False
1935,2,train,0,False
1937,2,train,2,False
1938,2,train,1,False
1943,2,train,0,False
1945,2,train,0,False
1947,2,train,1,False
1948,2,train,0,False
1949,2,train,0,False
1950,2,train,0,False
1952,2,train,0,False
1953,2,train,0,False
1955,2,val,0,False
1956,2,val,1,True
1957,2,train,0,False
1958,2,train,1,False
1959,2,train,0,False
1960,2,val,1,True
1962,2,train,1,False
1964,2,train,0,False
1965,2,train,2,False
1968,2,train,0,False
1969,2,val,1,False
1970,2,train,1,False
1972,2,train,2,False
1974,2,train,1,False
1975,2,train,0,False
1976,2,val,1,False
1977,2,val,0,False
1979,2,train,1,False
1981,2,val,1,True
1982,2,val,0,False
1984,2,val,0,False
1985,2,train,0,False
1986,2,train,0,False
1987,2,train,0,False
1988,2,train,0,False
1989,2,train,0,False
1990,2,val,0,False
1991,2,train,1,False
1992,2,train,0,False
1994,2,train,0,False
1995,2,train,0,False
1996,2,val,2,False
1998,2,train,2,False
1999,2,train,2,False
2000,2,train,1,False
2001,2,train,2,False
2002,2,val,2,False
2003,2,val,2,False
2004,2,train,1,False
2005,2,train,2,False
2006,2,train,2,False
2007,2,train,1,False
2010,2,train,2,False
2011,2,train,1,False
2013,2,train,0,False
2016,2,train,1,False
2017,2,train,2,False
2019,2,train,0,False
2020,2,train,2,False
2021,2,train,1,False
2022,2,train,1,False
2023,2,train,1,False
2025,2,train,0,False
2026,2,val,1,False
2028,2,train,1,False
2029,2,train,1,False
2030,2,train,1,False
2031,2,train,0,False
2032,2,val,1,True
2033,2,val,1,False
2034,2,val,2,False
2035,2,val,1,False
2036,2,train,2,False
2037,2,val,0,False
2038,2,train,0,False
2039,2,val,0,False
2040,2,train,1,False
2041,2,train,1,False
2042,2,val,1,False
2043,2,train,1,False
2044,2,train,0,False
2045,2,train,1,False
2046,2,train,1,False
2047,2,val,1,False
2048,2,train,0,False
2049,2,val,1,True
2050,2,train,0,False
2051,2,val,2,False
2052,2,train,1,False
2053,2,val,0,False
2054,2,val,1,False
2055,2,train,0,False
2056,2,val,1,True
2057,2,val,2,False
2058,2,train,1,False
2059,2,train,1,False
2060,2,train,1,False
2061,2,train,1,False
2062,2,val,1,False
2063,2,train,1,False
2064,2,train,0,False
2065,2,val,1,True
2067,2,train,2,False
2068,2,train,1,False
2070,2,train,0,False
2071,2,val,1,True
2072,2,train,2,False
2073,2,train,1,False
2074,2,train,1,False
2075,2,train,0,False
2076,2,train,0,False
2078,2,val,1,False
2079,2,train,0,False
2081,2,val,1,False
2083,2,train,1,False
2084,2,train,0,False
2086,2,train,1,False
2088,2,train,0,False
2089,2,train,1,False
2090,2,train,1,False
2091,2,train,1,False
2093,2,train,0,False
2094,2,val,0,False
2095,2,train,0,False
2096,2,train,0,False
2097,2,train,2,False
2099,2,val,2,False
2100,2,val,1,False
2101,2,train,1,False
2103,2,train,0,False
2105,2,train,1,False
2107,2,train,1,False
2108,2,train,0,False
2109,2,train,1,False
2110,2,train,0,False
2113,2,train,0,False
2114,2,train,0,False
2115,2,train,2,False
2116,2,val,1,True
2117,2,train,2,False
2118,2,train,1,False
2119,2,val,1,False
2120,2,val,0,False
2121,2,val,1,False
2122,2,train,2,False
2124,2,val,1,False
2125,2,train,0,False
2126,2,train,1,False
2127,2,val,0,False
2129,2,val,1,True
2130,2,val,2,False
2131,2,val,1,True
2132,2,train,1,False
2134,2,train,1,False
2135,2,train,0,False
2136,2,train,2,False
2137,2,train,1,False
2138,2,train,2,False
2139,2,train,2,False
2140,2,val,1,True
2141,2,train,2,False
2143,2,val,1,True
2144,2,train,1,False
2145,2,val,1,True
2147,2,train,2,False
2148,2,val,1,False
2149,2,train,2,False
2150,2,train,0,False
2151,2,train,0,False
2153,2,train,1,False
2155,2,train,0,False
2156,2,train,0,False
2157,2,val,1,True
2158,2,train,0,False
2163,2,train,1,False
2164,2,train,1,False
2165,2,train,0,False
2166,2,val,1,True
2167,2,train,0,False
2168,2,train,1,False
2169,2,val,2,False
2172,2,train,1,False
2173,2,train,2,False
2174,2,val,2,False
2175,2,train,2,False
2176,2,train,1,False
2177,2,train,0,False
2180,2,train,0,False
2181,2,train,2,False
2182,2,train,1,False
2183,2,train,2,False
2184,2,train,2,False
2187,2,val,2,False
2188,2,train,1,False
2189,2,val,1,False
2191,2,train,2,False
2193,2,train,1,False
2194,2,train,2,False
2195,2,train,1,False
2197,2,val,1,True
2200,2,train,1,False
2201,2,train,2,False
2203,2,train,1,False
2204,2,train,2,False
2205,2,train,2,False
2206,2,val,1,True
2208,2,train,2,False
2209,2,val,2,False
2210,2,train,1,False
2212,2,train,0,False
2213,2,train,0,False
2214,2,val,0,False
2216,2,train,1,False
2217,2,train,1,False
2218,2,val,0,False
2222,2,train,0,False
2223,2,train,2,False
2224,2,train,0,False
2225,2,train,2,False
2226,2,train,2,False
2227,2,val,1,True
2229,2,train,2,False
2230,2,train,0,False
2231,2,train,1,False
2232,2,train,0,False
2233,2,train,1,False
2234,2,train,1,False
2235,2,val,0,False
2236,2,val,1,True
2237,2,train,1,False
2238,2,train,1,False
2240,2,train,0,False
2241,2,train,1,False
2242,2,train,2,False
2243,2,val,1,True
2244,2,val,2,False
2245,2,train,0,False
2246,2,train,0,False
2247,2,train,0,False
2248,2,train,2,False
2249,2,train,0,False
2250,2,val,2,False
2251,2,val,2,False
2252,2,train,2,False
2255,2,train,2,False
2256,2,train,1,False
2257,2,val,0,False
2258,2,train,0,False
2259,2,val,0,False
2260,2,val,0,False
2261,2,train,0,False
2263,2,train,2,False
2264,2,val,1,True
2265,2,train,2,False
2266,2,train,2,False
2267,2,train,1,False
2270,2,train,1,False
2271,2,train,1,False
2272,2,train,2,False
2273,2,train,2,False
2274,2,train,1,False
2277,2,train,1,False
2278,2,train,2,False
2279,2,val,1,True
2280,2,val,2,False
2281,2,train,0,False
2282,2,train,1,False
2283,2,train,1,False
2284,2,val,2,False
2285,2,train,0,False
2286,2,train,2,False
2287,2,train,2,False
2288,2,val,0,False
2289,2,val,1,True
2290,2,train,2,False
2292,2,train,1,False
2293,2,train,1,False
2295,2,train,1,False
2296,2,val,2,False
2297,2,train,2,False
2298,2,train,2,False
2299,2,train,1,False
2300,2,train,1,False
2301,2,train,0,False
2304,2,train,0,False
2305,2,train,1,False
2306,2,val,1,True
2307,2,train,1,False
2308,2,train,1,False
2309,2,train,1,False
2311,2,train,2,False
2314,2,val,1,True
2315,2,val,2,False
2317,2,train,1,False
2318,2,train,2,False
2319,2,train,2,False
2320,2,val,2,False
2321,2,train,1,False
2322,2,val,2,False
2323,2,train,0,False
2324,2,train,2,False
2325,2,val,1,True
2326,2,train,1,False
2327,2,val,2,False
2328,2,train,2,False
2329,2,train,2,False
2330,2,val,1,True
2331,2,train,1,False
2332,2,train,2,False
2333,2,train,2,False
2334,2,train,1,False
2335,2,train,2,False
2336,2,train,1,False
2337,2,train,2,False
2339,2,train,2,False
2340,2,train,2,False
2341,2,train,1,False
2343,2,train,2,False
2344,2,train,1,False
2345,2,train,2,False
2346,2,train,2,False
2347,2,val,2,False
2348,2,train,2,False
2349,2,val,1,True
2353,2,train,1,False
2355,2,val,2,False
2356,2,train,2,False
2357,2,val,2,False
2358,2,train,2,False
2359,2,val,1,True
2360,2,train,2,False
2361,2,val,2,False
2362,2,train,1,False
2363,2,train,2,False
2364,2,train,2,False
2365,2,train,2,False
2366,2,train,2,False
2368,2,train,2,False
2369,2,train,2,False
2370,2,train,1,False
2371,2,val,1,True
2372,2,train,1,False
2374,2,train,1,False
2375,2,train,2,False
2376,2,train,1,False
2377,2,train,0,False
2378,2,train,1,False
2379,2,val,0,False
2380,2,val,1,False
2381,2,train,1,False
2382,2,val,2,False
2383,2,train,2,False
2385,2,train,1,False
2386,2,train,2,False
2388,2,val,2,False
2390,2,train,2,False
2391,2,val,2,False
2393,2,train,2,False
2395,2,val,1,False
2396,2,train,1,False
2397,2,train,1,False
2398,2,train,2,False
2399,2,train,2,False
2400,2,val,0,False
2401,2,val,2,False
2402,2,val,2,False
2403,2,train,2,False
2405,2,val,1,True
2407,2,val,1,True
2408,2,train,1,False
2409,2,train,2,False
2410,2,val,1,False
2411,2,train,1,False
2412,2,val,1,False
2413,2,val,1,False
2414,2,train,0,False
2416,2,val,1,True
2417,2,train,1,False
2419,2,train,0,False
2420,2,train,0,False
2421,2,train,2,False
2423,2,val,1,True
2424,2,val,1,False
2425,2,train,1,False
2427,2,val,1,False
2428,2,val,1,False
2429,2,train,2,False
2430,2,val,1,True
2431,2,val,2,False
2432,2,train,1,False
2433,2,train,2,False
2435,2,val,1,True
2436,2,train,2,False
2437,2,train,2,False
2438,2,val,0,False
2440,2,train,2,False
2441,2,train,1,False
2442,2,val,2,False
2443,2,train,2,False
2444,2,train,1,False
2445,2,train,0,False
2446,2,train,0,False
2447,2,train,0,False
2449,2,train,2,False
2450,2,train,0,False
2451,2,train,0,False
2452,2,train,2,False
2453,2,train,1,False
2454,2,train,2,False
2455,2,train,1,False
2456,2,train,1,False
2457,2,train,2,False
2460,2,train,0,False
2461,2,train,2,False
2462,2,train,0,False
2464,2,val,0,False
2466,2,train,2,False
2467,2,val,2,False
2468,2,train,1,False
2469,2,train,2,False
2470,2,train,1,False
2472,2,train,0,False
2473,2,val,0,False
2475,2,val,2,False
2476,2,train,2,False
2477,2,train,2,False
2478,2,train,2,False
2479,2,train,0,False
2480,2,train,2,False
2481,2,val,1,True
2482,2,val,1,True
2483,2,val,1,True
2484,2,train,2,False
2486,2,train,2,False
2487,2,train,2,False
2488,2,train,2,False
2489,2,train,1,False
2491,2,train,2,False
2492,2,val,2,False
2493,2,train,1,False
2495,2,val,2,False
2498,2,train,1,False
2499,2,train,0,False
2500,2,train,1,False
2501,2,train,1,False
2502,2,train,2,False
2503,2,train,1,False
2504,2,train,2,False
2505,2,train,2,False
2506,2,train,2,False
2507,2,train,2,False
2508,2,train,2,False
2509,2,train,1,False
2510,2,train,2,False
2511,2,train,2,False
2512,2,train,1,False
2513,2,val,2,False
2514,2,train,2,False
2515,2,train,2,False
2516,2,val,2,False
2517,2,train,1,False
2518,2,train,1,False
2519,2,train,2,False
2520,2,train,1,False
2521,2,train,2,False
2522,2,train,1,False
2523,2,train,1,False
2524,2,train,2,False
2525,2,train,2,False
2526,2,val,1,True
2527,2,train,2,False
2529,2,train,1,False
2531,2,val,2,False
2532,2,val,1,True
2533,2,train,2,False
2536,2,train,1,False
2537,2,train,0,False
2540,2,train,1,False
2541,2,train,2,False
2542,2,train,1,False
2543,2,train,2,False
2546,2,train,1,False
2547,2,val,1,False
2548,2,train,2,False
2549,2,train,2,False
2550,2,train,2,False
2551,2,val,1,True
2552,2,val,1,False
2553,2,val,2,False
2555,2,train,2,False
2556,2,train,2,False
2557,2,train,2,False
2560,2,val,2,False
2561,2,train,2,False
2562,2,train,1,False
2563,2,val,1,False
2564,2,train,2,False
2565,2,train,2,False
2567,2,train,1,False
2568,2,train,2,False
2569,2,train,1,False
2570,2,train,2,False
2571,2,train,2,False
2572,2,val,1,False
2574,2,val,1,True
2575,2,train,2,False
2576,2,train,1,False
2578,2,train,1,False
2580,2,val,0,False
2581,2,train,2,False
2582,2,train,2,False
2585,2,train,2,False
2586,2,train,1,False
2587,2,train,1,False
2588,2,train,2,False
2589,2,train,2,False
2590,2,train,0,False
2592,2,train,1,False
2594,2,train,2,False
2595,2,train,1,False
2596,2,train,1,False
2598,2,train,1,False
2600,2,val,1,False
2601,2,train,0,False
2603,2,val,1,True
2605,2,train,1,False
2606,2,train,1,False
2607,2,train,0,False
2608,2,train,0,False
2609,2,train,0,False
2613,2,train,1,False
2614,2,val,2,False
2616,2,train,1,False
2617,2,val,0,False
2618,2,train,2,False
2619,2,train,1,False
2620,2,train,1,False
2621,2,val,1,True
2622,2,train,1,False
2623,2,train,2,False
2624,2,train,2,False
2626,2,train,2,False
2628,2,val,2,False
2630,2,train,2,False
2631,2,train,1,False
2632,2,train,1,False
2633,2,val,1,True
2634,2,val,1,False
2635,2,train,2,False
2636,2,train,1,False
2637,2,train,1,False
2638,2,val,1,False
2639,2,train,0,False
2640,2,train,1,False
2641,2,train,2,False
2642,2,train,2,False
2644,2,val,0,False
2645,2,train,1,False
2646,2,val,1,False
2647,2,val,2,False
2648,2,train,2,False
2649,2,train,1,False
2650,2,train,0,False
2651,2,val,2,False
2652,2,train,2,False
2653,2,train,2,False
2654,2,train,0,False
2655,2,train,1,False
2656,2,train,1,False
2657,2,train,1,False
2659,2,val,2,False
2660,2,train,2,False
2661,2,train,2,False
2662,2,train,1,False
2663,2,train,2,False
2664,2,train,1,False
2666,2,train,1,False
2667,2,train,1,False
2668,2,val,2,False
2669,2,val,1,False
2670,2,val,1,True
2671,2,train,0,False
2672,2,train,1,False
2673,2,train,0,False
2674,2,val,0,False
2675,2,train,2,False
2677,2,train,1,False
2678,2,train,2,False
2679,2,val,0,False
2680,2,train,2,False
2682,2,val,2,False
2683,2,train,2,False
2684,2,train,1,False
2685,2,train,1,False
2686,2,train,2,False
2687,2,train,1,False
2688,2,train,1,False
2689,2,val,0,False
2690,2,train,2,False
2691,2,train,2,False
2692,2,train,1,False
2693,2,train,2,False
2694,2,train,2,False
2695,2,train,2,False
2696,2,val,0,False
2697,2,train,0,False
2698,2,train,0,False
2699,2,train,1,False
2700,2,train,2,False
2702,2,train,1,False
2704,2,val,2,False
2705,2,train,1,False
2707,2,train,1,False
2709,2,train,2,False
2711,2,train,1,False
2712,2,train,2,False
2713,2,train,2,False
2714,2,train,1,False
2715,2,train,1,False
2716,2,train,1,False
2718,2,train,1,False
2720,2,train,1,False
2721,2,val,0,False
2724,2,train,0,False
2725,2,val,1,True
2726,2,train,1,False
2729,2,val,0,False
2732,2,train,0,False
2733,2,val,1,True
2734,2,train,0,False
2735,2,train,1,False
2736,2,val,1,True
2737,2,train,0,False
2738,2,val,1,False
2739,2,train,2,False
2740,2,train,0,False
2741,2,val,1,False
2742,2,val,1,False
2744,2,train,1,False
2745,2,val,1,False
2746,2,train,1,False
2747,2,train,1,False
2748,2,train,0,False
2749,2,train,1,False
2751,2,train,1,False
2753,2,train,1,False
2754,2,train,1,False
2755,2,train,1,False
2756,2,train,1,False
2757,2,train,0,False
2758,2,val,1,True
2759,2,train,0,False
2760,2,train,1,False
2763,2,train,1,False
2764,2,train,0,False
2765,2,val,1,True
2766,2,train,1,False
2767,2,train,1,False
2768,2,train,1,False
2771,2,train,2,False
2772,2,train,2,False
2775,2,train,2,False
2776,2,train,2,False
2777,2,train,1,False
2778,2,val,2,False
2779,2,val,1,False
2780,2,val,2,False
2781,2,train,0,False
2783,2,train,1,False
2785,2,train,2,False
2787,2,train,0,False
2788,2,train,1,False
2789,2,train,1,False
2790,2,train,1,False
2791,2,val,2,False
2792,2,val,1,False
2793,2,train,1,False
2794,2,train,0,False
2796,2,val,1,True
2797,2,val,1,True
2798,2,val,1,True
2799,2,train,0,False
2802,2,train,2,False
2803,2,val,1,True
2804,2,train,0,False
2805,2,train,0,False
2806,2,val,0,False
2807,2,val,1,True
2808,2,train,0,False
2810,2,train,0,False
2814,2,train,0,False
2815,2,train,1,False
2816,2,train,0,False
2817,2,train,1,False
2818,2,train,0,False
2819,2,train,0,False
2821,2,train,0,False
2822,2,train,0,False
2823,2,train,0,False
2825,2,train,0,False
2826,2,train,2,False
2827,2,train,0,False
2828,2,train,2,False
2829,2,train,2,False
2830,2,train,2,False
2831,2,train,0,False
2832,2,train,2,False
2833,2,train,2,False
2834,2,val,1,False
2835,2,train,2,False
2837,2,val,1,False
2838,2,val,2,False
2839,2,train,1,False
2840,2,val,0,False
2841,2,train,2,False
2842,2,train,1,False
2843,2,train,2,False
2844,2,train,2,False
2845,2,train,2,False
2846,2,val,0,False
2848,2,train,2,False
2849,2,train,2,False
2850,2,val,0,False
2851,2,train,1,False
2852,2,train,1,False
2855,2,train,1,False
2856,2,train,2,False
2857,2,train,0,False
2858,2,train,0,False
2859,2,train,2,False
2860,2,val,1,False
2861,2,train,0,False
2862,2,train,2,False
2866,2,val,0,False
2868,2,train,0,False
2869,2,train,0,False
2871,2,val,1,True
2872,2,train,2,False
2875,2,train,1,False
2877,2,train,2,False
2879,2,train,2,False
2880,2,val,1,False
2881,2,train,2,False
2883,2,train,2,False
2884,2,train,0,False
2885,2,train,1,False
2886,2,train,1,False
2887,2,train,0,False
2888,2,train,0,False
2890,2,train,0,False
2891,2,train,0,False
2892,2,train,1,False
2893,2,train,2,False
2894,2,val,0,False
2896,2,train,0,False
2897,2,val,0,False
2898,2,train,0,False
2899,2,train,0,False
2900,2,train,0,False
2901,2,val,0,False
2902,2,train,2,False
2903,2,train,2,False
2904,2,train,2,False
2905,2,train,2,False
2906,2,val,2,False
2907,2,train,2,False
2910,2,train,2,False
2911,2,train,2,False
2912,2,val,1,True
2913,2,val,2,False
2914,2,train,2,False
2916,2,val,0,False
2917,2,train,1,False
2918,2,train,2,False
2919,2,train,1,False
2920,2,train,1,False
2921,2,val,1,False
2922,2,train,1,False
2923,2,train,1,False
2924,2,train,0,False
2926,2,train,0,False
2927,2,train,1,False
2928,2,train,1,False
2929,2,train,0,False
2930,2,val,1,True
2931,2,train,0,False
2932,2,val,1,True
2933,2,train,0,False
2934,2,train,1,False
2936,2,val,2,False
2937,2,train,0,False
2938,2,train,0,False
2939,2,train,2,False
2940,2,train,0,False
2941,2,train,0,False
2942,2,train,0,False
2943,2,train,1,False
2945,2,train,2,False
2946,2,train,2,False
2947,2,train,2,False
2949,2,train,2,False
2950,2,train,2,False
2952,2,train,2,False
2954,2,train,2,False
2955,2,train,2,False
2956,2,train,0,False
2957,2,train,0,False
2958,2,train,1,False
2959,2,train,0,False
2960,2,train,0,False
2961,2,train,0,False
2962,2,train,0,False
2963,2,train,0,False
2964,2,train,2,False
2965,2,train,1,False
2966,2,train,1,False
2967,2,train,2,False
2968,2,train,2,False
2969,2,train,1,False
2970,2,train,2,False
2972,2,train,2,False
2973,2,train,2,False
2974,2,train,0,False
2975,2,train,0,False
2976,2,val,2,False
2978,2,train,2,False
2979,2,train,1,False
2980,2,train,2,False
2982,2,train,2,False
2983,2,val,0,False
2984,2,val,1,True
2985,2,train,0,False
2986,2,train,1,False
2987,2,train,2,False
2988,2,val,0,False
2989,2,train,2,False
2990,2,train,2,False
2992,2,train,1,False
2994,2,val,0,False
2996,2,train,0,False
2997,2,train,1,False
2998,2,train,2,False
2999,2,val,2,False
3000,2,train,0,False
3002,2,val,2,False
3003,2,train,2,False
3005,2,train,2,False
3006,2,train,2,False
3007,2,train,1,False
3008,2,train,1,False
3009,2,train,1,False
3010,2,train,2,False
3011,2,val,2,False
3012,2,train,2,False
3013,2,train,2,False
3014,2,train,0,False
3015,2,train,0,False
3016,2,train,0,False
3018,2,val,2,False
3019,2,train,2,False
3020,2,val,1,True
3021,2,train,0,False
3022,2,val,1,True
3023,2,train,1,False
3025,2,train,1,False
3026,2,train,0,False
3027,2,train,1,False
3028,2,train,0,False
3029,2,train,0,False
3030,2,train,1,False
3033,2,train,1,False
3034,2,val,0,False
3035,2,train,1,False
3036,2,train,2,False
3037,2,train,0,False
3041,2,train,0,False
3042,2,train,1,False
3043,2,val,1,False
3044,2,train,2,False
3045,2,train,1,False
3046,2,val,1,False
3047,2,train,2,False
3048,2,train,2,False
3050,2,train,2,False
3052,2,train,2,False
3053,2,val,2,False
3054,2,train,1,False
3056,2,val,1,True
3057,2,train,1,False
3060,2,val,0,False
3061,2,train,1,False
3062,2,train,1,False
3063,2,train,0,False
3064,2,val,2,False
3065,2,train,2,False
3066,2,train,2,False
3068,2,val,2,False
3069,2,train,1,False
3070,2,train,0,False
3071,2,train,2,False
3072,2,train,0,False
3073,2,train,1,False
3074,2,val,1,False
3075,2,val,0,False
3076,2,train,2,False
3078,2,train,2,False
3079,2,train,1,False
3080,2,train,1,False
3081,2,train,2,False
3082,2,train,1,False
3083,2,val,2,False
3084,2,val,1,False
3085,2,train,1,False
3087,2,val,2,False
3088,2,val,1,False
3090,2,train,0,False
3091,2,train,2,False
3092,2,train,0,False
3093,2,val,1,False
3094,2,train,0,False
3095,2,train,1,False
3096,2,val,1,False
3097,2,train,1,False
3098,2,train,2,False
3101,2,val,1,True
3102,2,val,1,True
3104,2,train,2,False
3105,2,val,2,False
3106,2,train,2,False
3107,2,val,1,True
3108,2,val,0,False
3109,2,train,2,False
3110,2,train,0,False
3111,2,train,0,False
3112,2,train,2,False
3114,2,train,1,False
3116,2,train,0,False
3118,2,train,1,False
3120,2,val,2,False
3121,2,val,1,False
3125,2,train,2,False
3127,2,train,1,False
3128,2,train,0,False
3130,2,train,2,False
3131,2,val,1,False
3132,2,train,0,False
3133,2,val,2,False
3134,2,train,0,False
3136,2,train,2,False
3137,2,train,0,False
3140,2,val,0,False
3142,2,train,2,False
3143,2,train,0,False
3144,2,val,1,False
3145,2,train,1,False
3146,2,train,1,False
3147,2,train,0,False
3148,2,train,2,False
3149,2,train,2,False
3150,2,val,1,False
3151,2,train,0,False
3152,2,train,2,False
3153,2,train,1,False
3154,2,val,2,False
3155,2,train,1,False
3157,2,train,2,False
3158,2,train,1,False
3159,2,train,2,False
3160,2,train,2,False
3162,2,train,2,False
3163,2,val,2,False
3164,2,train,2,False
3165,2,train,2,False
3166,2,val,2,False
3167,2,train,1,False
3168,2,train,1,False
3169,2,train,2,False
3170,2,train,1,False
3171,2,train,1,False
3172,2,train,2,False
3173,2,train,2,False
3174,2,train,2,False
3175,2,train,2,False
3176,2,train,2,False
3177,2,train,2,False
3178,2,train,1,False
3179,2,val,1,False
3180,2,train,0,False
3181,2,train,1,False
3182,2,val,1,False
3183,2,train,1,False
3184,2,train,1,False
3185,2,train,1,False
3186,2,val,2,False
3187,2,train,2,False
3188,2,train,2,False
3189,2,train,1,False
3190,2,train,2,False
3191,2,train,0,False
3192,2,train,2,False
3194,2,train,0,False
3195,2,train,0,False
3196,2,val,1,True
3197,2,train,0,False
3198,2,train,0,False
3199,2,train,2,False
3200,2,val,1,False
3201,2,train,0,False
3202,2,train,2,False
3206,2,train,1,False
3207,2,train,1,False
3208,2,train,1,False
3209,2,train,1,False
3210,2,train,1,False
3211,2,train,0,False
3212,2,train,2,False
3213,2,train,1,False
3214,2,train,1,False
3215,2,train,0,False
3216,2,train,0,False
3217,2,train,2,False
3218,2,train,1,False
3219,2,val,0,False
3220,2,train,0,False
3221,2,val,1,False
3222,2,val,1,False
3223,2,train,1,False
3224,2,train,2,False
3225,2,train,1,False
3226,2,train,1,False
3227,2,train,0,False
3228,2,val,2,False
3229,2,train,0,False
3230,2,train,1,False
3231,2,val,1,True
3232,2,train,0,False
3233,2,train,2,False
3234,2,train,0,False
3235,2,val,2,False
3236,2,train,0,False
3237,2,train,2,False
3238,2,val,2,False
3239,2,train,2,False
3241,2,train,2,False
3242,2,train,2,False
3243,2,val,2,False
3244,2,train,2,False
3245,2,val,1,True
3248,2,train,2,False
3250,2,train,2,False
3251,2,train,1,False
3252,2,train,2,False
3253,2,train,2,False
3256,2,train,1,False
3258,2,train,0,False
3259,2,val,1,True
3260,2,train,2,False
3261,2,train,1,False
3262,2,val,1,False
3263,2,train,1,False
3264,2,val,1,False
3266,2,train,0,False
3267,2,train,0,False
3269,2,train,0,False
3270,2,val,1,True
3271,2,train,2,False
3272,2,train,0,False
3273,2,train,0,False
3275,2,train,1,False
3278,2,train,1,False
3280,2,train,1,False
3281,2,val,2,False
3283,2,train,0,False
3284,2,val,0,False
3285,2,train,2,False
3287,2,train,2,False
3288,2,val,2,False
3289,2,train,2,False
3290,2,train,2,False
3291,2,train,0,False
3292,2,train,1,False
3293,2,train,2,False
3294,2,train,1,False
3298,2,train,0,False
3299,2,train,2,False
3300,2,val,0,False
3301,2,val,0,False
3302,2,val,0,False
3303,2,val,0,False
3304,2,val,0,False
3306,2,train,1,False
3307,2,train,1,False
3309,2,train,1,False
3311,2,train,2,False
3312,2,train,1,False
3313,2,train,2,False
3314,2,val,2,False
3315,2,val,2,False
3316,2,train,2,False
3317,2,train,1,False
3318,2,train,2,False
3319,2,train,2,False
3320,2,train,2,False
3321,2,train,2,False
3322,2,train,2,False
3323,2,train,1,False
3324,2,train,1,False
3325,2,train,1,False
3326,2,val,2,False
3327,2,train,2,False
3328,2,val,2,False
3329,2,train,2,False
3330,2,train,2,False
3331,2,train,2,False
3332,2,val,2,False
3333,2,train,2,False
3334,2,val,2,False
3335,2,train,2,False
3337,2,val,1,True
3338,2,train,1,False
3340,2,train,1,False
3342,2,train,2,False
3343,2,train,2,False
3344,2,train,2,False
3345,2,val,2,False
3346,2,train,2,False
3347,2,train,2,False
3348,2,val,2,False
3349,2,val,1,False
3350,2,train,1,False
3351,2,train,2,False
3352,2,train,1,False
3353,2,train,2,False
3355,2,val,2,False
3356,2,train,0,False
3359,2,train,2,False
3361,2,val,2,False
3362,2,train,2,False
3363,2,train,0,False
3364,2,val,0,False
3365,2,train,2,False
3368,2,train,1,False
3369,2,train,2,False
3370,2,val,2,False
3371,2,train,2,False
3372,2,val,1,True
3375,2,train,1,False
3376,2,train,2,False
3378,2,train,2,False
3379,2,train,1,False
3381,2,train,2,False
3382,2,train,2,False
3383,2,train,1,False
3384,2,train,2,False
3386,2,val,2,False
3387,2,train,1,False
3389,2,val,1,False
3391,2,train,1,False
3392,2,train,1,False
3393,2,train,1,False
3394,2,train,2,False
3395,2,train,2,False
3397,2,train,2,False
3398,2,val,2,False
3399,2,train,2,False
3400,2,train,2,False
3401,2,val,2,False
3402,2,train,1,False
3403,2,train,2,False
3404,2,train,2,False
3405,2,train,1,False
3406,2,val,2,False
3407,2,train,1,False
3408,2,train,2,False
3409,2,val,0,False
3411,2,train,0,False
3412,2,train,0,False
3413,2,val,1,True
3414,2,val,0,False
3415,2,train,0,False
3416,2,val,2,False
3417,2,train,1,False
3418,2,train,0,False
3419,2,train,1,False
3420,2,train,2,False
3421,2,train,2,False
3422,2,val,1,True
3423,2,train,2,False
3424,2,val,2,False
3425,2,train,2,False
3426,2,train,2,False
3427,2,val,1,True
3428,2,train,2,False
3429,2,train,1,False
3430,2,val,2,False
3431,2,val,2,False
3432,2,train,0,False
3433,2,train,2,False
3434,2,train,2,False
3435,2,val,2,False
3436,2,train,2,False
3437,2,train,2,False
3439,2,train,2,False
3440,2,val,2,False
3441,2,train,2,False
3442,2,train,2,False
3443,2,val,2,False
3444,2,train,2,False
3445,2,train,2,False
3446,2,train,2,False
3447,2,train,2,False
3448,2,train,2,False
3449,2,train,2,False
3450,2,train,1,False
3451,2,val,2,False
3452,2,train,2,False
3453,2,train,2,False
3454,2,train,2,False
3455,2,train,2,False
3456,2,train,2,False
3457,2,train,2,False
3458,2,train,2,False
3459,2,val,1,True
3460,2,train,2,False
3461,2,val,2,False
3462,2,train,1,False
3463,2,train,2,False
3466,2,train,2,False
3467,2,train,2,False
3468,2,val,2,False
3469,2,train,0,False
3470,2,train,2,False
3471,2,val,2,False
3473,2,train,1,False
3474,2,train,1,False
3475,2,train,2,False
3478,2,train,2,False
3479,2,train,0,False
3480,2,train,2,False
3481,2,train,2,False
3482,2,train,2,False
3484,2,train,2,False
3485,2,train,2,False
3486,2,train,2,False
3487,2,train,2,False
3489,2,train,2,False
3490,2,val,2,False
3491,2,train,2,False
3492,2,train,2,False
3493,2,train,2,False
3494,2,val,2,False
3495,2,train,1,False
3496,2,train,2,False
3497,2,train,0,False
3498,2,train,0,False
3499,2,val,1,False
3500,2,train,2,False
3501,2,train,2,False
3502,2,train,2,False
3503,2,train,0,False
3504,2,val,1,False
3505,2,val,2,False
3506,2,train,2,False
3507,2,train,2,False
3508,2,train,1,False
3509,2,train,1,False
3511,2,train,2,False
3515,2,train,2,False
3516,2,train,2,False
3517,2,train,2,False
3519,2,train,2,False
3520,2,train,2,False
3521,2,val,1,True
3522,2,train,2,False
3524,2,train,2,False
3525,2,train,2,False
3527,2,train,2,False
3528,2,train,2,False
3529,2,train,2,False
3530,2,train,2,False
3531,2,train,2,False
3532,2,train,2,False
3533,2,val,2,False
3534,2,train,2,False
3535,2,train,2,False
3536,2,train,2,False
3537,2,train,2,False
3538,2,train,2,False
3539,2,train,2,False
3540,2,train,2,False
3541,2,train,2,False
3542,2,train,2,False
3543,2,train,1,False
3544,2,train,2,False
3545,2,train,2,False
3546,2,train,2,False
3547,2,val,2,False
3548,2,train,2,False
3549,2,train,2,False
3550,2,train,2,False
3551,2,val,2,False
3553,2,train,2,False
3554,2,train,2,False
3555,2,train,2,False
3556,2,train,2,False
3557,2,val,2,False
3558,2,val,2,False
3559,2,train,2,False
3560,2,train,2,False
3561,2,train,1,False
3562,2,train,2,False
3563,2,train,2,False
3564,2,train,2,False
3565,2,train,2,False
3566,2,train,2,False
3567,2,val,2,False
3568,2,train,2,False
3569,2,train,2,False
3570,2,train,1,False
3571,2,train,2,False
3573,2,train,2,False
3574,2,train,2,False
3575,2,val,2,False
3576,2,train,2,False
3578,2,train,2,False
3579,2,val,2,False
3580,2,train,2,False
3581,2,train,2,False
3583,2,train,1,False
3584,2,train,2,False
3585,2,train,2,False
3586,2,train,2,False
3587,2,train,1,False
3588,2,train,1,False
3590,2,train,1,False
3591,2,train,2,False
3592,2,train,2,False
3593,2,train,2,False
3594,2,train,2,False
3596,2,train,2,False
3597,2,val,2,False
3598,2,train,2,False
3599,2,train,1,False
3600,2,train,2,False
3601,2,train,2,False
3603,2,train,2,False
3604,2,train,2,False
3605,2,train,2,False
3606,2,train,2,False
3610,2,train,0,False
3611,2,train,2,False
3612,2,train,2,False
3613,2,train,2,False
3614,2,train,0,False
3615,2,train,2,False
3616,2,val,2,False
3617,2,train,2,False
3619,2,train,2,False
3620,2,train,2,False
3621,2,val,2,False
3623,2,train,2,False
3624,2,train,1,False
3625,2,train,2,False
3626,2,val,1,True
3628,2,train,1,False
3629,2,train,2,False
3630,2,train,1,False
3631,2,train,2,False
3632,2,train,1,False
3633,2,train,2,False
3634,2,train,2,False
3635,2,train,2,False
3636,2,train,1,False
3638,2,train,2,False
3639,2,train,1,False
3642,2,train,1,False
3643,2,train,1,False
3644,2,train,1,False
3645,2,train,1,False
3646,2,train,1,False
3647,2,train,0,False
3648,2,train,1,False
3650,2,val,1,False
3652,2,train,2,False
3654,2,val,0,False
3655,2,train,1,False
3656,2,train,2,False
3657,2,val,1,False
3659,2,train,0,False
3660,2,val,1,True
3661,2,train,0,False
3662,2,val,1,False
3663,2,train,0,False
3664,2,train,0,False
3666,2,train,1,False
3667,2,train,0,False
3668,2,train,0,False
3669,2,train,0,False
3670,2,train,0,False
3671,2,val,2,False
3672,2,val,1,True
3673,2,val,2,False
3674,2,train,1,False
3675,2,train,0,False
3676,2,train,1,False
3677,2,train,2,False
3678,2,train,2,False
3679,2,val,0,False
3680,2,train,0,False
3681,2,val,1,False
3682,2,train,0,False
3683,2,train,0,False
3684,2,train,0,False
3685,2,train,0,False
3686,2,val,0,False
3688,2,val,1,False
3689,2,train,1,False
3690,2,train,1,False
3691,2,train,0,False
3692,2,train,1,False
3693,2,train,0,False
3694,2,val,0,False
3696,2,train,0,False
3697,2,train,2,False
3698,2,train,2,False
3699,2,train,2,False
3700,2,train,0,False
3701,2,train,1,False
3702,2,train,0,False
3703,2,train,0,False
3704,2,val,1,True
3705,2,train,0,False
3706,2,val,1,False
3707,2,val,1,False
3708,2,train,0,False
3709,2,train,0,False
3710,2,train,0,False
3711,2,train,0,False
3712,2,train,0,False
3713,2,train,0,False
3716,2,train,1,False
3717,2,train,1,False
3718,2,train,0,False
3719,2,val,1,False
3720,2,train,0,False
3721,2,train,0,False
3722,2,train,1,False
3723,2,train,0,False
3724,2,train,0,False
3726,2,train,0,False
3727,2,val,1,True
3728,2,val,0,False
3729,2,train,0,False
3730,2,train,0,False
3731,2,train,0,False
3732,2,train,0,False
3733,2,train,0,False
3734,2,train,0,False
3735,2,val,0,False
3736,2,train,0,False
3737,2,train,2,False
3738,2,train,2,False
3741,2,train,1,False
3742,2,val,1,True
3744,2,train,2,False
3746,2,train,0,False
3747,2,train,1,False
3749,2,val,1,True
3750,2,train,0,False
3751,2,train,1,False
3753,2,train,0,False
3756,2,train,0,False
3757,2,train,0,False
3758,2,train,2,False
3759,2,train,0,False
3761,2,train,0,False
3766,2,train,0,False
3767,2,train,0,False
3768,2,val,0,False
3769,2,train,0,False
3770,2,train,0,False
3771,2,train,1,False
3772,2,train,0,False
3773,2,train,1,False
3774,2,train,0,False
3775,2,val,1,False
3776,2,val,1,False
3777,2,val,1,False
3778,2,train,0,False
3779,2,val,0,False
3780,2,train,0,False
3783,2,train,1,False
3784,2,train,0,False
3785,2,train,1,False
3786,2,val,1,True
3787,2,train,0,False
3788,2,train,0,False
3789,2,val,0,False
3790,2,val,1,True
3791,2,train,0,False
3792,2,train,1,False
3793,2,train,0,False
3794,2,train,0,False
3795,2,train,0,False
3797,2,train,0,False
3798,2,train,0,False
3799,2,train,0,False
3800,2,train,0,False
3802,2,train,0,False
3803,2,val,1,True
3804,2,train,0,False
3805,2,train,0,False
3806,2,val,2,False
3807,2,train,1,False
3808,2,train,0,False
3809,2,train,1,False
3811,2,train,0,False
3812,2,train,0,False
3814,2,train,1,False
3815,2,val,0,False
3816,2,val,1,True
3817,2,val,1,False
3818,2,train,0,False
3819,2,val,1,True
3821,2,train,0,False
3822,2,train,0,False
3823,2,train,1,False
3824,2,train,0,False
3825,2,train,0,False
3826,2,val,0,False
3827,2,train,0,False
3828,2,train,1,False
3829,2,train,0,False
3830,2,train,0,False
3831,2,train,0,False
3832,2,train,0,False
3833,2,train,0,False
3834,2,train,1,False
3837,2,val,1,True
3839,2,train,1,False
3841,2,train,0,False
3842,2,val,1,False
3843,2,train,1,False
3844,2,val,1,True
3845,2,train,1,False
3846,2,train,1,False
3847,2,train,0,False
3848,2,val,1,False
3849,2,train,0,False
3850,2,train,0,False
3851,2,val,1,False
3852,2,train,1,False
3853,2,train,1,False
3854,2,train,0,False
3855,2,train,0,False
3856,2,train,0,False
3857,2,train,0,False
3858,2,train,0,False
3859,2,train,0,False
3860,2,train,1,False
3864,2,train,2,False
3865,2,train,0,False
3867,2,train,0,False
3868,2,val,0,False
3869,2,train,0,False
3871,2,val,1,True
3874,2,train,0,False
3875,2,train,1,False
3876,2,train,0,False
3877,2,train,1,False
3878,2,train,0,False
3879,2,train,0,False
3880,2,train,1,False
3881,2,train,1,False
3882,2,train,1,False
3883,2,val,1,True
3884,2,train,0,False
3885,2,val,1,True
3886,2,val,1,True
3887,2,train,0,False
3888,2,train,0,False
3889,2,val,0,False
3890,2,val,0,False
3891,2,train,0,False
3892,2,val,0,False
3893,2,val,0,False
3894,2,train,0,False
3895,2,train,1,False
3896,2,train,0,False
3898,2,train,1,False
3899,2,train,0,False
3900,2,train,0,False
3901,2,val,0,False
3902,2,train,1,False
3905,2,train,0,False
3906,2,val,1,True
3907,2,train,1,False
3908,2,val,1,True
3909,2,train,0,False
3910,2,train,0,False
3911,2,train,1,False
3912,2,val,1,True
3915,2,val,2,False
3917,2,train,2,False
3918,2,val,2,False
3921,2,train,1,False
3924,2,val,1,False
3925,2,train,2,False
3926,2,train,1,False
3927,2,train,1,False
3929,2,val,2,False
3930,2,val,1,False
3931,2,val,1,True
3933,2,val,2,False
3936,2,train,2,False
3938,2,train,1,False
3939,2,train,1,False
3940,2,train,0,False
3941,2,train,1,False
3942,2,train,1,False
3944,2,val,1,False
3946,2,train,1,False
3947,2,train,0,False
3949,2,train,0,False
3951,2,val,0,False
3952,2,val,1,True
3954,2,train,0,False
3955,2,train,0,False
3956,2,train,0,False
3957,2,train,0,False
3959,2,val,0,False
3961,2,train,0,False
3963,2,val,1,False
3964,2,train,0,False
3967,2,train,0,False
3969,2,train,1,False
3970,2,train,2,False
3972,2,train,2,False
3974,2,train,2,False
3975,2,val,1,True
3978,2,train,0,False
3980,2,train,1,False
3981,2,train,2,False
3984,2,val,2,False
3987,2,train,1,False
3988,2,train,2,False
3989,2,train,1,False
3991,2,train,0,False
3992,2,train,0,False
3994,2,val,1,False
3995,2,train,0,False
3997,2,train,1,False
3998,2,train,1,False
4000,2,train,0,False
4001,2,train,0,False
4002,2,train,1,False
4004,2,val,1,True
4007,2,train,0,False
4008,2,train,0,False
4009,2,train,1,False
4010,2,val,0,False
4011,2,train,0,False
4014,2,val,1,True
4015,2,train,1,False
4016,2,val,1,True
4017,2,train,2,False
4019,2,train,2,False
4021,2,train,0,False
4022,2,train,1,False
4023,2,train,2,False
4024,2,train,2,False
4025,2,train,2,False
4026,2,train,2,False
4028,2,train,1,False
4036,2,train,2,False
4037,2,val,1,True
4038,2,train,1,False
4039,2,val,1,True
4041,2,train,1,False
4042,2,train,2,False
4043,2,train,1,False
4044,2,val,0,False
4046,2,val,1,False
4047,2,train,1,False
4049,2,train,1,False
4050,2,val,1,True
4051,2,train,0,False
4053,2,train,1,False
4055,2,val,1,True
4056,2,train,2,False
4058,2,val,1,False
4059,2,train,0,False
4060,2,val,0,False
4061,2,train,1,False
4062,2,train,1,False
4063,2,train,1,False
4064,2,train,0,False
4065,2,train,1,False
4066,2,train,2,False
4067,2,train,1,False
4068,2,train,0,False
4070,2,train,1,False
4073,2,train,1,False
4074,2,train,1,False
4075,2,train,0,False
4077,2,train,0,False
4078,2,val,1,False
4079,2,val,1,False
4080,2,train,1,False
4082,2,train,0,False
4083,2,train,0,False
4084,2,train,1,False
4085,2,train,2,False
4086,2,train,0,False
4087,2,train,1,False
4088,2,train,2,False
4089,2,val,1,True
4090,2,train,1,False
4092,2,train,1,False
4093,2,train,1,False
4094,2,train,0,False
4096,2,train,1,False
4097,2,val,1,False
4098,2,train,1,False
4099,2,train,0,False
4100,2,train,1,False
4101,2,train,2,False
4102,2,train,0,False
4103,2,train,0,False
4106,2,train,1,False
4107,2,train,1,False
4108,2,val,1,False
4109,2,train,0,False
4110,2,val,1,True
4111,2,train,1,False
4112,2,train,0,False
4113,2,train,1,False
4115,2,train,0,False
4116,2,train,0,False
4117,2,train,0,False
4118,2,train,0,False
4119,2,train,2,False
4120,2,val,0,False
4123,2,val,1,False
4124,2,val,1,False
4131,2,train,2,False
4132,2,train,2,False
4133,2,val,1,True
4134,2,val,2,False
4136,2,train,1,False
4137,2,train,1,False
4138,2,val,1,False
4139,2,train,1,False
4140,2,train,1,False
4141,2,val,1,False
4142,2,train,1,False
4143,2,train,0,False
4144,2,train,1,False
4145,2,train,1,False
4146,2,train,0,False
4147,2,train,0,False
4150,2,train,1,False
4151,2,val,1,True
4152,2,train,0,False
4154,2,train,0,False
4156,2,train,0,False
4157,2,val,1,False
4158,2,train,2,False
4160,2,train,0,False
4161,2,train,0,False
4162,2,train,1,False
4163,2,train,2,False
4164,2,train,1,False
4165,2,train,2,False
4166,2,train,0,False
4167,2,train,2,False
4168,2,train,2,False
4169,2,train,1,False
4170,2,train,2,False
4171,2,train,1,False
4174,2,train,1,False
4175,2,train,0,False
4178,2,train,1,False
4179,2,train,2,False
4180,2,val,2,False
4181,2,train,2,False
4182,2,train,0,False
4183,2,val,0,False
4186,2,train,1,False
4188,2,train,1,False
4189,2,val,1,False
4191,2,train,0,False
4192,2,val,2,False
4193,2,train,0,False
4194,2,train,1,False
4195,2,val,1,True
4197,2,val,1,False
4198,2,val,1,True
4199,2,train,0,False
4200,2,train,1,False
4204,2,val,0,False
4205,2,train,0,False
4207,2,val,2,False
4208,2,train,1,False
4210,2,train,1,False
4211,2,train,2,False
4212,2,val,2,False
4213,2,train,2,False
4214,2,val,2,False
4215,2,train,2,False
4216,2,train,2,False
4217,2,train,1,False
4218,2,train,2,False
4219,2,train,2,False
4220,2,train,0,False
4221,2,train,2,False
4222,2,train,2,False
4223,2,val,1,False
4224,2,train,2,False
4225,2,train,0,False
4228,2,val,1,True
4229,2,val,0,False
4230,2,train,1,False
4231,2,train,0,False
4232,2,val,1,True
4233,2,train,0,False
4234,2,train,0,False
4237,2,val,1,True
4240,2,val,0,False
4241,2,train,1,False
4242,2,train,0,False
4244,2,train,0,False
4245,2,train,1,False
4246,2,train,1,False
4247,2,train,1,False
4249,2,train,1,False
4250,2,train,1,False
4251,2,val,1,True
4252,2,train,1,False
4253,2,train,0,False
4254,2,val,0,False
4255,2,val,1,False
4256,2,val,1,False
4257,2,train,0,False
4258,2,train,1,False
4261,2,val,1,True
4262,2,train,1,False
4263,2,val,2,False
4264,2,val,2,False
4265,2,train,0,False
4266,2,val,1,False
4267,2,train,1,False
4269,2,val,0,False
4270,2,val,1,False
4271,2,train,1,False
4272,2,val,1,True
4273,2,val,0,False
4274,2,train,1,False
4275,2,train,0,False
4276,2,train,2,False
4277,2,train,0,False
4278,2,train,0,False
4281,2,val,1,True
4282,2,val,1,False
4283,2,val,2,False
4284,2,train,0,False
4285,2,train,1,False
4287,2,val,1,False
4288,2,train,1,False
4289,2,train,1,False
4290,2,train,1,False
4292,2,train,2,False
4293,2,train,1,False
4295,2,train,0,False
4296,2,train,1,False
4299,2,train,1,False
4301,2,train,2,False
4302,2,train,1,False
4304,2,train,1,False
4305,2,train,0,False
4306,2,train,2,False
4307,2,train,1,False
4308,2,val,1,True
4309,2,val,1,False
4311,2,train,1,False
4312,2,train,2,False
4315,2,val,1,False
4318,2,val,1,False
4319,2,train,0,False
4320,2,train,0,False
4322,2,train,1,False
4324,2,train,0,False
4326,2,val,0,False
4328,2,train,0,False
4330,2,train,2,False
4331,2,train,1,False
4332,2,train,2,False
4333,2,train,1,False
4334,2,val,1,False
4335,2,train,1,False
4336,2,val,0,False
4337,2,val,0,False
4338,2,train,1,False
4339,2,train,1,False
4340,2,train,1,False
4342,2,train,2,False
4343,2,train,1,False
4345,2,train,1,False
4346,2,train,1,False
4348,2,train,1,False
4349,2,train,1,False
4350,2,train,1,False
4351,2,train,0,False
4354,2,val,1,False
4355,2,train,1,False
4356,2,train,2,False
4357,2,val,1,False
4359,2,val,1,False
4361,2,train,0,False
4362,2,train,2,False
4364,2,train,0,False
4365,2,val,0,False
4367,2,train,0,False
4369,2,train,1,False
4370,2,val,0,False
4371,2,train,0,False
4372,2,val,0,False
4373,2,train,0,False
4375,2,val,2,False
4377,2,train,2,False
4378,2,val,0,False
4381,2,train,2,False
4382,2,train,2,False
4383,2,train,0,False
4385,2,train,2,False
4388,2,train,0,False
4389,2,val,0,False
4390,2,train,0,False
4392,2,train,0,False
4393,2,train,1,False
4394,2,train,0,False
4395,2,train,1,False
4396,2,train,1,False
4397,2,train,1,False
4400,2,val,1,True
4402,2,val,0,False
4406,2,train,1,False
4407,2,train,0,False
4409,2,train,0,False
4411,2,train,1,False
4412,2,val,1,True
4414,2,val,2,False
4415,2,val,2,False
4416,2,train,0,False
4417,2,train,0,False
4418,2,train,1,False
4419,2,train,1,False
4420,2,train,2,False
4421,2,val,0,False
4422,2,train,1,False
4423,2,val,1,True
4425,2,train,0,False
4426,2,train,0,False
4427,2,val,0,False
4428,2,train,0,False
4429,2,train,0,False
4430,2,val,1,True
4431,2,train,0,False
4432,2,train,1,False
4433,2,val,0,False
4435,2,train,0,False
4437,2,train,1,False
4438,2,train,2,False
4439,2,train,2,False
4440,2,train,2,False
4441,2,val,0,False
4442,2,train,2,False
4443,2,val,0,False
4446,2,val,1,True
4447,2,train,0,False
4449,2,val,2,False
4450,2,train,0,False
4451,2,val,1,True
4453,2,train,0,False
4454,2,train,1,False
4455,2,train,1,False
4457,2,train,1,False
4458,2,train,2,False
4459,2,train,1,False
4461,2,train,1,False
4462,2,train,2,False
4463,2,val,0,False
4464,2,train,1,False
4467,2,train,1,False
4468,2,train,0,False
4469,2,train,0,False
4471,2,train,0,False
4472,2,train,0,False
4473,2,train,1,False
4474,2,train,1,False
4475,2,train,0,False
4476,2,train,0,False
4477,2,train,0,False
4478,2,train,0,False
4479,2,val,0,False
4480,2,val,1,False
4481,2,train,1,False
4484,2,train,2,False
4485,2,train,2,False
4488,2,train,1,False
4490,2,train,1,False
4491,2,train,1,False
4492,2,train,1,False
4494,2,val,1,True
4496,2,train,1,False
4497,2,train,0,False
4498,2,train,0,False
4499,2,val,0,False
4503,2,train,1,False
4504,2,val,0,False
4506,2,val,0,False
4507,2,train,1,False
4508,2,train,1,False
4509,2,train,1,False
4510,2,train,1,False
4511,2,train,0,False
4513,2,train,2,False
4514,2,train,0,False
4516,2,train,1,False
4517,2,val,1,False
4518,2,train,1,False
4519,2,train,1,False
4520,2,train,1,False
4522,2,train,1,False
4523,2,train,2,False
4524,2,train,0,False
4525,2,val,1,True
4526,2,val,1,False
4527,2,train,1,False
4528,2,train,1,False
4529,2,val,1,False
4531,2,train,1,False
4532,2,train,2,False
4533,2,train,0,False
4534,2,train,2,False
4536,2,val,1,False
4538,2,val,1,False
4539,2,train,1,False
4540,2,train,1,False
4541,2,train,1,False
4543,2,train,0,False
4544,2,train,1,False
4545,2,val,0,False
4546,2,train,1,False
4547,2,train,1,False
4548,2,val,1,False
4549,2,val,0,False
4550,2,train,0,False
4551,2,train,0,False
4553,2,train,0,False
4554,2,val,1,False
4555,2,train,0,False
4556,2,train,0,False
4557,2,val,1,True
4558,2,train,0,False
4559,2,val,0,False
4560,2,train,0,False
4563,2,train,1,False
4564,2,val,1,False
4566,2,train,1,False
4567,2,train,1,False
4568,2,train,1,False
4569,2,train,1,False
4570,2,train,0,False
4571,2,train,1,False
4572,2,train,2,False
4574,2,train,1,False
4575,2,val,1,True
4576,2,train,1,False
4577,2,train,2,False
4578,2,train,2,False
4579,2,train,1,False
4580,2,train,1,False
4581,2,train,1,False
4584,2,val,1,True
4585,2,train,1,False
4587,2,train,2,False
4588,2,train,0,False
4589,2,val,1,False
4590,2,train,1,False
4591,2,train,1,False
4593,2,train,0,False
4594,2,train,1,False
4595,2,train,0,False
4596,2,train,1,False
4597,2,train,2,False
4599,2,val,0,False
4600,2,train,0,False
4601,2,train,1,False
4602,2,val,0,False
4603,2,train,2,False
4604,2,train,2,False
4606,2,train,1,False
4607,2,train,1,False
4609,2,train,2,False
4610,2,train,2,False
4611,2,train,2,False
4612,2,train,1,False
4613,2,train,2,False
4614,2,train,1,False
4615,2,val,2,False
4616,2,train,2,False
4619,2,train,1,False
4621,2,train,0,False
4622,2,train,1,False
4623,2,train,0,False
4624,2,train,0,False
4626,2,train,1,False
4627,2,train,2,False
4628,2,val,0,False
4629,2,train,0,False
4630,2,train,2,False
4631,2,val,1,True
4633,2,val,1,False
4634,2,train,1,False
4635,2,train,1,False
4638,2,train,1,False
4639,2,train,1,False
4640,2,train,2,False
4641,2,train,2,False
4643,2,train,2,False
4644,2,train,1,False
4646,2,train,2,False
4647,2,val,1,True
4648,2,train,1,False
4649,2,train,2,False
4650,2,train,2,False
4652,2,val,1,False
4653,2,train,2,False
4654,2,train,1,False
4655,2,val,2,False
4656,2,train,2,False
4657,2,train,0,False
4658,2,train,1,False
4659,2,train,1,False
4660,2,train,2,False
4662,2,train,2,False
4663,2,train,1,False
4665,2,train,0,False
4666,2,train,1,False
4667,2,train,0,False
4668,2,train,2,False
4670,2,train,2,False
4672,2,train,1,False
4674,2,train,1,False
4676,2,train,0,False
4678,2,train,1,False
4679,2,val,1,False
4680,2,train,2,False
4681,2,train,1,False
4682,2,train,2,False
4683,2,val,1,False
4684,2,val,0,False
4685,2,train,1,False
4687,2,train,1,False
4688,2,val,1,False
4689,2,train,2,False
4690,2,train,2,False
4691,2,train,1,False
4692,2,train,2,False
4693,2,train,0,False
4694,2,train,1,False
4697,2,val,2,False
4699,2,val,2,False
4700,2,train,1,False
4703,2,train,1,False
4704,2,val,1,False
4705,2,train,1,False
4706,2,val,1,True
4707,2,train,0,False
4708,2,train,0,False
4709,2,train,1,False
4712,2,val,1,True
4714,2,train,0,False
4715,2,val,1,False
4716,2,train,1,False
4717,2,train,2,False
4718,2,val,1,False
4719,2,train,1,False
4721,2,train,0,False
4723,2,val,2,False
4724,2,val,1,True
4725,2,val,1,False
4726,2,train,1,False
4727,2,train,1,False
4728,2,train,0,False
4730,2,val,1,True
4731,2,train,1,False
4732,2,train,2,False
4735,2,val,1,False
4736,2,train,1,False
4737,2,train,1,False
4738,2,train,1,False
4740,2,train,0,False
4742,2,train,2,False
4744,2,train,2,False
4745,2,val,2,False
4746,2,val,1,True
4747,2,train,1,False
4748,2,train,2,False
4749,2,train,1,False
4750,2,train,1,False
4751,2,train,0,False
4752,2,val,1,True
4754,2,val,0,False
4755,2,train,1,False
4756,2,val,1,True
4758,2,val,1,False
4760,2,val,1,True
4761,2,train,1,False
4762,2,train,0,False
4763,2,train,0,False
4764,2,val,0,False
4766,2,train,1,False
4767,2,train,1,False
4768,2,val,0,False
4770,2,train,1,False
4771,2,train,0,False
4772,2,train,1,False
4773,2,val,1,False
4774,2,val,1,True
4775,2,val,1,False
4776,2,train,1,False
4778,2,train,0,False
4779,2,train,0,False
4780,2,train,1,False
4781,2,train,1,False
4783,2,train,1,False
4784,2,val,0,False
4785,2,train,0,False
4786,2,train,1,False
4787,2,train,0,False
4788,2,train,2,False
4789,2,train,2,False
4791,2,val,1,False
4792,2,val,0,False
4793,2,train,2,False
4794,2,val,0,False
4796,2,train,2,False
4797,2,train,1,False
4798,2,train,1,False
4800,2,train,0,False
4801,2,train,1,False
4803,2,train,0,False
4804,2,val,2,False
4805,2,train,0,False
4806,2,train,1,False
4807,2,train,1,False
4811,2,val,0,False
4813,2,val,0,False
4815,2,train,0,False
4816,2,train,0,False
4817,2,train,2,False
4818,2,train,1,False
4820,2,train,0,False
4821,2,train,2,False
4822,2,train,1,False
4823,2,val,2,False
4825,2,train,2,False
4827,2,train,1,False
4828,2,train,2,False
4829,2,val,2,False
4830,2,val,2,False
4832,2,val,1,False
4833,2,train,2,False
4834,2,train,2,False
4836,2,train,1,False
4837,2,val,1,False
4838,2,val,1,False
4839,2,val,1,True
4840,2,train,1,False
4841,2,val,1,False
4842,2,train,1,False
4843,2,val,1,True
4844,2,train,1,False
4845,2,train,0,False
4846,2,train,1,False
4849,2,val,1,True
4851,2,train,1,False
4852,2,train,2,False
4853,2,train,1,False
4856,2,val,2,False
4857,2,train,2,False
4858,2,train,2,False
4859,2,train,1,False
4860,2,train,0,False
4862,2,val,0,False
4863,2,train,1,False
4864,2,train,0,False
4865,2,train,1,False
4866,2,train,0,False
4867,2,train,0,False
4868,2,train,0,False
4869,2,train,0,False
4870,2,train,1,False
4871,2,train,2,False
4872,2,train,1,False
4873,2,val,1,False
4874,2,train,1,False
4875,2,val,1,True
4876,2,train,0,False
4877,2,train,1,False
4878,2,train,0,False
4879,2,train,1,False
4881,2,val,0,False
4882,2,train,1,False
4884,2,train,0,False
4885,2,train,1,False
4886,2,train,1,False
4887,2,train,1,False
4888,2,val,2,False
4889,2,train,0,False
4890,2,train,1,False
4891,2,val,2,False
4894,2,train,1,False
4895,2,train,0,False
4896,2,train,1,False
4897,2,train,1,False
4898,2,train,2,False
4899,2,train,1,False
4900,2,train,1,False
4902,2,train,1,False
4903,2,train,0,False
4904,2,val,1,False
4906,2,train,1,False
4907,2,val,2,False
4908,2,val,2,False
4910,2,val,0,False
4911,2,train,0,False
4914,2,train,0,False
4915,2,val,0,False
4916,2,val,1,True
4917,2,val,2,False
4919,2,train,1,False
4920,2,train,1,False
4921,2,train,1,False
4924,2,train,0,False
4925,2,train,0,False
4927,2,train,1,False
4928,2,train,0,False
4929,2,val,1,True
4930,2,train,0,False
4931,2,val,1,True
4933,2,train,2,False
4934,2,train,0,False
4935,2,train,1,False
4936,2,train,0,False
4937,2,train,1,False
4938,2,train,0,False
4939,2,val,2,False
4940,2,val,0,False
4941,2,val,1,True
4942,2,train,2,False
4944,2,val,1,False
4945,2,train,0,False
4946,2,train,1,False
4948,2,train,1,False
4949,2,val,0,False
4950,2,train,1,False
4951,2,train,1,False
4952,2,train,1,False
4957,2,train,1,False
4958,2,val,1,False
4959,2,train,2,False
4960,2,train,2,False
4961,2,train,2,False
4962,2,train,2,False
4963,2,train,0,False
4964,2,val,0,False
4965,2,train,0,False
4966,2,train,0,False
4967,2,train,0,False
4968,2,train,0,False
4969,2,val,0,False
4970,2,val,0,False
4971,2,train,1,False
4974,2,train,0,False
4975,2,train,1,False
4976,2,val,1,True
4977,2,train,2,False
4978,2,train,0,False
4980,2,train,0,False
4983,2,val,1,True
4984,2,val,2,False
4985,2,val,2,False
4986,2,train,2,False
4988,2,train,1,False
4989,2,train,1,False
4992,2,val,0,False
4994,2,train,1,False
4995,2,val,2,False
4999,2,train,2,False
5002,2,val,2,False
5003,2,train,2,False
5004,2,train,1,False
5005,2,train,0,False
5007,2,train,2,False
5008,2,train,2,False
5009,2,train,2,False
5010,2,train,2,False
5012,2,train,1,False
5013,2,train,2,False
5016,2,train,0,False
5017,2,train,2,False
5019,2,train,2,False
5023,2,train,0,False
5024,2,train,1,False
5026,2,val,1,True
5027,2,train,0,False
5028,2,train,1,False
5030,2,val,1,False
5031,2,train,2,False
5032,2,train,0,False
5033,2,val,1,True
5034,2,train,1,False
5035,2,val,1,False
5036,2,train,2,False
5037,2,train,1,False
5039,2,train,0,False
5040,2,train,0,False
5041,2,train,0,False
5042,2,val,0,False
5043,2,val,1,True
5044,2,val,0,False
5045,2,train,0,False
5046,2,train,0,False
5047,2,train,0,False
5048,2,train,1,False
5049,2,train,1,False
5050,2,train,0,False
5052,2,val,1,False
5054,2,train,1,False
5056,2,val,1,False
5057,2,train,0,False
5058,2,train,1,False
5060,2,train,1,False
5061,2,val,0,False
5062,2,train,1,False
5063,2,val,1,False
5065,2,val,1,False
5066,2,train,0,False
5067,2,train,1,False
5068,2,train,1,False
5069,2,train,0,False
5070,2,train,1,False
5071,2,val,1,True
5072,2,train,1,False
5073,2,val,0,False
5076,2,train,0,False
5077,2,val,1,False
5078,2,train,0,False
5080,2,train,1,False
2,3,val,2,False
3,3,train,2,False
4,3,train,1,False
5,3,train,2,False
6,3,train,2,False
7,3,train,2,False
8,3,train,1,False
9,3,train,2,False
11,3,train,0,False
12,3,train,2,False
14,3,train,0,False
15,3,val,0,False
16,3,train,2,False
17,3,train,0,False
18,3,train,0,False
19,3,val,0,False
20,3,train,0,False
21,3,train,1,False
23,3,train,1,False
24,3,train,0,False
25,3,train,0,False
26,3,train,0,False
27,3,val,0,False
28,3,val,0,False
29,3,val,1,False
30,3,train,0,False
31,3,train,0,False
32,3,train,0,False
33,3,train,0,False
34,3,train,0,False
35,3,train,1,False
37,3,val,1,True
38,3,train,1,False
39,3,train,0,False
40,3,train,0,False
43,3,train,0,False
45,3,train,1,False
46,3,val,0,False
47,3,train,0,False
48,3,train,0,False
49,3,train,0,False
50,3,train,0,False
51,3,train,0,False
52,3,val,1,False
53,3,val,1,True
54,3,train,0,False
55,3,train,1,False
57,3,train,0,False
59,3,train,0,False
62,3,train,0,False
63,3,val,0,False
64,3,train,0,False
65,3,train,0,False
66,3,train,0,False
67,3,train,0,False
68,3,train,0,False
69,3,train,0,False
70,3,val,0,False
71,3,train,0,False
72,3,val,0,False
73,3,train,1,False
74,3,val,2,False
75,3,train,1,False
76,3,train,1,False
77,3,train,0,False
78,3,train,0,False
79,3,train,0,False
80,3,train,0,False
81,3,val,1,False
83,3,train,1,False
84,3,train,1,False
85,3,train,0,False
86,3,val,0,False
87,3,train,2,False
89,3,train,0,False
91,3,val,0,False
92,3,train,0,False
93,3,train,0,False
94,3,val,1,True
95,3,train,1,False
96,3,train,0,False
97,3,train,0,False
98,3,val,0,False
99,3,train,0,False
100,3,train,1,False
101,3,train,0,False
102,3,val,1,True
103,3,val,0,False
105,3,train,0,False
106,3,train,0,False
107,3,train,1,False
108,3,train,0,False
109,3,train,0,False
110,3,train,0,False
111,3,train,0,False
112,3,val,0,False
113,3,train,0,False
114,3,val,1,False
115,3,train,0,False
116,3,train,0,False
117,3,train,1,False
118,3,train,0,False
119,3,val,0,False
120,3,val,0,False
121,3,train,0,False
122,3,train,0,False
123,3,val,0,False
124,3,train,0,False
125,3,val,0,False
126,3,train,0,False
127,3,train,0,False
128,3,val,0,False
129,3,val,1,True
130,3,train,0,False
131,3,train,0,False
132,3,val,1,True
133,3,val,1,False
134,3,val,1,False
135,3,train,1,False
136,3,train,0,False
137,3,train,1,False
139,3,train,0,False
140,3,val,1,False
142,3,val,0,False
143,3,train,0,False
144,3,train,0,False
145,3,train,0,False
147,3,train,0,False
148,3,val,0,False
150,3,train,0,False
151,3,train,0,False
152,3,train,0,False
153,3,val,0,False
154,3,val,0,False
155,3,train,0,False
156,3,train,0,False
157,3,train,0,False
158,3,train,0,False
159,3,val,1,False
160,3,train,0,False
161,3,train,0,False
162,3,train,0,False
163,3,val,0,False
166,3,train,1,False
167,3,train,0,False
168,3,train,0,False
170,3,val,0,False
171,3,train,0,False
172,3,train,1,False
173,3,val,0,False
174,3,val,1,False
176,3,train,0,False
177,3,train,1,False
179,3,train,1,False
180,3,train,0,False
181,3,train,1,False
182,3,train,0,False
185,3,train,0,False
186,3,train,0,False
187,3,train,0,False
188,3,train,1,False
189,3,train,0,False
190,3,val,0,False
191,3,val,0,False
192,3,train,0,False
194,3,train,0,False
195,3,val,1,True
196,3,train,1,False
197,3,train,0,False
198,3,val,2,False
199,3,val,0,False
201,3,train,0,False
202,3,train,0,False
204,3,train,0,False
205,3,train,0,False
206,3,train,0,False
207,3,train,0,False
208,3,train,0,False
209,3,train,0,False
210,3,train,0,False
211,3,train,0,False
212,3,train,0,False
213,3,train,0,False
214,3,train,0,False
215,3,train,0,False
216,3,val,0,False
217,3,train,0,False
218,3,train,1,False
219,3,val,1,True
220,3,train,1,False
222,3,train,0,False
223,3,train,0,False
224,3,val,0,False
225,3,train,0,False
226,3,train,0,False
227,3,val,1,False
228,3,train,0,False
229,3,train,0,False
230,3,train,0,False
231,3,train,2,False
233,3,train,0,False
234,3,val,1,True
235,3,train,1,False
236,3,train,0,False
238,3,train,0,False
239,3,train,0,False
240,3,train,0,False
241,3,train,2,False
242,3,train,0,False
243,3,train,0,False
244,3,train,0,False
245,3,val,0,False
246,3,train,0,False
247,3,train,0,False
248,3,val,1,True
249,3,train,1,False
250,3,val,1,True
251,3,train,2,False
253,3,val,1,False
255,3,train,0,False
256,3,train,0,False
257,3,val,0,False
258,3,val,1,True
260,3,train,0,False
262,3,train,0,False
263,3,val,0,False
264,3,train,0,False
265,3,train,0,False
266,3,train,0,False
267,3,train,0,False
268,3,train,0,False
269,3,train,0,False
270,3,train,1,False
271,3,train,0,False
272,3,train,0,False
273,3,train,0,False
274,3,train,0,False
275,3,val,0,False
276,3,val,1,True
277,3,train,0,False
278,3,train,0,False
279,3,train,0,False
280,3,train,0,False
281,3,train,1,False
282,3,train,0,False
283,3,train,2,False
284,3,train,0,False
286,3,train,1,False
288,3,train,0,False
289,3,train,0,False
290,3,train,0,False
291,3,val,1,True
292,3,train,0,False
293,3,val,0,False
294,3,val,0,False
295,3,val,1,False
296,3,train,0,False
297,3,train,2,False
298,3,train,0,False
299,3,train,0,False
300,3,train,0,False
301,3,train,0,False
303,3,val,1,True
304,3,train,1,False
305,3,train,0,False
306,3,train,0,False
307,3,val,0,False
309,3,train,0,False
311,3,train,0,False
312,3,train,1,False
313,3,val,1,False
314,3,val,0,False
315,3,train,1,False
316,3,train,2,False
317,3,train,2,False
318,3,train,1,False
319,3,train,0,False
320,3,train,2,False
321,3,train,0,False
322,3,train,0,False
323,3,train,1,False
324,3,val,2,False
325,3,train,2,False
326,3,train,0,False
327,3,val,1,False
328,3,train,1,False
329,3,train,0,False
330,3,train,0,False
331,3,train,0,False
332,3,train,0,False
333,3,train,1,False
334,3,train,0,False
335,3,train,0,False
336,3,val,0,False
337,3,train,0,False
338,3,val,2,False
339,3,train,2,False
340,3,train,1,False
341,3,val,1,True
342,3,train,0,False
343,3,train,0,False
345,3,val,1,True
346,3,val,0,False
348,3,train,0,False
350,3,train,0,False
352,3,train,1,False
355,3,train,0,False
356,3,train,0,False
357,3,train,1,False
358,3,train,0,False
359,3,val,2,False
361,3,val,0,False
362,3,train,2,False
363,3,train,0,False
364,3,train,1,False
365,3,val,0,False
366,3,train,0,False
367,3,val,2,False
368,3,val,2,False
369,3,val,1,False
371,3,train,0,False
372,3,train,0,False
373,3,train,0,False
374,3,val,0,False
376,3,train,0,False
377,3,val,0,False
379,3,train,1,False
380,3,train,2,False
381,3,train,0,False
382,3,val,0,False
383,3,train,1,False
384,3,train,1,False
385,3,train,1,False
386,3,train,0,False
387,3,val,2,False
388,3,train,2,False
389,3,train,2,False
390,3,train,2,False
391,3,train,2,False
392,3,train,1,False
393,3,train,1,False
394,3,train,0,False
396,3,train,2,False
397,3,train,1,False
398,3,train,2,False
400,3,val,1,False
401,3,train,2,False
402,3,train,2,False
403,3,train,2,False
405,3,val,2,False
406,3,val,0,False
407,3,val,1,True
408,3,train,2,False
409,3,train,0,False
410,3,val,2,False
412,3,train,1,False
413,3,train,1,False
414,3,train,2,False
416,3,val,0,False
417,3,train,0,False
419,3,train,0,False
420,3,train,2,False
421,3,train,1,False
422,3,val,1,False
423,3,train,2,False
424,3,train,2,False
425,3,val,1,True
426,3,val,1,False
427,3,val,1,True
428,3,train,1,False
429,3,train,0,False
431,3,train,1,False
432,3,train,0,False
433,3,train,1,False
436,3,train,0,False
437,3,train,2,False
438,3,train,0,False
440,3,train,0,False
441,3,val,2,False
442,3,train,1,False
445,3,train,1,False
446,3,train,1,False
447,3,val,2,False
450,3,train,0,False
451,3,train,0,False
453,3,train,1,False
454,3,train,2,False
455,3,val,1,True
456,3,train,1,False
457,3,val,1,True
458,3,train,1,False
459,3,train,0,False
460,3,train,0,False
461,3,val,1,False
462,3,train,0,False
463,3,train,2,False
464,3,train,1,False
465,3,train,1,False
466,3,train,0,False
467,3,val,2,False
468,3,train,1,False
469,3,val,1,False
470,3,train,0,False
471,3,val,2,False
473,3,train,1,False
475,3,train,0,False
477,3,train,2,False
479,3,train,1,False
480,3,train,0,False
481,3,val,2,False
483,3,val,1,False
485,3,val,0,False
486,3,train,0,False
487,3,train,0,False
489,3,train,0,False
490,3,train,0,False
491,3,val,0,False
492,3,train,0,False
493,3,val,0,False
494,3,train,0,False
495,3,train,1,False
496,3,train,0,False
497,3,val,0,False
498,3,train,0,False
499,3,train,1,False
500,3,train,0,False
501,3,train,0,False
502,3,val,0,False
503,3,train,0,False
505,3,train,0,False
506,3,val,0,False
507,3,val,0,False
508,3,train,0,False
509,3,train,0,False
510,3,train,0,False
511,3,train,0,False
512,3,train,0,False
513,3,train,1,False
514,3,train,0,False
515,3,train,0,False
517,3,train,0,False
518,3,val,1,True
519,3,train,1,False
520,3,train,0,False
521,3,train,0,False
522,3,train,0,False
523,3,train,0,False
524,3,train,0,False
525,3,train,0,False
526,3,train,0,False
527,3,train,0,False
528,3,train,0,False
529,3,train,0,False
530,3,train,0,False
531,3,train,0,False
533,3,train,0,False
536,3,train,0,False
537,3,train,0,False
538,3,val,0,False
539,3,train,2,False
540,3,train,0,False
541,3,train,0,False
542,3,train,0,False
544,3,train,0,False
545,3,val,1,False
546,3,val,0,False
547,3,train,0,False
549,3,val,0,False
550,3,train,2,False
551,3,train,0,False
552,3,train,0,False
553,3,train,0,False
554,3,train,0,False
555,3,train,0,False
556,3,train,1,False
557,3,train,0,False
558,3,train,0,False
559,3,val,0,False
560,3,train,2,False
561,3,train,2,False
563,3,train,1,False
564,3,train,0,False
565,3,val,1,True
567,3,train,0,False
568,3,val,1,False
569,3,train,0,False
571,3,val,0,False
572,3,train,1,False
573,3,train,0,False
574,3,train,2,False
575,3,train,0,False
576,3,train,0,False
577,3,train,1,False
579,3,train,0,False
580,3,train,0,False
581,3,train,0,False
582,3,train,0,False
583,3,train,0,False
584,3,val,0,False
585,3,train,2,False
587,3,val,1,False
588,3,train,0,False
589,3,train,0,False
590,3,train,0,False
591,3,train,0,False
592,3,train,2,False
593,3,train,1,False
594,3,val,0,False
595,3,train,0,False
596,3,val,0,False
597,3,train,0,False
599,3,train,2,False
600,3,train,1,False
601,3,train,0,False
604,3,val,1,False
606,3,train,0,False
608,3,val,1,True
609,3,train,1,False
610,3,val,0,False
611,3,train,0,False
612,3,train,1,False
613,3,train,1,False
614,3,val,1,False
615,3,train,2,False
616,3,train,1,False
617,3,train,0,False
618,3,train,0,False
619,3,train,0,False
620,3,val,0,False
621,3,train,0,False
622,3,train,0,False
623,3,train,0,False
625,3,train,2,False
626,3,train,0,False
627,3,train,0,False
628,3,train,0,False
629,3,train,0,False
630,3,train,0,False
631,3,train,0,False
632,3,train,2,False
634,3,val,1,False
635,3,train,2,False
636,3,train,2,False
637,3,train,0,False
638,3,train,0,False
639,3,val,2,False
640,3,train,2,False
641,3,val,2,False
643,3,train,1,False
645,3,val,2,False
646,3,train,2,False
647,3,val,1,True
648,3,train,2,False
649,3,train,2,False
650,3,train,1,False
651,3,train,0,False
652,3,train,0,False
653,3,train,1,False
654,3,val,0,False
655,3,val,2,False
656,3,train,2,False
657,3,train,0,False
658,3,train,1,False
660,3,val,1,False
661,3,train,0,False
662,3,train,1,False
663,3,val,1,True
664,3,val,1,False
665,3,train,1,False
666,3,train,1,False
667,3,train,1,False
668,3,train,2,False
669,3,val,1,True
670,3,train,0,False
671,3,val,2,False
672,3,train,1,False
673,3,train,1,False
674,3,train,0,False
675,3,train,0,False
676,3,val,0,False
678,3,train,0,False
679,3,val,2,False
680,3,train,2,False
681,3,val,1,True
682,3,val,1,False
683,3,train,2,False
684,3,val,1,True
685,3,val,0,False
686,3,train,2,False
688,3,train,1,False
689,3,train,0,False
690,3,train,2,False
694,3,train,0,False
697,3,train,1,False
698,3,train,1,False
699,3,val,1,False
700,3,train,2,False
701,3,train,0,False
702,3,train,2,False
703,3,train,2,False
704,3,train,0,False
705,3,train,2,False
706,3,train,0,False
708,3,train,0,False
710,3,train,1,False
711,3,train,0,False
712,3,val,1,True
714,3,val,0,False
715,3,train,0,False
716,3,train,1,False
717,3,train,2,False
718,3,train,2,False
721,3,val,2,False
723,3,train,0,False
724,3,train,1,False
725,3,train,1,False
726,3,val,1,True
727,3,train,1,False
728,3,train,2,False
729,3,train,2,False
730,3,train,2,False
731,3,val,1,True
733,3,train,2,False
734,3,train,2,False
735,3,train,0,False
736,3,train,0,False
737,3,train,0,False
739,3,train,0,False
741,3,train,0,False
742,3,train,2,False
743,3,val,1,False
744,3,train,0,False
745,3,train,0,False
746,3,train,1,False
747,3,train,1,False
748,3,train,1,False
749,3,val,1,True
750,3,train,1,False
751,3,val,2,False
752,3,train,1,False
753,3,train,2,False
754,3,val,2,False
755,3,train,1,False
756,3,train,1,False
757,3,train,2,False
758,3,train,2,False
760,3,train,0,False
762,3,train,2,False
763,3,train,2,False
764,3,train,2,False
765,3,val,2,False
766,3,train,2,False
767,3,train,2,False
768,3,train,2,False
769,3,val,0,False
770,3,val,0,False
771,3,train,2,False
772,3,train,1,False
774,3,train,2,False
777,3,train,0,False
778,3,val,0,False
780,3,train,0,False
781,3,train,0,False
782,3,val,0,False
783,3,train,2,False
784,3,train,2,False
785,3,val,1,True
786,3,val,1,True
787,3,val,2,False
788,3,train,1,False
789,3,val,1,False
790,3,val,1,False
791,3,train,2,False
792,3,train,2,False
793,3,train,2,False
794,3,val,2,False
795,3,train,2,False
796,3,train,2,False
797,3,val,2,False
798,3,train,1,False
799,3,train,2,False
800,3,train,0,False
801,3,train,2,False
802,3,train,1,False
804,3,train,0,False
805,3,train,2,False
807,3,train,0,False
808,3,train,2,False
809,3,train,1,False
810,3,train,0,False
812,3,train,0,False
813,3,val,1,True
814,3,train,2,False
815,3,train,2,False
816,3,train,1,False
817,3,train,0,False
818,3,train,1,False
819,3,val,2,False
820,3,train,2,False
821,3,train,2,False
822,3,train,0,False
823,3,train,1,False
824,3,train,2,False
825,3,train,2,False
826,3,val,1,True
827,3,val,1,False
828,3,train,2,False
829,3,train,1,False
830,3,train,1,False
831,3,val,0,False
834,3,train,0,False
835,3,train,0,False
836,3,train,1,False
837,3,train,2,False
838,3,train,0,False
839,3,train,1,False
841,3,val,1,False
842,3,train,2,False
843,3,train,0,False
844,3,val,2,False
845,3,train,2,False
846,3,train,1,False
847,3,val,2,False
848,3,val,2,False
849,3,train,2,False
850,3,val,1,False
851,3,train,2,False
852,3,train,2,False
853,3,train,2,False
854,3,train,2,False
855,3,train,0,False
856,3,train,2,False
857,3,train,2,False
858,3,train,0,False
859,3,train,2,False
861,3,train,2,False
862,3,train,2,False
863,3,train,0,False
864,3,train,2,False
865,3,train,1,False
866,3,train,2,False
867,3,val,0,False
869,3,train,1,False
870,3,train,2,False
871,3,train,0,False
872,3,val,0,False
873,3,train,1,False
874,3,train,2,False
875,3,train,0,False
876,3,val,2,False
878,3,train,2,False
879,3,train,2,False
880,3,train,0,False
881,3,val,1,True
882,3,val,1,False
883,3,train,2,False
885,3,train,2,False
886,3,train,1,False
888,3,train,2,False
889,3,val,0,False
890,3,train,0,False
891,3,val,1,True
894,3,train,0,False
895,3,train,1,False
896,3,train,0,False
897,3,train,0,False
898,3,val,1,False
899,3,train,1,False
900,3,train,2,False
901,3,train,0,False
902,3,train,0,False
903,3,val,0,False
904,3,train,2,False
905,3,train,0,False
907,3,train,2,False
908,3,train,1,False
909,3,val,1,True
910,3,train,2,False
911,3,train,0,False
912,3,train,2,False
913,3,train,2,False
914,3,train,0,False
915,3,train,2,False
916,3,train,1,False
917,3,train,1,False
918,3,train,2,False
919,3,train,0,False
921,3,train,0,False
922,3,val,1,True
923,3,train,1,False
924,3,train,2,False
925,3,val,1,True
926,3,train,1,False
927,3,train,2,False
928,3,train,1,False
929,3,train,2,False
930,3,train,2,False
931,3,val,2,False
932,3,val,1,False
933,3,train,0,False
934,3,val,2,False
935,3,train,0,False
936,3,train,1,False
937,3,train,1,False
938,3,train,0,False
941,3,train,2,False
942,3,train,1,False
943,3,train,1,False
944,3,train,0,False
945,3,train,0,False
946,3,train,2,False
947,3,train,2,False
948,3,train,0,False
949,3,train,2,False
951,3,train,2,False
952,3,val,0,False
953,3,train,0,False
954,3,val,0,False
955,3,train,2,False
957,3,train,2,False
958,3,train,2,False
959,3,train,2,False
960,3,val,2,False
961,3,train,2,False
962,3,train,2,False
963,3,val,1,False
965,3,train,0,False
966,3,train,1,False
967,3,train,2,False
968,3,val,1,True
969,3,train,1,False
970,3,train,1,False
971,3,train,1,False
972,3,train,2,False
973,3,train,1,False
974,3,train,0,False
976,3,train,0,False
977,3,train,0,False
978,3,train,1,False
979,3,val,1,False
980,3,val,1,True
981,3,val,1,True
982,3,train,2,False
983,3,train,2,False
984,3,val,2,False
985,3,val,2,False
986,3,train,2,False
987,3,train,2,False
988,3,train,2,False
989,3,train,2,False
990,3,train,2,False
992,3,train,2,False
993,3,val,2,False
994,3,train,1,False
996,3,train,2,False
997,3,train,2,False
998,3,train,1,False
1000,3,train,1,False
1001,3,train,0,False
1002,3,val,2,False
1003,3,train,2,False
1004,3,val,2,False
1006,3,train,2,False
1008,3,train,1,False
1010,3,train,1,False
1011,3,train,2,False
1012,3,train,0,False
1013,3,train,2,False
1014,3,val,0,False
1015,3,train,0,False
1017,3,val,1,True
1018,3,train,2,False
1019,3,train,1,False
1020,3,train,2,False
1021,3,train,1,False
1022,3,val,1,True
1023,3,val,2,False
1024,3,train,2,False
1025,3,val,0,False
1026,3,train,1,False
1027,3,train,1,False
1028,3,train,2,False
1030,3,train,1,False
1031,3,train,2,False
1035,3,train,1,False
1036,3,train,2,False
1038,3,train,0,False
1039,3,train,0,False
1042,3,train,2,False
1043,3,train,2,False
1044,3,train,1,False
1045,3,train,1,False
1046,3,train,1,False
1047,3,train,0,False
1049,3,train,1,False
1050,3,train,2,False
1051,3,train,1,False
1052,3,val,1,True
1055,3,train,1,False
1056,3,val,0,False
1057,3,val,1,False
1058,3,val,2,False
1059,3,train,1,False
1060,3,train,1,False
1061,3,train,0,False
1062,3,val,1,False
1064,3,train,0,False
1065,3,train,0,False
1066,3,val,0,False
1067,3,train,0,False
1068,3,train,2,False
1069,3,val,1,True
1071,3,train,2,False
1072,3,train,2,False
1073,3,val,1,True
1074,3,train,2,False
1075,3,val,1,False
1076,3,val,2,False
1077,3,train,2,False
1079,3,train,1,False
1080,3,train,2,False
1081,3,val,2,False
1084,3,train,0,False
1085,3,train,0,False
1086,3,train,1,False
1087,3,train,1,False
1089,3,train,0,False
1090,3,train,2,False
1092,3,train,2,False
1093,3,train,1,False
1094,3,train,1,False
1095,3,train,2,False
1096,3,train,1,False
1097,3,val,1,False
1098,3,train,1,False
1099,3,val,0,False
1100,3,val,1,True
1101,3,train,0,False
1103,3,val,0,False
1104,3,train,1,False
1106,3,val,0,False
1107,3,val,0,False
1108,3,train,1,False
1109,3,train,1,False
1110,3,train,1,False
1113,3,val,2,False
1114,3,train,1,False
1115,3,train,2,False
1116,3,train,2,False
1118,3,val,0,False
1119,3,train,1,False
1120,3,train,0,False
1121,3,train,1,False
1122,3,train,1,False
1123,3,val,0,False
1125,3,train,1,False
1127,3,train,0,False
1128,3,train,0,False
1129,3,train,1,False
1130,3,train,0,False
1132,3,train,1,False
1133,3,train,0,False
1134,3,val,1,False
1135,3,train,1,False
1136,3,val,0,False
1137,3,train,1,False
1138,3,train,1,False
1139,3,train,0,False
1140,3,val,1,False
1141,3,train,0,False
1144,3,train,0,False
1146,3,val,1,False
1148,3,train,1,False
1149,3,train,0,False
1150,3,train,1,False
1152,3,train,0,False
1153,3,train,0,False
1154,3,train,0,False
1155,3,train,1,False
1156,3,train,1,False
1157,3,train,0,False
1160,3,train,0,False
1163,3,train,1,False
1164,3,train,0,False
1165,3,train,2,False
1167,3,train,2,False
1170,3,val,1,True
1172,3,train,1,False
1173,3,train,2,False
1174,3,train,0,False
1175,3,train,1,False
1177,3,train,1,False
1179,3,train,1,False
1180,3,train,0,False
1182,3,train,1,False
1184,3,train,0,False
1188,3,train,2,False
1189,3,val,2,False
1190,3,val,2,False
1191,3,train,2,False
1192,3,train,2,False
1194,3,train,2,False
1195,3,train,1,False
1196,3,train,2,False
1197,3,train,2,False
1198,3,train,2,False
1199,3,train,1,False
1200,3,train,0,False
1201,3,train,2,False
1202,3,train,0,False
1203,3,train,2,False
1204,3,train,2,False
1205,3,val,0,False
1206,3,train,1,False
1208,3,train,2,False
1209,3,train,2,False
1210,3,train,1,False
1211,3,val,2,False
1212,3,train,1,False
1213,3,train,2,False
1214,3,train,2,False
1215,3,val,1,True
1216,3,train,1,False
1217,3,val,2,False
1218,3,train,2,False
1221,3,train,1,False
1222,3,train,1,False
1223,3,train,1,False
1225,3,train,1,False
1226,3,train,1,False
1228,3,train,1,False
1231,3,val,0,False
1232,3,val,1,False
1233,3,train,2,False
1234,3,val,2,False
1235,3,val,2,False
1238,3,train,2,False
1239,3,train,2,False
1240,3,val,0,False
1241,3,train,2,False
1243,3,train,2,False
1244,3,train,1,False
1246,3,train,2,False
1247,3,train,2,False
1248,3,train,2,False
1249,3,train,2,False
1250,3,train,1,False
1251,3,train,2,False
1252,3,train,2,False
1253,3,val,1,False
1254,3,train,2,False
1255,3,train,1,False
1256,3,val,2,False
1257,3,val,2,False
1258,3,val,1,False
1259,3,train,2,False
1260,3,train,1,False
1261,3,train,2,False
1263,3,train,1,False
1264,3,train,1,False
1265,3,train,2,False
1266,3,train,2,False
1267,3,train,2,False
1268,3,train,2,False
1269,3,train,1,False
1270,3,val,1,False
1271,3,train,1,False
1272,3,train,1,False
1273,3,train,2,False
1274,3,val,1,False
1275,3,train,2,False
1276,3,train,2,False
1277,3,val,2,False
1278,3,train,1,False
1279,3,val,2,False
1281,3,train,1,False
1282,3,val,2,False
1283,3,val,2,False
1284,3,train,2,False
1285,3,val,2,False
1289,3,train,1,False
1290,3,train,1,False
1291,3,train,2,False
1292,3,train,2,False
1293,3,train,2,False
1294,3,train,1,False
1296,3,val,1,False
1297,3,train,1,False
1298,3,train,2,False
1299,3,train,2,False
1300,3,val,1,False
1301,3,train,1,False
1303,3,train,2,False
1304,3,train,1,False
1306,3,val,1,True
1310,3,train,2,False
1311,3,train,0,False
1312,3,val,0,False
1313,3,train,2,False
1314,3,train,0,False
1317,3,val,1,True
1319,3,train,2,False
1320,3,train,0,False
1321,3,train,0,False
1323,3,val,1,True
1326,3,train,1,False
1327,3,train,1,False
1328,3,train,1,False
1329,3,train,2,False
1331,3,train,2,False
1332,3,train,1,False
1334,3,train,1,False
1335,3,train,2,False
1336,3,train,0,False
1337,3,train,2,False
1338,3,train,1,False
1339,3,train,1,False
1340,3,val,2,False
1341,3,train,1,False
1342,3,val,1,True
1343,3,train,1,False
1345,3,train,1,False
1348,3,train,2,False
1349,3,val,1,True
1350,3,val,1,False
1351,3,train,0,False
1352,3,train,2,False
1353,3,val,2,False
1354,3,train,1,False
1355,3,val,2,False
1356,3,train,1,False
1357,3,train,1,False
1358,3,train,2,False
1359,3,val,1,True
1361,3,train,2,False
1365,3,train,1,False
1367,3,train,1,False
1368,3,train,2,False
1369,3,val,2,False
1370,3,train,1,False
1371,3,train,1,False
1373,3,train,0,False
1374,3,train,2,False
1375,3,train,0,False
1376,3,val,0,False
1377,3,val,2,False
1379,3,train,1,False
1380,3,train,1,False
1381,3,train,2,False
1383,3,train,1,False
1384,3,train,1,False
1386,3,train,1,False
1387,3,train,0,False
1388,3,val,1,True
1389,3,train,0,False
1390,3,train,1,False
1391,3,val,1,False
1392,3,train,0,False
1393,3,train,1,False
1394,3,train,0,False
1395,3,train,2,False
1396,3,train,2,False
1397,3,train,2,False
1398,3,val,2,False
1400,3,val,1,True
1401,3,val,2,False
1402,3,val,1,False
1403,3,train,2,False
1404,3,train,2,False
1405,3,train,2,False
1406,3,train,1,False
1407,3,val,0,False
1410,3,train,1,False
1411,3,train,1,False
1412,3,train,2,False
1413,3,train,2,False
1414,3,train,0,False
1415,3,train,1,False
1417,3,train,1,False
1418,3,train,1,False
1421,3,train,2,False
1423,3,train,2,False
1424,3,train,2,False
1425,3,val,1,True
1426,3,train,2,False
1427,3,train,2,False
1428,3,val,1,True
1429,3,train,1,False
1430,3,train,2,False
1431,3,train,2,False
1432,3,train,0,False
1434,3,train,2,False
1435,3,train,1,False
1436,3,train,0,False
1437,3,train,1,False
1439,3,train,1,False
1441,3,val,0,False
1442,3,train,1,False
1443,3,train,1,False
1445,3,val,0,False
1446,3,train,1,False
1447,3,train,2,False
1448,3,train,2,False
1449,3,val,1,False
1451,3,val,0,False
1452,3,train,0,False
1454,3,train,1,False
1455,3,train,0,False
1458,3,train,0,False
1459,3,train,1,False
1460,3,train,1,False
1461,3,val,1,True
1462,3,val,0,False
1464,3,train,0,False
1466,3,val,1,True
1467,3,train,1,False
1468,3,val,0,False
1469,3,train,0,False
1470,3,train,2,False
1471,3,val,1,False
1472,3,train,1,False
1474,3,train,1,False
1475,3,val,0,False
1476,3,train,2,False
1477,3,train,2,False
1478,3,train,0,False
1479,3,train,2,False
1480,3,val,1,False
1481,3,train,1,False
1482,3,train,0,False
1483,3,train,0,False
1484,3,train,1,False
1485,3,val,1,False
1486,3,val,1,False
1487,3,train,0,False
1489,3,train,0,False
1490,3,train,0,False
1491,3,train,1,False
1492,3,train,2,False
1493,3,train,2,False
1495,3,train,2,False
1496,3,train,0,False
1497,3,train,1,False
1499,3,val,1,True
1500,3,val,1,True
1501,3,train,0,False
1502,3,train,1,False
1503,3,train,0,False
1504,3,train,1,False
1505,3,train,2,False
1506,3,val,2,False
1507,3,val,0,False
1508,3,val,2,False
1509,3,train,0,False
1510,3,train,2,False
1511,3,train,2,False
1512,3,val,0,False
1513,3,val,2,False
1514,3,train,1,False
1515,3,train,0,False
1516,3,train,0,False
1517,3,train,2,False
1520,3,train,0,False
1521,3,train,1,False
1522,3,val,1,False
1523,3,val,1,False
1524,3,val,1,True
1525,3,train,1,False
1526,3,train,0,False
1527,3,val,2,False
1529,3,train,1,False
1531,3,train,1,False
1532,3,train,2,False
1533,3,train,0,False
1534,3,val,1,True
1536,3,train,1,False
1540,3,train,1,False
1541,3,train,1,False
1542,3,train,1,False
1543,3,train,1,False
1544,3,train,1,False
1545,3,train,1,False
1546,3,train,2,False
1547,3,train,2,False
1548,3,val,0,False
1549,3,train,2,False
1550,3,val,1,True
1551,3,train,1,False
1552,3,train,1,False
1553,3,val,2,False
1554,3,val,1,False
1555,3,train,1,False
1556,3,train,1,False
1557,3,train,2,False
1558,3,train,1,False
1559,3,train,1,False
1560,3,train,0,False
1562,3,train,1,False
1563,3,train,2,False
1564,3,val,1,True
1565,3,train,1,False
1566,3,val,2,False
1567,3,train,1,False
1569,3,train,1,False
1570,3,val,1,False
1571,3,train,2,False
1575,3,train,2,False
1578,3,train,2,False
1579,3,train,2,False
1580,3,train,1,False
1581,3,val,0,False
1582,3,train,1,False
1586,3,train,2,False
1588,3,train,2,False
1589,3,train,1,False
1590,3,train,2,False
1591,3,val,0,False
1592,3,train,0,False
1593,3,train,1,False
1594,3,train,0,False
1595,3,train,2,False
1597,3,train,2,False
1598,3,train,1,False
1599,3,train,1,False
1600,3,train,1,False
1601,3,train,0,False
1602,3,train,0,False
1604,3,train,2,False
1605,3,train,2,False
1606,3,val,1,True
1607,3,train,1,False
1608,3,train,2,False
1610,3,val,1,False
1611,3,train,1,False
1614,3,train,0,False
1615,3,val,0,False
1616,3,train,2,False
1618,3,train,0,False
1619,3,train,2,False
1620,3,train,1,False
1621,3,train,0,False
1622,3,train,2,False
1623,3,train,1,False
1624,3,train,1,False
1625,3,train,1,False
1626,3,train,2,False
1627,3,train,1,False
1628,3,train,0,False
1630,3,val,1,True
1631,3,train,0,False
1633,3,val,1,False
1634,3,train,0,False
1635,3,train,1,False
1637,3,val,2,False
1638,3,train,2,False
1639,3,train,0,False
1640,3,train,0,False
1641,3,train,0,False
1642,3,train,0,False
1643,3,val,1,True
1644,3,train,2,False
1645,3,train,2,False
1646,3,train,2,False
1647,3,train,0,False
1649,3,val,0,False
1650,3,train,2,False
1652,3,train,0,False
1653,3,val,2,False
1654,3,train,0,False
1655,3,val,1,True
1656,3,train,0,False
1657,3,train,0,False
1658,3,train,1,False
1659,3,train,2,False
1661,3,train,1,False
1662,3,train,0,False
1663,3,train,2,False
1664,3,val,2,False
1665,3,train,1,False
1666,3,train,2,False
1667,3,train,1,False
1668,3,val,2,False
1669,3,train,1,False
1670,3,train,0,False
1671,3,train,2,False
1672,3,train,0,False
1673,3,train,2,False
1674,3,train,2,False
1675,3,train,2,False
1676,3,train,0,False
1677,3,train,1,False
1678,3,val,0,False
1680,3,train,0,False
1681,3,val,2,False
1682,3,train,2,False
1683,3,train,0,False
1684,3,train,1,False
1685,3,train,0,False
1686,3,train,0,False
1687,3,train,0,False
1688,3,val,1,True
1689,3,val,0,False
1690,3,train,2,False
1691,3,train,2,False
1692,3,train,2,False
1693,3,train,2,False
1694,3,train,2,False
1695,3,train,0,False
1697,3,train,1,False
1698,3,train,2,False
1699,3,train,1,False
1701,3,train,2,False
1702,3,train,1,False
1703,3,train,1,False
1704,3,train,2,False
1705,3,train,2,False
1706,3,train,1,False
1707,3,train,1,False
1708,3,train,1,False
1709,3,train,2,False
1710,3,val,2,False
1712,3,train,0,False
1713,3,train,0,False
1714,3,train,2,False
1715,3,train,1,False
1716,3,train,2,False
1717,3,train,2,False
1719,3,val,2,False
1720,3,train,2,False
1723,3,train,2,False
1724,3,train,1,False
1725,3,val,2,False
1726,3,train,2,False
1727,3,train,2,False
1728,3,train,1,False
1729,3,val,2,False
1730,3,train,2,False
1731,3,train,2,False
1732,3,val,2,False
1733,3,train,2,False
1734,3,train,2,False
1735,3,train,0,False
1736,3,train,2,False
1737,3,train,2,False
1738,3,train,1,False
1739,3,train,2,False
1740,3,train,2,False
1741,3,train,1,False
1742,3,train,1,False
1743,3,train,2,False
1744,3,train,2,False
1745,3,train,2,False
1746,3,train,2,False
1747,3,train,2,False
1748,3,val,1,False
1750,3,train,2,False
1752,3,train,2,False
1753,3,train,0,False
1754,3,train,2,False
1755,3,val,2,False
1756,3,train,0,False
1757,3,train,2,False
1758,3,train,2,False
1759,3,val,2,False
1760,3,train,2,False
1761,3,train,0,False
1762,3,train,2,False
1763,3,train,0,False
1764,3,val,1,False
1765,3,train,0,False
1766,3,train,2,False
1768,3,train,2,False
1769,3,train,0,False
1770,3,train,2,False
1771,3,train,2,False
1772,3,train,2,False
1773,3,val,1,False
1774,3,train,0,False
1775,3,train,2,False
1777,3,train,2,False
1778,3,train,2,False
1779,3,train,2,False
1780,3,val,2,False
1781,3,train,0,False
1782,3,train,1,False
1783,3,train,1,False
1785,3,val,2,False
1786,3,train,0,False
1788,3,val,1,False
1790,3,val,2,False
1791,3,train,1,False
1792,3,train,0,False
1793,3,train,0,False
1794,3,train,2,False
1795,3,train,2,False
1796,3,train,2,False
1797,3,train,0,False
1798,3,train,2,False
1800,3,train,2,False
1804,3,train,2,False
1805,3,train,1,False
1806,3,train,2,False
1807,3,train,1,False
1808,3,val,1,True
1809,3,train,2,False
1810,3,train,1,False
1812,3,train,2,False
1813,3,train,2,False
1815,3,val,1,True
1817,3,train,1,False
1818,3,train,1,False
1820,3,val,0,False
1821,3,train,1,False
1822,3,val,1,True
1823,3,train,0,False
1824,3,train,1,False
1825,3,train,1,False
1826,3,train,1,False
1828,3,train,1,False
1830,3,train,2,False
1831,3,val,1,True
1832,3,val,2,False
1833,3,val,1,False
1834,3,train,2,False
1835,3,val,2,False
1836,3,val,2,False
1837,3,train,2,False
1839,3,train,1,False
1840,3,train,0,False
1842,3,val,0,False
1844,3,train,2,False
1845,3,train,1,False
1846,3,val,2,False
1847,3,train,2,False
1848,3,train,0,False
1849,3,train,2,False
1850,3,train,1,False
1851,3,train,0,False
1853,3,train,2,False
1855,3,val,1,True
1857,3,train,2,False
1858,3,train,2,False
1859,3,train,0,False
1861,3,train,1,False
1862,3,train,1,False
1866,3,train,0,False
1867,3,train,1,False
1870,3,val,0,False
1872,3,train,2,False
1874,3,val,1,False
1875,3,train,2,False
1877,3,val,1,False
1878,3,train,1,False
1881,3,val,0,False
1882,3,train,2,False
1883,3,val,1,True
1884,3,train,0,False
1885,3,train,0,False
1886,3,train,0,False
1887,3,train,2,False
1888,3,val,2,False
1889,3,train,2,False
1890,3,val,2,False
1891,3,train,2,False
1892,3,train,2,False
1893,3,val,1,True
1894,3,train,2,False
1895,3,train,2,False
1897,3,train,2,False
1898,3,val,0,False
1899,3,train,2,False
1901,3,train,1,False
1903,3,train,0,False
1904,3,val,1,False
1906,3,train,0,False
1907,3,train,0,False
1909,3,train,0,False
1910,3,train,1,False
1911,3,train,1,False
1912,3,val,1,True
1913,3,train,0,False
1914,3,train,0,False
1915,3,train,0,False
1916,3,train,0,False
1917,3,train,1,False
1918,3,val,0,False
1919,3,train,0,False
1920,3,train,0,False
1921,3,train,1,False
1922,3,train,1,False
1923,3,val,1,False
1924,3,train,0,False
1926,3,train,2,False
1927,3,train,2,False
1928,3,train,2,False
1929,3,val,1,True
1930,3,train,1,False
1931,3,val,1,True
1933,3,train,1,False
1934,3,val,0,False
1935,3,train,0,False
1937,3,val,2,False
1938,3,train,1,False
1940,3,val,1,True
1943,3,train,0,False
1945,3,train,0,False
1947,3,train,1,False
1948,3,train,0,False
1949,3,val,0,False
1950,3,train,0,False
1952,3,val,0,False
1953,3,train,0,False
1955,3,train,0,False
1957,3,train,0,False
1958,3,train,1,False
1959,3,train,0,False
1962,3,train,1,False
1963,3,val,1,True
1964,3,train,0,False
1965,3,train,2,False
1966,3,val,1,True
1967,3,val,1,True
1968,3,train,0,False
1969,3,train,1,False
1970,3,val,1,False
1972,3,train,2,False
1974,3,train,1,False
1975,3,train,0,False
1976,3,train,1,False
1977,3,train,0,False
1978,3,val,1,True
1979,3,val,1,False
1980,3,val,1,True
1982,3,train,0,False
1983,3,val,1,True
1984,3,train,0,False
1985,3,train,0,False
1986,3,val,0,False
1987,3,train,0,False
1988,3,train,0,False
1989,3,train,0,False
1990,3,train,0,False
1991,3,train,1,False
1992,3,train,0,False
1994,3,train,0,False
1995,3,train,0,False
1996,3,train,2,False
1998,3,train,2,False
1999,3,val,2,False
2000,3,train,1,False
2001,3,val,2,False
2002,3,train,2,False
2003,3,train,2,False
2004,3,val,1,False
2005,3,train,2,False
2006,3,train,2,False
2007,3,val,1,False
2010,3,train,2,False
2011,3,train,1,False
2013,3,val,0,False
2016,3,val,1,False
2017,3,train,2,False
2019,3,train,0,False
2020,3,train,2,False
2021,3,train,1,False
2022,3,train,1,False
2023,3,train,1,False
2025,3,train,0,False
2026,3,train,1,False
2027,3,val,1,True
2028,3,val,1,False
2029,3,train,1,False
2030,3,val,1,False
2031,3,train,0,False
2033,3,train,1,False
2034,3,train,2,False
2035,3,train,1,False
2036,3,train,2,False
2037,3,train,0,False
2038,3,train,0,False
2039,3,train,0,False
2040,3,val,1,False
2041,3,train,1,False
2042,3,train,1,False
2043,3,train,1,False
2044,3,val,0,False
2045,3,train,1,False
2046,3,train,1,False
2047,3,train,1,False
2048,3,val,0,False
2050,3,val,0,False
2051,3,train,2,False
2052,3,train,1,False
2053,3,train,0,False
2054,3,train,1,False
2055,3,train,0,False
2057,3,train,2,False
2058,3,train,1,False
2059,3,train,1,False
2060,3,train,1,False
2061,3,train,1,False
2062,3,train,1,False
2063,3,train,1,False
2064,3,train,0,False
2067,3,train,2,False
2068,3,val,1,False
2070,3,train,0,False
2072,3,train,2,False
2073,3,train,1,False
2074,3,val,1,False
2075,3,val,0,False
2076,3,val,0,False
2077,3,val,1,True
2078,3,train,1,False
2079,3,train,0,False
2081,3,train,1,False
2083,3,train,1,False
2084,3,train,0,False
2086,3,train,1,False
2088,3,val,0,False
2089,3,train,1,False
2090,3,train,1,False
2091,3,val,1,False
2093,3,train,0,False
2094,3,train,0,False
2095,3,train,0,False
2096,3,train,0,False
2097,3,train,2,False
2099,3,train,2,False
2100,3,train,1,False
2101,3,train,1,False
2103,3,train,0,False
2105,3,train,1,False
2107,3,train,1,False
2108,3,train,0,False
2109,3,train,1,False
2110,3,val,0,False
2111,3,val,1,True
2113,3,train,0,False
2114,3,val,0,False
2115,3,train,2,False
2117,3,train,2,False
2118,3,train,1,False
2119,3,train,1,False
2120,3,train,0,False
2121,3,train,1,False
2122,3,train,2,False
2124,3,train,1,False
2125,3,train,0,False
2126,3,train,1,False
2127,3,train,0,False
2130,3,train,2,False
2132,3,train,1,False
2133,3,val,1,True
2134,3,train,1,False
2135,3,train,0,False
2136,3,val,2,False
2137,3,val,1,False
2138,3,val,2,False
2139,3,train,2,False
2141,3,train,2,False
2142,3,train,1,False
2144,3,train,1,False
2146,3,val,1,True
2147,3,val,2,False
2148,3,train,1,False
2149,3,train,2,False
2150,3,train,0,False
2151,3,val,0,False
2153,3,train,1,False
2155,3,train,0,False
2156,3,train,0,False
2158,3,train,0,False
2162,3,val,1,True
2163,3,train,1,False
2164,3,train,1,False
2165,3,train,0,False
2166,3,train,1,False
2167,3,train,0,False
2168,3,train,1,False
2169,3,train,2,False
2170,3,val,1,True
2172,3,train,1,False
2173,3,train,2,False
2174,3,train,2,False
2175,3,train,2,False
2176,3,train,1,False
2177,3,train,0,False
2178,3,val,1,True
2179,3,val,1,True
2180,3,val,0,False
2181,3,train,2,False
2182,3,val,1,False
2183,3,train,2,False
2184,3,train,2,False
2187,3,train,2,False
2188,3,train,1,False
2189,3,train,1,False
2190,3,val,1,True
2191,3,train,2,False
2192,3,val,1,True
2193,3,train,1,False
2194,3,train,2,False
2195,3,train,1,False
2196,3,val,1,True
2200,3,train,1,False
2201,3,train,2,False
2203,3,val,1,False
2204,3,train,2,False
2205,3,train,2,False
2206,3,train,1,False
2208,3,train,2,False
2209,3,train,2,False
2210,3,train,1,False
2212,3,train,0,False
2213,3,train,0,False
2214,3,train,0,False
2216,3,train,1,False
2217,3,val,1,False
2218,3,train,0,False
2220,3,val,1,True
2222,3,train,0,False
2223,3,train,2,False
2224,3,train,0,False
2225,3,train,2,False
2226,3,val,2,False
2229,3,train,2,False
2230,3,train,0,False
2231,3,val,1,False
2232,3,train,0,False
2233,3,val,1,False
2234,3,val,1,False
2235,3,train,0,False
2237,3,val,1,False
2238,3,train,1,False
2240,3,train,0,False
2241,3,train,1,False
2242,3,train,2,False
2244,3,train,2,False
2245,3,train,0,False
2246,3,train,0,False
2247,3,train,0,False
2248,3,train,2,False
2249,3,val,0,False
2250,3,train,2,False
2251,3,train,2,False
2252,3,train,2,False
2255,3,train,2,False
2256,3,train,1,False
2257,3,train,0,False
2258,3,train,0,False
2259,3,train,0,False
2260,3,train,0,False
2261,3,val,0,False
2262,3,val,1,True
2263,3,val,2,False
2265,3,train,2,False
2266,3,train,2,False
2267,3,train,1,False
2270,3,val,1,False
2271,3,train,1,False
2272,3,train,2,False
2273,3,train,2,False
2274,3,train,1,False
2277,3,train,1,False
2278,3,train,2,False
2280,3,train,2,False
2281,3,train,0,False
2282,3,val,1,False
2283,3,train,1,False
2284,3,train,2,False
2285,3,train,0,False
2286,3,train,2,False
2287,3,train,2,False
2288,3,train,0,False
2290,3,val,2,False
2292,3,train,1,False
2293,3,train,1,False
2295,3,train,1,False
2296,3,train,2,False
2297,3,train,2,False
2298,3,train,2,False
2299,3,train,1,False
2300,3,val,1,False
2301,3,train,0,False
2304,3,train,0,False
2305,3,train,1,False
2307,3,val,1,False
2308,3,train,1,False
2309,3,train,1,False
2311,3,train,2,False
2315,3,train,2,False
2317,3,train,1,False
2318,3,train,2,False
2319,3,train,2,False
2320,3,train,2,False
2321,3,train,1,False
2322,3,train,2,False
2323,3,train,0,False
2324,3,train,2,False
2326,3,train,1,False
2327,3,train,2,False
2328,3,train,2,False
2329,3,val,2,False
2331,3,val,1,False
2332,3,val,2,False
2333,3,train,2,False
2334,3,train,1,False
2335,3,train,2,False
2336,3,train,1,False
2337,3,val,2,False
2339,3,train,2,False
2340,3,train,2,False
2341,3,train,1,False
2343,3,train,2,False
2344,3,train,1,False
2345,3,val,2,False
2346,3,val,2,False
2347,3,train,2,False
2348,3,train,2,False
2353,3,train,1,False
2355,3,train,2,False
2356,3,train,2,False
2357,3,train,2,False
2358,3,train,2,False
2360,3,train,2,False
2361,3,train,2,False
2362,3,train,1,False
2363,3,val,2,False
2364,3,val,2,False
2365,3,train,2,False
2366,3,train,2,False
2368,3,train,2,False
2369,3,train,2,False
2370,3,val,1,False
2372,3,val,1,False
2373,3,val,1,True
2374,3,train,1,False
2375,3,val,2,False
2376,3,train,1,False
2377,3,train,0,False
2378,3,train,1,False
2379,3,train,0,False
2380,3,train,1,False
2381,3,train,1,False
2382,3,train,2,False
2383,3,train,2,False
2385,3,train,1,False
2386,3,train,2,False
2388,3,train,2,False
2390,3,train,2,False
2391,3,train,2,False
2393,3,val,2,False
2395,3,train,1,False
2396,3,val,1,False
2397,3,val,1,False
2398,3,train,2,False
2399,3,val,2,False
2400,3,train,0,False
2401,3,train,2,False
2402,3,train,2,False
2403,3,train,2,False
2408,3,train,1,False
2409,3,val,2,False
2410,3,train,1,False
2411,3,train,1,False
2412,3,train,1,False
2413,3,train,1,False
2414,3,val,0,False
2417,3,train,1,False
2419,3,train,0,False
2420,3,train,0,False
2421,3,train,2,False
2424,3,train,1,False
2425,3,train,1,False
2427,3,train,1,False
2428,3,train,1,False
2429,3,train,2,False
2431,3,train,2,False
2432,3,train,1,False
2433,3,train,2,False
2436,3,val,2,False
2437,3,val,2,False
2438,3,train,0,False
2440,3,train,2,False
2441,3,train,1,False
2442,3,train,2,False
2443,3,train,2,False
2444,3,train,1,False
2445,3,train,0,False
2446,3,train,0,False
2447,3,train,0,False
2448,3,val,1,True
2449,3,val,2,False
2450,3,val,0,False
2451,3,train,0,False
2452,3,val,2,False
2453,3,train,1,False
2454,3,val,2,False
2455,3,train,1,False
2456,3,val,1,False
2457,3,val,2,False
2460,3,train,0,False
2461,3,train,2,False
2462,3,val,0,False
2463,3,val,1,True
2464,3,train,0,False
2466,3,train,2,False
2467,3,train,2,False
2468,3,train,1,False
2469,3,train,2,False
2470,3,train,1,False
2472,3,val,0,False
2473,3,train,0,False
2475,3,train,2,False
2476,3,train,2,False
2477,3,train,2,False
2478,3,val,2,False
2479,3,train,0,False
2480,3,val,2,False
2484,3,train,2,False
2486,3,val,2,False
2487,3,train,2,False
2488,3,train,2,False
2489,3,train,1,False
2490,3,val,1,True
2491,3,train,2,False
2492,3,train,2,False
2493,3,train,1,False
2495,3,train,2,False
2496,3,val,1,True
2498,3,train,1,False
2499,3,train,0,False
2500,3,train,1,False
2501,3,train,1,False
2502,3,train,2,False
2503,3,val,1,False
2504,3,train,2,False
2505,3,train,2,False
2506,3,val,2,False
2507,3,train,2,False
2508,3,val,2,False
2509,3,train,1,False
2510,3,train,2,False
2511,3,val,2,False
2512,3,val,1,False
2513,3,train,2,False
2514,3,train,2,False
2515,3,train,2,False
2516,3,train,2,False
2517,3,train,1,False
2518,3,train,1,False
2519,3,val,2,False
2520,3,train,1,False
2521,3,train,2,False
2522,3,val,1,False
2523,3,val,1,False
2524,3,train,2,False
2525,3,train,2,False
2527,3,train,2,False
2529,3,train,1,False
2531,3,train,2,False
2533,3,train,2,False
2535,3,val,1,True
2536,3,train,1,False
2537,3,train,0,False
2540,3,train,1,False
2541,3,train,2,False
2542,3,val,1,False
2543,3,train,2,False
2546,3,train,1,False
2547,3,train,1,False
2548,3,train,2,False
2549,3,train,2,False
2550,3,train,2,False
2552,3,train,1,False
2553,3,train,2,False
2554,3,val,1,True
2555,3,train,2,False
2556,3,train,2,False
2557,3,train,2,False
2560,3,train,2,False
2561,3,train,2,False
2562,3,val,1,False
2563,3,train,1,False
2564,3,val,2,False
2565,3,train,2,False
2567,3,train,1,False
2568,3,train,2,False
2569,3,train,1,False
2570,3,val,2,False
2571,3,val,2,False
2572,3,train,1,False
2575,3,train,2,False
2576,3,train,1,False
2578,3,val,1,False
2580,3,train,0,False
2581,3,train,2,False
2582,3,train,2,False
2585,3,train,2,False
2586,3,train,1,False
2587,3,train,1,False
2588,3,train,2,False
2589,3,train,2,False
2590,3,train,0,False
2592,3,train,1,False
2593,3,val,1,True
2594,3,train,2,False
2595,3,train,1,False
2596,3,train,1,False
2598,3,train,1,False
2600,3,train,1,False
2601,3,train,0,False
2604,3,val,1,True
2605,3,train,1,False
2606,3,train,1,False
2607,3,train,0,False
2608,3,val,0,False
2609,3,val,0,False
2610,3,val,1,True
2613,3,train,1,False
2614,3,train,2,False
2615,3,val,1,True
2616,3,train,1,False
2617,3,train,0,False
2618,3,train,2,False
2619,3,val,1,False
2620,3,val,1,False
2622,3,val,1,False
2623,3,train,2,False
2624,3,train,2,False
2626,3,train,2,False
2628,3,train,2,False
2630,3,train,2,False
2631,3,train,1,False
2632,3,train,1,False
2634,3,train,1,False
2635,3,train,2,False
2636,3,val,1,False
2637,3,val,1,False
2638,3,train,1,False
2639,3,train,0,False
2640,3,train,1,False
2641,3,train,2,False
2642,3,train,2,False
2644,3,train,0,False
2645,3,train,1,False
2646,3,train,1,False
2647,3,train,2,False
2648,3,val,2,False
2649,3,train,1,False
2650,3,train,0,False
2651,3,train,2,False
2652,3,train,2,False
2653,3,train,2,False
2654,3,train,0,False
2655,3,train,1,False
2656,3,train,1,False
2657,3,val,1,False
2659,3,train,2,False
2660,3,train,2,False
2661,3,val,2,False
2662,3,train,1,False
2663,3,train,2,False
2664,3,val,1,False
2665,3,val,1,True
2666,3,train,1,False
2667,3,val,1,False
2668,3,train,2,False
2669,3,train,1,False
2671,3,val,0,False
2672,3,train,1,False
2673,3,train,0,False
2674,3,train,0,False
2675,3,val,2,False
2677,3,train,1,False
2678,3,train,2,False
2679,3,train,0,False
2680,3,train,2,False
2682,3,train,2,False
2683,3,train,2,False
2684,3,val,1,False
2685,3,val,1,False
2686,3,val,2,False
2687,3,train,1,False
2688,3,train,1,False
2689,3,train,0,False
2690,3,train,2,False
2691,3,val,2,False
2692,3,train,1,False
2693,3,val,2,False
2694,3,train,2,False
2695,3,train,2,False
2696,3,train,0,False
2697,3,train,0,False
2698,3,val,0,False
2699,3,val,1,False
2700,3,train,2,False
2701,3,val,1,True
2702,3,train,1,False
2704,3,train,2,False
2705,3,train,1,False
2706,3,val,1,True
2707,3,train,1,False
2708,3,val,1,True
2709,3,val,2,False
2710,3,val,1,True
2711,3,val,1,False
2712,3,val,2,False
2713,3,train,2,False
2714,3,train,1,False
2715,3,train,1,False
2716,3,train,1,False
2717,3,val,1,True
2718,3,train,1,False
2720,3,train,1,False
2721,3,train,0,False
2724,3,val,0,False
2726,3,train,1,False
2729,3,train,0,False
2732,3,train,0,False
2734,3,train,0,False
2735,3,train,1,False
2737,3,val,0,False
2738,3,train,1,False
2739,3,train,2,False
2740,3,train,0,False
2741,3,train,1,False
2742,3,train,1,False
2744,3,val,1,False
2745,3,train,1,False
2746,3,val,1,False
2747,3,train,1,False
2748,3,train,0,False
2749,3,train,1,False
2750,3,val,1,True
2751,3,train,1,False
2753,3,train,1,False
2754,3,train,1,False
2755,3,train,1,False
2756,3,train,1,False
2757,3,train,0,False
2759,3,val,0,False
2760,3,train,1,False
2762,3,val,1,True
2763,3,train,1,False
2764,3,train,0,False
2766,3,train,1,False
2767,3,val,1,False
2768,3,train,1,False
2771,3,train,2,False
2772,3,train,2,False
2775,3,val,2,False
2776,3,train,2,False
2777,3,val,1,False
2778,3,train,2,False
2779,3,train,1,False
2780,3,train,2,False
2781,3,train,0,False
2783,3,train,1,False
2785,3,train,2,False
2787,3,val,0,False
2788,3,train,1,False
2789,3,val,1,False
2790,3,train,1,False
2791,3,train,2,False
2792,3,train,1,False
2793,3,val,1,False
2794,3,train,0,False
2795,3,val,1,True
2799,3,val,0,False
2802,3,val,2,False
2804,3,train,0,False
2805,3,train,0,False
2806,3,train,0,False
2808,3,val,0,False
2810,3,train,0,False
2811,3,val,1,False
2814,3,train,0,False
2815,3,train,1,False
2816,3,train,0,False
2817,3,val,1,False
2818,3,val,0,False
2819,3,train,0,False
2820,3,val,1,True
2821,3,train,0,False
2822,3,train,0,False
2823,3,train,0,False
2825,3,train,0,False
2826,3,train,2,False
2827,3,val,0,False
2828,3,val,2,False
2829,3,val,2,False
2830,3,train,2,False
2831,3,train,0,False
2832,3,val,2,False
2833,3,train,2,False
2834,3,train,1,False
2835,3,train,2,False
2836,3,val,1,True
2837,3,train,1,False
2838,3,train,2,False
2839,3,train,1,False
2840,3,train,0,False
2841,3,train,2,False
2842,3,val,1,False
2843,3,val,2,False
2844,3,train,2,False
2845,3,train,2,False
2846,3,train,0,False
2848,3,train,2,False
2849,3,train,2,False
2850,3,train,0,False
2851,3,train,1,False
2852,3,train,1,False
2855,3,train,1,False
2856,3,val,2,False
2857,3,train,0,False
2858,3,train,0,False
2859,3,train,2,False
2860,3,train,1,False
2861,3,val,0,False
2862,3,train,2,False
2866,3,train,0,False
2867,3,val,1,True
2868,3,val,0,False
2869,3,train,0,False
2872,3,train,2,False
2875,3,val,1,False
2876,3,val,1,True
2877,3,train,2,False
2879,3,train,2,False
2880,3,train,1,False
2881,3,val,2,False
2883,3,val,2,False
2884,3,val,0,False
2885,3,train,1,False
2886,3,val,1,False
2887,3,train,0,False
2888,3,val,0,False
2889,3,val,1,True
2890,3,train,0,False
2891,3,train,0,False
2892,3,train,1,False
2893,3,train,2,False
2894,3,train,0,False
2896,3,val,0,False
2897,3,train,0,False
2898,3,train,0,False
2899,3,val,0,False
2900,3,val,0,False
2901,3,train,0,False
2902,3,train,2,False
2903,3,train,2,False
2904,3,train,2,False
2905,3,train,2,False
2906,3,train,2,False
2907,3,val,2,False
2910,3,train,2,False
2911,3,train,2,False
2913,3,train,2,False
2914,3,train,2,False
2916,3,train,0,False
2917,3,train,1,False
2918,3,train,2,False
2919,3,train,1,False
2920,3,val,1,False
2921,3,train,1,False
2922,3,val,1,False
2923,3,train,1,False
2924,3,train,0,False
2926,3,train,0,False
2927,3,train,1,False
2928,3,train,1,False
2929,3,train,0,False
2931,3,train,0,False
2933,3,train,0,False
2934,3,train,1,False
2936,3,train,2,False
2937,3,train,0,False
2938,3,train,0,False
2939,3,train,2,False
2940,3,val,0,False
2941,3,train,0,False
2942,3,train,0,False
2943,3,train,1,False
2944,3,val,1,True
2945,3,train,2,False
2946,3,train,2,False
2947,3,train,2,False
2948,3,val,1,True
2949,3,train,2,False
2950,3,val,2,False
2952,3,train,2,False
2953,3,val,1,True
2954,3,train,2,False
2955,3,train,2,False
2956,3,train,0,False
2957,3,train,0,False
2958,3,train,1,False
2959,3,train,0,False
2960,3,train,0,False
2961,3,train,0,False
2962,3,train,0,False
2963,3,train,0,False
2964,3,val,2,False
2965,3,train,1,False
2966,3,train,1,False
2967,3,train,2,False
2968,3,train,2,False
2969,3,train,1,False
2970,3,val,2,False
2972,3,train,2,False
2973,3,val,2,False
2974,3,train,0,False
2975,3,train,0,False
2976,3,train,2,False
2978,3,train,2,False
2979,3,train,1,False
2980,3,train,2,False
2982,3,val,2,False
2983,3,train,0,False
2985,3,train,0,False
2986,3,train,1,False
2987,3,train,2,False
2988,3,train,0,False
2989,3,train,2,False
2990,3,val,2,False
2992,3,val,1,False
2994,3,train,0,False
2996,3,train,0,False
2997,3,val,1,False
2998,3,train,2,False
2999,3,train,2,False
3000,3,val,0,False
3002,3,train,2,False
3003,3,val,2,False
3005,3,train,2,False
3006,3,train,2,False
3007,3,train,1,False
3008,3,train,1,False
3009,3,train,1,False
3010,3,train,2,False
3011,3,train,2,False
3012,3,train,2,False
3013,3,train,2,False
3014,3,train,0,False
3015,3,train,0,False
3016,3,train,0,False
3018,3,train,2,False
3019,3,train,2,False
3021,3,val,0,False
3023,3,train,1,False
3024,3,val,1,True
3025,3,train,1,False
3026,3,train,0,False
3027,3,val,1,False
3028,3,train,0,False
3029,3,train,0,False
3030,3,train,1,False
3032,3,val,1,True
3033,3,train,1,False
3034,3,train,0,False
3035,3,train,1,False
3036,3,val,2,False
3037,3,train,0,False
3041,3,train,0,False
3042,3,train,1,False
3043,3,train,1,False
3044,3,train,2,False
3045,3,train,1,False
3046,3,train,1,False
3047,3,train,2,False
3048,3,train,2,False
3050,3,train,2,False
3052,3,train,2,False
3053,3,train,2,False
3054,3,train,1,False
3057,3,train,1,False
3058,3,val,1,True
3060,3,train,0,False
3061,3,val,1,False
3062,3,train,1,False
3063,3,train,0,False
3064,3,train,2,False
3065,3,train,2,False
3066,3,val,2,False
3067,3,val,1,True
3068,3,train,2,False
3069,3,train,1,False
3070,3,train,0,False
3071,3,val,2,False
3072,3,train,0,False
3073,3,val,1,False
3074,3,train,1,False
3075,3,train,0,False
3076,3,train,2,False
3078,3,train,2,False
3079,3,val,1,False
3080,3,train,1,False
3081,3,val,2,False
3082,3,train,1,False
3083,3,train,2,False
3084,3,train,1,False
3085,3,train,1,False
3087,3,train,2,False
3088,3,train,1,False
3090,3,val,0,False
3091,3,train,2,False
3092,3,val,0,False
3093,3,train,1,False
3094,3,train,0,False
3095,3,train,1,False
3096,3,train,1,False
3097,3,train,1,False
3098,3,train,2,False
3099,3,train,1,False
3104,3,val,2,False
3105,3,train,2,False
3106,3,train,2,False
3108,3,train,0,False
3109,3,val,2,False
3110,3,train,0,False
3111,3,train,0,False
3112,3,train,2,False
3113,3,val,1,True
3114,3,train,1,False
3116,3,val,0,False
3118,3,train,1,False
3120,3,train,2,False
3121,3,train,1,False
3125,3,train,2,False
3127,3,train,1,False
3128,3,train,0,False
3130,3,train,2,False
3131,3,train,1,False
3132,3,val,0,False
3133,3,train,2,False
3134,3,val,0,False
3136,3,train,2,False
3137,3,train,0,False
3140,3,train,0,False
3142,3,train,2,False
3143,3,train,0,False
3144,3,train,1,False
3145,3,train,1,False
3146,3,val,1,False
3147,3,train,0,False
3148,3,train,2,False
3149,3,train,2,False
3150,3,train,1,False
3151,3,train,0,False
3152,3,train,2,False
3153,3,train,1,False
3154,3,train,2,False
3155,3,val,1,False
3157,3,train,2,False
3158,3,train,1,False
3159,3,train,2,False
3160,3,train,2,False
3162,3,train,2,False
3163,3,train,2,False
3164,3,train,2,False
3165,3,val,2,False
3166,3,train,2,False
3167,3,train,1,False
3168,3,train,1,False
3169,3,train,2,False
3170,3,train,1,False
3171,3,train,1,False
3172,3,train,2,False
3173,3,train,2,False
3174,3,val,2,False
3175,3,train,2,False
3176,3,train,2,False
3177,3,train,2,False
3178,3,train,1,False
3179,3,train,1,False
3180,3,val,0,False
3181,3,train,1,False
3182,3,train,1,False
3183,3,val,1,False
3184,3,train,1,False
3185,3,train,1,False
3186,3,train,2,False
3187,3,train,2,False
3188,3,train,2,False
3189,3,train,1,False
3190,3,train,2,False
3191,3,train,0,False
3192,3,train,2,False
3194,3,val,0,False
3195,3,train,0,False
3197,3,train,0,False
3198,3,train,0,False
3199,3,train,2,False
3200,3,train,1,False
3201,3,train,0,False
3202,3,val,2,False
3203,3,val,1,True
3206,3,train,1,False
3207,3,train,1,False
3208,3,train,1,False
3209,3,val,1,False
3210,3,train,1,False
3211,3,train,0,False
3212,3,val,2,False
3213,3,val,1,False
3214,3,train,1,False
3215,3,train,0,False
3216,3,val,0,False
3217,3,train,2,False
3218,3,train,1,False
3219,3,train,0,False
3220,3,train,0,False
3221,3,train,1,False
3222,3,train,1,False
3223,3,train,1,False
3224,3,train,2,False
3225,3,train,1,False
3226,3,val,1,False
3227,3,train,0,False
3228,3,train,2,False
3229,3,train,0,False
3230,3,train,1,False
3232,3,train,0,False
3233,3,val,2,False
3234,3,train,0,False
3235,3,train,2,False
3236,3,train,0,False
3237,3,train,2,False
3238,3,train,2,False
3239,3,train,2,False
3241,3,train,2,False
3242,3,train,2,False
3243,3,train,2,False
3244,3,train,2,False
3247,3,val,1,True
3248,3,train,2,False
3250,3,val,2,False
3251,3,train,1,False
3252,3,train,2,False
3253,3,val,2,False
3256,3,train,1,False
3257,3,val,1,True
3258,3,train,0,False
3260,3,val,2,False
3261,3,train,1,False
3262,3,train,1,False
3263,3,train,1,False
3264,3,train,1,False
3266,3,train,0,False
3267,3,val,0,False
3269,3,train,0,False
3271,3,val,2,False
3272,3,train,0,False
3273,3,train,0,False
3274,3,val,1,True
3275,3,train,1,False
3278,3,train,1,False
3280,3,val,1,False
3281,3,train,2,False
3282,3,val,1,True
3283,3,train,0,False
3284,3,train,0,False
3285,3,train,2,False
3287,3,train,2,False
3288,3,train,2,False
3289,3,train,2,False
3290,3,val,2,False
3291,3,train,0,False
3292,3,val,1,False
3293,3,train,2,False
3294,3,val,1,False
3298,3,train,0,False
3299,3,train,2,False
3300,3,train,0,False
3301,3,train,0,False
3302,3,train,0,False
3303,3,train,0,False
3304,3,train,0,False
3306,3,train,1,False
3307,3,val,1,False
3309,3,val,1,False
3311,3,val,2,False
3312,3,train,1,False
3313,3,val,2,False
3314,3,train,2,False
3315,3,train,2,False
3316,3,val,2,False
3317,3,train,1,False
3318,3,train,2,False
3319,3,train,2,False
3320,3,train,2,False
3321,3,train,2,False
3322,3,train,2,False
3323,3,val,1,False
3324,3,train,1,False
3325,3,train,1,False
3326,3,train,2,False
3327,3,val,2,False
3328,3,train,2,False
3329,3,train,2,False
3330,3,train,2,False
3331,3,train,2,False
3332,3,train,2,False
3333,3,train,2,False
3334,3,train,2,False
3335,3,train,2,False
3338,3,train,1,False
3340,3,val,1,False
3342,3,train,2,False
3343,3,val,2,False
3344,3,train,2,False
3345,3,train,2,False
3346,3,train,2,False
3347,3,train,2,False
3348,3,train,2,False
3349,3,train,1,False
3350,3,train,1,False
3351,3,train,2,False
3352,3,train,1,False
3353,3,train,2,False
3354,3,val,1,True
3355,3,train,2,False
3356,3,train,0,False
3358,3,val,1,True
3359,3,val,2,False
3360,3,val,1,True
3361,3,train,2,False
3362,3,train,2,False
3363,3,train,0,False
3364,3,train,0,False
3365,3,train,2,False
3368,3,val,1,False
3369,3,train,2,False
3370,3,train,2,False
3371,3,train,2,False
3375,3,train,1,False
3376,3,train,2,False
3378,3,train,2,False
3379,3,train,1,False
3381,3,val,2,False
3382,3,val,2,False
3383,3,train,1,False
3384,3,train,2,False
3386,3,train,2,False
3387,3,train,1,False
3389,3,train,1,False
3391,3,train,1,False
3392,3,train,1,False
3393,3,train,1,False
3394,3,train,2,False
3395,3,train,2,False
3397,3,val,2,False
3398,3,train,2,False
3399,3,train,2,False
3400,3,train,2,False
3401,3,train,2,False
3402,3,val,1,False
3403,3,train,2,False
3404,3,train,2,False
3405,3,train,1,False
3406,3,train,2,False
3407,3,train,1,False
3408,3,train,2,False
3409,3,train,0,False
3411,3,val,0,False
3412,3,train,0,False
3414,3,train,0,False
3415,3,train,0,False
3416,3,train,2,False
3417,3,train,1,False
3418,3,train,0,False
3419,3,train,1,False
3420,3,train,2,False
3421,3,val,2,False
3423,3,val,2,False
3424,3,train,2,False
3425,3,train,2,False
3426,3,train,2,False
3428,3,train,2,False
3429,3,train,1,False
3430,3,train,2,False
3431,3,train,2,False
3432,3,train,0,False
3433,3,train,2,False
3434,3,train,2,False
3435,3,train,2,False
3436,3,val,2,False
3437,3,train,2,False
3439,3,train,2,False
3440,3,train,2,False
3441,3,train,2,False
3442,3,train,2,False
3443,3,train,2,False
3444,3,train,2,False
3445,3,train,2,False
3446,3,train,2,False
3447,3,train,2,False
3448,3,val,2,False
3449,3,train,2,False
3450,3,train,1,False
3451,3,train,2,False
3452,3,train,2,False
3453,3,val,2,False
3454,3,train,2,False
3455,3,val,2,False
3456,3,train,2,False
3457,3,train,2,False
3458,3,val,2,False
3460,3,train,2,False
3461,3,train,2,False
3462,3,train,1,False
3463,3,train,2,False
3464,3,val,1,True
3466,3,val,2,False
3467,3,train,2,False
3468,3,train,2,False
3469,3,train,0,False
3470,3,train,2,False
3471,3,train,2,False
3473,3,train,1,False
3474,3,train,1,False
3475,3,train,2,False
3476,3,val,1,True
3478,3,train,2,False
3479,3,train,0,False
3480,3,train,2,False
3481,3,train,2,False
3482,3,val,2,False
3484,3,train,2,False
3485,3,train,2,False
3486,3,train,2,False
3487,3,train,2,False
3489,3,train,2,False
3490,3,train,2,False
3491,3,val,2,False
3492,3,val,2,False
3493,3,train,2,False
3494,3,train,2,False
3495,3,train,1,False
3496,3,val,2,False
3497,3,train,0,False
3498,3,val,0,False
3499,3,train,1,False
3500,3,val,2,False
3501,3,train,2,False
3502,3,train,2,False
3503,3,train,0,False
3504,3,train,1,False
3505,3,train,2,False
3506,3,train,2,False
3507,3,val,2,False
3508,3,train,1,False
3509,3,train,1,False
3511,3,train,2,False
3515,3,train,2,False
3516,3,train,2,False
3517,3,val,2,False
3518,3,val,1,True
3519,3,val,2,False
3520,3,train,2,False
3522,3,train,2,False
3524,3,train,2,False
3525,3,train,2,False
3527,3,train,2,False
3528,3,train,2,False
3529,3,train,2,False
3530,3,train,2,False
3531,3,train,2,False
3532,3,val,2,False
3533,3,train,2,False
3534,3,train,2,False
3535,3,train,2,False
3536,3,train,2,False
3537,3,train,2,False
3538,3,val,2,False
3539,3,train,2,False
3540,3,train,2,False
3541,3,train,2,False
3542,3,train,2,False
3543,3,train,1,False
3544,3,train,2,False
3545,3,train,2,False
3546,3,train,2,False
3547,3,train,2,False
3548,3,train,2,False
3549,3,val,2,False
3550,3,train,2,False
3551,3,train,2,False
3552,3,val,1,True
3553,3,val,2,False
3554,3,train,2,False
3555,3,val,2,False
3556,3,train,2,False
3557,3,train,2,False
3558,3,train,2,False
3559,3,val,2,False
3560,3,val,2,False
3561,3,train,1,False
3562,3,val,2,False
3563,3,train,2,False
3564,3,train,2,False
3565,3,train,2,False
3566,3,val,2,False
3567,3,train,2,False
3568,3,val,2,False
3569,3,train,2,False
3570,3,train,1,False
3571,3,train,2,False
3573,3,val,2,False
3574,3,train,2,False
3575,3,train,2,False
3576,3,train,2,False
3577,3,val,1,True
3578,3,train,2,False
3579,3,train,2,False
3580,3,train,2,False
3581,3,train,2,False
3583,3,train,1,False
3584,3,train,2,False
3585,3,val,2,False
3586,3,train,2,False
3587,3,train,1,False
3588,3,train,1,False
3590,3,train,1,False
3591,3,val,2,False
3592,3,train,2,False
3593,3,train,2,False
3594,3,train,2,False
3596,3,val,2,False
3597,3,train,2,False
3598,3,train,2,False
3599,3,train,1,False
3600,3,train,2,False
3601,3,train,2,False
3603,3,val,2,False
3604,3,train,2,False
3605,3,train,2,False
3606,3,train,2,False
3608,3,val,1,True
3610,3,val,0,False
3611,3,train,2,False
3612,3,train,2,False
3613,3,train,2,False
3614,3,train,0,False
3615,3,train,2,False
3616,3,train,2,False
3617,3,train,2,False
3619,3,val,2,False
3620,3,train,2,False
3621,3,train,2,False
3623,3,train,2,False
3624,3,train,1,False
3625,3,train,2,False
3628,3,train,1,False
3629,3,val,2,False
3630,3,train,1,False
3631,3,train,2,False
3632,3,val,1,False
3633,3,train,2,False
3634,3,train,2,False
3635,3,val,2,False
3636,3,train,1,False
3638,3,val,2,False
3639,3,train,1,False
3642,3,val,1,False
3643,3,train,1,False
3644,3,train,1,False
3645,3,train,1,False
3646,3,val,1,False
3647,3,train,0,False
3648,3,val,1,False
3650,3,train,1,False
3652,3,train,2,False
3653,3,val,1,True
3654,3,train,0,False
3655,3,val,1,False
3656,3,train,2,False
3657,3,train,1,False
3659,3,train,0,False
3661,3,val,0,False
3662,3,train,1,False
3663,3,train,0,False
3664,3,train,0,False
3665,3,val,1,True
3666,3,train,1,False
3667,3,val,0,False
3668,3,val,0,False
3669,3,train,0,False
3670,3,train,0,False
3671,3,train,2,False
3673,3,train,2,False
3674,3,train,1,False
3675,3,train,0,False
3677,3,train,2,False
3678,3,train,2,False
3679,3,train,0,False
3680,3,train,0,False
3681,3,train,1,False
3682,3,train,0,False
3683,3,train,0,False
3684,3,val,0,False
3685,3,train,0,False
3686,3,train,0,False
3688,3,train,1,False
3689,3,train,1,False
3690,3,train,1,False
3691,3,train,0,False
3692,3,val,1,False
3693,3,train,0,False
3694,3,train,0,False
3696,3,train,0,False
3697,3,train,2,False
3698,3,train,2,False
3699,3,train,2,False
3700,3,train,0,False
3701,3,train,1,False
3702,3,train,0,False
3703,3,train,0,False
3705,3,train,0,False
3706,3,train,1,False
3707,3,train,1,False
3708,3,train,0,False
3709,3,train,0,False
3710,3,train,0,False
3711,3,train,0,False
3712,3,val,0,False
3713,3,val,0,False
3715,3,val,1,True
3716,3,val,1,False
3717,3,val,1,False
3718,3,val,0,False
3719,3,train,1,False
3720,3,val,0,False
3721,3,train,0,False
3722,3,train,1,False
3723,3,train,0,False
3724,3,val,0,False
3726,3,val,0,False
3728,3,train,0,False
3729,3,val,0,False
3730,3,val,0,False
3731,3,train,0,False
3732,3,val,0,False
3733,3,train,0,False
3734,3,train,0,False
3735,3,train,0,False
3736,3,train,0,False
3737,3,train,2,False
3738,3,train,2,False
3739,3,val,1,True
3740,3,val,1,True
3741,3,val,1,False
3744,3,train,2,False
3745,3,train,1,False
3746,3,train,0,False
3747,3,train,1,False
3750,3,train,0,False
3751,3,val,1,False
3753,3,train,0,False
3754,3,val,1,True
3756,3,val,0,False
3757,3,train,0,False
3758,3,train,2,False
3759,3,val,0,False
3761,3,val,0,False
3763,3,val,1,True
3766,3,train,0,False
3767,3,val,0,False
3768,3,train,0,False
3769,3,train,0,False
3770,3,val,0,False
3771,3,val,1,False
3772,3,train,0,False
3773,3,train,1,False
3774,3,train,0,False
3775,3,train,1,False
3776,3,train,1,False
3777,3,train,1,False
3778,3,val,0,False
3779,3,train,0,False
3780,3,train,0,False
3783,3,train,1,False
3784,3,train,0,False
3785,3,val,1,False
3787,3,val,0,False
3788,3,train,0,False
3789,3,train,0,False
3791,3,val,0,False
3792,3,val,1,False
3793,3,train,0,False
3794,3,train,0,False
3795,3,train,0,False
3796,3,val,1,True
3797,3,train,0,False
3798,3,train,0,False
3799,3,train,0,False
3800,3,train,0,False
3802,3,train,0,False
3804,3,train,0,False
3805,3,train,0,False
3806,3,train,2,False
3807,3,train,1,False
3808,3,val,0,False
3809,3,val,1,False
3810,3,val,1,True
3811,3,val,0,False
3812,3,train,0,False
3813,3,val,1,True
3814,3,val,1,False
3815,3,train,0,False
3817,3,train,1,False
3818,3,val,0,False
3821,3,train,0,False
3822,3,train,0,False
3823,3,train,1,False
3824,3,train,0,False
3825,3,train,0,False
3826,3,train,0,False
3827,3,train,0,False
3828,3,train,1,False
3829,3,train,0,False
3830,3,train,0,False
3831,3,train,0,False
3832,3,train,0,False
3833,3,train,0,False
3834,3,val,1,False
3838,3,val,1,True
3839,3,val,1,False
3841,3,train,0,False
3842,3,train,1,False
3843,3,train,1,False
3845,3,train,1,False
3846,3,val,1,False
3847,3,val,0,False
3848,3,train,1,False
3849,3,train,0,False
3850,3,val,0,False
3851,3,train,1,False
3852,3,train,1,False
3853,3,train,1,False
3854,3,train,0,False
3855,3,train,0,False
3856,3,train,0,False
3857,3,train,0,False
3858,3,val,0,False
3859,3,train,0,False
3860,3,val,1,False
3864,3,train,2,False
3865,3,train,0,False
3867,3,train,0,False
3868,3,train,0,False
3869,3,train,0,False
3872,3,val,1,True
3874,3,train,0,False
3875,3,train,1,False
3876,3,train,0,False
3877,3,train,1,False
3878,3,train,0,False
3879,3,train,0,False
3880,3,train,1,False
3881,3,train,1,False
3882,3,train,1,False
3884,3,train,0,False
3887,3,val,0,False
3888,3,train,0,False
3889,3,train,0,False
3890,3,train,0,False
3891,3,train,0,False
3892,3,train,0,False
3893,3,train,0,False
3894,3,train,0,False
3895,3,train,1,False
3896,3,train,0,False
3898,3,train,1,False
3899,3,train,0,False
3900,3,train,0,False
3901,3,train,0,False
3902,3,train,1,False
3903,3,val,1,True
3905,3,val,0,False
3907,3,train,1,False
3908,3,train,1,False
3909,3,train,0,False
3910,3,val,0,False
3911,3,train,1,False
3915,3,train,2,False
3917,3,train,2,False
3918,3,train,2,False
3920,3,val,1,True
3921,3,val,1,False
3924,3,train,1,False
3925,3,train,2,False
3926,3,val,1,False
3927,3,val,1,False
3929,3,train,2,False
3930,3,train,1,False
3933,3,train,2,False
3935,3,val,1,True
3936,3,train,2,False
3938,3,train,1,False
3939,3,train,1,False
3940,3,val,0,False
3941,3,train,1,False
3942,3,train,1,False
3944,3,train,1,False
3946,3,train,1,False
3947,3,train,0,False
3948,3,val,1,True
3949,3,train,0,False
3951,3,train,0,False
3954,3,val,0,False
3955,3,val,0,False
3956,3,val,0,False
3957,3,train,0,False
3959,3,train,0,False
3961,3,train,0,False
3963,3,train,1,False
3964,3,train,0,False
3967,3,train,0,False
3969,3,train,1,False
3970,3,val,2,False
3971,3,val,1,True
3972,3,val,2,False
3973,3,train,1,False
3974,3,val,2,False
3976,3,val,1,True
3977,3,val,1,True
3978,3,train,0,False
3979,3,val,1,True
3980,3,val,1,False
3981,3,val,2,False
3984,3,train,2,False
3985,3,val,1,True
3987,3,val,1,False
3988,3,train,2,False
3989,3,train,1,False
3990,3,val,1,True
3991,3,val,0,False
3992,3,train,0,False
3993,3,val,1,True
3994,3,train,1,False
3995,3,train,0,False
3996,3,val,1,True
3997,3,train,1,False
3998,3,train,1,False
4000,3,train,0,False
4001,3,train,0,False
4002,3,train,1,False
4007,3,val,0,False
4008,3,train,0,False
4009,3,train,1,False
4010,3,train,0,False
4011,3,train,0,False
4015,3,train,1,False
4017,3,train,2,False
4018,3,val,1,True
4019,3,train,2,False
4021,3,train,0,False
4022,3,train,1,False
4023,3,train,2,False
4024,3,train,2,False
4025,3,train,2,False
4026,3,train,2,False
4027,3,val,1,True
4028,3,train,1,False
4032,3,val,1,False
4033,3,val,1,True
4034,3,val,1,True
4036,3,train,2,False
4038,3,train,1,False
4041,3,train,1,False
4042,3,train,2,False
4043,3,train,1,False
4044,3,train,0,False
4046,3,train,1,False
4047,3,train,1,False
4048,3,val,1,True
4049,3,train,1,False
4051,3,train,0,False
4053,3,train,1,False
4056,3,train,2,False
4057,3,val,1,True
4058,3,train,1,False
4059,3,train,0,False
4060,3,train,0,False
4061,3,train,1,False
4062,3,val,1,False
4063,3,train,1,False
4064,3,train,0,False
4065,3,val,1,False
4066,3,train,2,False
4067,3,train,1,False
4068,3,train,0,False
4070,3,val,1,False
4073,3,val,1,False
4074,3,train,1,False
4075,3,train,0,False
4077,3,train,0,False
4078,3,train,1,False
4079,3,train,1,False
4080,3,train,1,False
4082,3,val,0,False
4083,3,train,0,False
4084,3,train,1,False
4085,3,train,2,False
4086,3,train,0,False
4087,3,train,1,False
4088,3,val,2,False
4090,3,train,1,False
4092,3,train,1,False
4093,3,train,1,False
4094,3,train,0,False
4096,3,val,1,False
4097,3,train,1,False
4098,3,train,1,False
4099,3,train,0,False
4100,3,train,1,False
4101,3,val,2,False
4102,3,val,0,False
4103,3,train,0,False
4105,3,val,1,True
4106,3,val,1,False
4107,3,val,1,False
4108,3,train,1,False
4109,3,train,0,False
4111,3,val,1,False
4112,3,train,0,False
4113,3,train,1,False
4115,3,train,0,False
4116,3,val,0,False
4117,3,val,0,False
4118,3,train,0,False
4119,3,val,2,False
4120,3,train,0,False
4121,3,train,1,False
4123,3,train,1,False
4124,3,train,1,False
4126,3,val,1,True
4129,3,val,1,True
4131,3,train,2,False
4132,3,train,2,False
4134,3,train,2,False
4135,3,val,1,True
4136,3,val,1,False
4137,3,train,1,False
4138,3,train,1,False
4139,3,train,1,False
4140,3,val,1,False
4141,3,train,1,False
4142,3,train,1,False
4143,3,train,0,False
4144,3,val,1,False
4145,3,val,1,False
4146,3,train,0,False
4147,3,train,0,False
4148,3,val,1,True
4149,3,train,1,False
4150,3,train,1,False
4152,3,val,0,False
4154,3,train,0,False
4155,3,val,1,True
4156,3,train,0,False
4157,3,train,1,False
4158,3,train,2,False
4159,3,val,1,True
4160,3,train,0,False
4161,3,val,0,False
4162,3,train,1,False
4163,3,train,2,False
4164,3,train,1,False
4165,3,train,2,False
4166,3,val,0,False
4167,3,train,2,False
4168,3,train,2,False
4169,3,val,1,False
4170,3,train,2,False
4171,3,train,1,False
4174,3,train,1,False
4175,3,train,0,False
4176,3,val,1,True
4178,3,train,1,False
4179,3,train,2,False
4180,3,train,2,False
4181,3,train,2,False
4182,3,train,0,False
4183,3,train,0,False
4185,3,val,1,True
4186,3,train,1,False
4187,3,val,1,True
4188,3,val,1,False
4189,3,train,1,False
4191,3,train,0,False
4192,3,train,2,False
4193,3,train,0,False
4194,3,val,1,False
4196,3,val,1,True
4197,3,train,1,False
4199,3,val,0,False
4200,3,train,1,False
4204,3,train,0,False
4205,3,train,0,False
4207,3,train,2,False
4208,3,train,1,False
4209,3,val,1,True
4210,3,val,1,False
4211,3,val,2,False
4212,3,train,2,False
4213,3,train,2,False
4214,3,train,2,False
4215,3,train,2,False
4216,3,val,2,False
4217,3,train,1,False
4218,3,train,2,False
4219,3,val,2,False
4220,3,train,0,False
4221,3,train,2,False
4222,3,val,2,False
4223,3,train,1,False
4224,3,train,2,False
4225,3,val,0,False
4227,3,val,1,True
4229,3,train,0,False
4230,3,train,1,False
4231,3,train,0,False
4233,3,train,0,False
4234,3,val,0,False
4240,3,train,0,False
4241,3,val,1,False
4242,3,val,0,False
4243,3,val,1,True
4244,3,train,0,False
4245,3,val,1,False
4246,3,train,1,False
4247,3,train,1,False
4249,3,val,1,False
4250,3,train,1,False
4252,3,val,1,False
4253,3,train,0,False
4254,3,train,0,False
4255,3,train,1,False
4256,3,train,1,False
4257,3,train,0,False
4258,3,val,1,False
4262,3,val,1,False
4263,3,train,2,False
4264,3,train,2,False
4265,3,train,0,False
4266,3,train,1,False
4267,3,val,1,False
4269,3,train,0,False
4270,3,train,1,False
4271,3,train,1,False
4273,3,train,0,False
4274,3,train,1,False
4275,3,train,0,False
4276,3,train,2,False
4277,3,train,0,False
4278,3,train,0,False
4282,3,train,1,False
4283,3,train,2,False
4284,3,train,0,False
4285,3,train,1,False
4287,3,train,1,False
4288,3,train,1,False
4289,3,val,1,False
4290,3,train,1,False
4292,3,train,2,False
4293,3,train,1,False
4295,3,train,0,False
4296,3,val,1,False
4298,3,val,1,True
4299,3,train,1,False
4301,3,train,2,False
4302,3,val,1,False
4303,3,val,1,True
4304,3,val,1,False
4305,3,val,0,False
4306,3,train,2,False
4307,3,train,1,False
4309,3,train,1,False
4311,3,val,1,False
4312,3,val,2,False
4315,3,train,1,False
4318,3,train,1,False
4319,3,train,0,False
4320,3,train,0,False
4322,3,train,1,False
4323,3,val,1,True
4324,3,val,0,False
4326,3,train,0,False
4328,3,train,0,False
4330,3,train,2,False
4331,3,train,1,False
4332,3,val,2,False
4333,3,train,1,False
4334,3,train,1,False
4335,3,val,1,False
4336,3,train,0,False
4337,3,train,0,False
4338,3,train,1,False
4339,3,train,1,False
4340,3,train,1,False
4342,3,train,2,False
4343,3,train,1,False
4345,3,train,1,False
4346,3,train,1,False
4348,3,train,1,False
4349,3,val,1,False
4350,3,train,1,False
4351,3,train,0,False
4353,3,val,1,True
4354,3,train,1,False
4355,3,val,1,False
4356,3,train,2,False
4357,3,train,1,False
4358,3,val,1,True
4359,3,train,1,False
4361,3,val,0,False
4362,3,val,2,False
4364,3,train,0,False
4365,3,train,0,False
4367,3,train,0,False
4368,3,val,1,True
4369,3,train,1,False
4370,3,train,0,False
4371,3,train,0,False
4372,3,train,0,False
4373,3,train,0,False
4375,3,train,2,False
4377,3,train,2,False
4378,3,train,0,False
4379,3,val,1,True
4381,3,val,2,False
4382,3,train,2,False
4383,3,train,0,False
4385,3,train,2,False
4387,3,val,1,True
4388,3,val,0,False
4389,3,train,0,False
4390,3,train,0,False
4392,3,train,0,False
4393,3,train,1,False
4394,3,val,0,False
4395,3,train,1,False
4396,3,val,1,False
4397,3,val,1,False
4402,3,train,0,False
4404,3,val,1,True
4406,3,val,1,False
4407,3,train,0,False
4409,3,train,0,False
4411,3,train,1,False
4414,3,train,2,False
4415,3,train,2,False
4416,3,train,0,False
4417,3,train,0,False
4418,3,val,1,False
4419,3,train,1,False
4420,3,val,2,False
4421,3,train,0,False
4422,3,train,1,False
4425,3,train,0,False
4426,3,val,0,False
4427,3,train,0,False
4428,3,val,0,False
4429,3,train,0,False
4431,3,train,0,False
4432,3,train,1,False
4433,3,train,0,False
4435,3,val,0,False
4436,3,val,1,True
4437,3,val,1,False
4438,3,train,2,False
4439,3,train,2,False
4440,3,train,2,False
4441,3,train,0,False
4442,3,train,2,False
4443,3,train,0,False
4447,3,val,0,False
4448,3,val,1,True
4449,3,train,2,False
4450,3,train,0,False
4453,3,train,0,False
4454,3,train,1,False
4455,3,val,1,False
4456,3,val,1,True
4457,3,train,1,False
4458,3,train,2,False
4459,3,train,1,False
4461,3,train,1,False
4462,3,train,2,False
4463,3,train,0,False
4464,3,train,1,False
4467,3,train,1,False
4468,3,train,0,False
4469,3,train,0,False
4471,3,train,0,False
4472,3,train,0,False
4473,3,train,1,False
4474,3,val,1,False
4475,3,train,0,False
4476,3,train,0,False
4477,3,train,0,False
4478,3,train,0,False
4479,3,train,0,False
4480,3,train,1,False
4481,3,train,1,False
4484,3,val,2,False
4485,3,train,2,False
4487,3,val,1,True
4488,3,val,1,False
4490,3,val,1,False
4491,3,train,1,False
4492,3,train,1,False
4493,3,val,1,True
4496,3,train,1,False
4497,3,train,0,False
4498,3,val,0,False
4499,3,train,0,False
4503,3,train,1,False
4504,3,train,0,False
4505,3,val,1,True
4506,3,train,0,False
4507,3,train,1,False
4508,3,train,1,False
4509,3,val,1,False
4510,3,val,1,False
4511,3,train,0,False
4513,3,train,2,False
4514,3,train,0,False
4516,3,train,1,False
4517,3,train,1,False
4518,3,train,1,False
4519,3,val,1,False
4520,3,train,1,False
4522,3,train,1,False
4523,3,train,2,False
4524,3,train,0,False
4526,3,train,1,False
4527,3,train,1,False
4528,3,val,1,False
4529,3,train,1,False
4530,3,train,1,False
4531,3,train,1,False
4532,3,train,2,False
4533,3,train,0,False
4534,3,train,2,False
4536,3,train,1,False
4538,3,train,1,False
4539,3,val,1,False
4540,3,train,1,False
4541,3,train,1,False
4543,3,val,0,False
4544,3,train,1,False
4545,3,train,0,False
4546,3,train,1,False
4547,3,val,1,False
4548,3,train,1,False
4549,3,train,0,False
4550,3,train,0,False
4551,3,val,0,False
4553,3,val,0,False
4554,3,train,1,False
4555,3,train,0,False
4556,3,train,0,False
4558,3,train,0,False
4559,3,train,0,False
4560,3,val,0,False
4563,3,train,1,False
4564,3,train,1,False
4566,3,train,1,False
4567,3,train,1,False
4568,3,val,1,False
4569,3,val,1,False
4570,3,val,0,False
4571,3,val,1,False
4572,3,train,2,False
4574,3,train,1,False
4576,3,train,1,False
4577,3,train,2,False
4578,3,val,2,False
4579,3,val,1,False
4580,3,train,1,False
4581,3,train,1,False
4585,3,train,1,False
4586,3,val,1,True
4587,3,train,2,False
4588,3,train,0,False
4589,3,train,1,False
4590,3,train,1,False
4591,3,train,1,False
4593,3,val,0,False
4594,3,train,1,False
4595,3,train,0,False
4596,3,train,1,False
4597,3,train,2,False
4598,3,val,1,True
4599,3,train,0,False
4600,3,val,0,False
4601,3,val,1,False
4602,3,train,0,False
4603,3,val,2,False
4604,3,train,2,False
4606,3,val,1,False
4607,3,train,1,False
4609,3,val,2,False
4610,3,train,2,False
4611,3,train,2,False
4612,3,train,1,False
4613,3,train,2,False
4614,3,train,1,False
4615,3,train,2,False
4616,3,train,2,False
4619,3,train,1,False
4621,3,train,0,False
4622,3,train,1,False
4623,3,train,0,False
4624,3,train,0,False
4626,3,val,1,False
4627,3,train,2,False
4628,3,train,0,False
4629,3,train,0,False
4630,3,train,2,False
4633,3,train,1,False
4634,3,train,1,False
4635,3,train,1,False
4637,3,val,1,True
4638,3,train,1,False
4639,3,train,1,False
4640,3,val,2,False
4641,3,val,2,False
4643,3,val,2,False
4644,3,val,1,False
4646,3,val,2,False
4648,3,train,1,False
4649,3,train,2,False
4650,3,train,2,False
4651,3,val,1,True
4652,3,train,1,False
4653,3,train,2,False
4654,3,val,1,False
4655,3,train,2,False
4656,3,val,2,False
4657,3,train,0,False
4658,3,train,1,False
4659,3,val,1,False
4660,3,train,2,False
4662,3,train,2,False
4663,3,train,1,False
4665,3,train,0,False
4666,3,train,1,False
4667,3,train,0,False
4668,3,train,2,False
4670,3,train,2,False
4672,3,train,1,False
4674,3,val,1,False
4676,3,val,0,False
4678,3,train,1,False
4679,3,train,1,False
4680,3,val,2,False
4681,3,val,1,False
4682,3,train,2,False
4683,3,train,1,False
4684,3,train,0,False
4685,3,train,1,False
4687,3,train,1,False
4688,3,train,1,False
4689,3,train,2,False
4690,3,val,2,False
4691,3,train,1,False
4692,3,train,2,False
4693,3,train,0,False
4694,3,train,1,False
4695,3,val,1,True
4696,3,val,1,True
4697,3,train,2,False
4699,3,train,2,False
4700,3,train,1,False
4703,3,train,1,False
4704,3,train,1,False
4705,3,train,1,False
4707,3,train,0,False
4708,3,train,0,False
4709,3,train,1,False
4714,3,train,0,False
4715,3,train,1,False
4716,3,train,1,False
4717,3,train,2,False
4718,3,train,1,False
4719,3,val,1,False
4721,3,train,0,False
4723,3,train,2,False
4725,3,train,1,False
4726,3,train,1,False
4727,3,train,1,False
4728,3,train,0,False
4731,3,train,1,False
4732,3,train,2,False
4735,3,train,1,False
4736,3,val,1,False
4737,3,train,1,False
4738,3,train,1,False
4740,3,train,0,False
4741,3,val,1,True
4742,3,train,2,False
4744,3,train,2,False
4745,3,train,2,False
4747,3,train,1,False
4748,3,train,2,False
4749,3,val,1,False
4750,3,train,1,False
4751,3,train,0,False
4753,3,val,1,True
4754,3,train,0,False
4755,3,train,1,False
4758,3,train,1,False
4759,3,val,1,True
4761,3,train,1,False
4762,3,train,0,False
4763,3,train,0,False
4764,3,train,0,False
4766,3,train,1,False
4767,3,train,1,False
4768,3,train,0,False
4770,3,val,1,False
4771,3,train,0,False
4772,3,train,1,False
4773,3,train,1,False
4775,3,train,1,False
4776,3,train,1,False
4778,3,train,0,False
4779,3,train,0,False
4780,3,val,1,False
4781,3,train,1,False
4783,3,train,1,False
4784,3,train,0,False
4785,3,train,0,False
4786,3,train,1,False
4787,3,train,0,False
4788,3,train,2,False
4789,3,val,2,False
4791,3,train,1,False
4792,3,train,0,False
4793,3,train,2,False
4794,3,train,0,False
4795,3,val,1,True
4796,3,train,2,False
4797,3,train,1,False
4798,3,train,1,False
4799,3,train,1,False
4800,3,train,0,False
4801,3,train,1,False
4802,3,val,1,True
4803,3,val,0,False
4804,3,train,2,False
4805,3,train,0,False
4806,3,train,1,False
4807,3,val,1,False
4808,3,train,1,False
4811,3,train,0,False
4813,3,train,0,False
4815,3,train,0,False
4816,3,val,0,False
4817,3,train,2,False
4818,3,train,1,False
4820,3,train,0,False
4821,3,val,2,False
4822,3,train,1,False
4823,3,train,2,False
4825,3,train,2,False
4826,3,val,1,True
4827,3,train,1,False
4828,3,val,2,False
4829,3,train,2,False
4830,3,train,2,False
4832,3,train,1,False
4833,3,train,2,False
4834,3,val,2,False
4836,3,train,1,False
4837,3,train,1,False
4838,3,train,1,False
4840,3,train,1,False
4841,3,train,1,False
4842,3,val,1,False
4844,3,train,1,False
4845,3,train,0,False
4846,3,train,1,False
4847,3,val,1,True
4850,3,val,1,True
4851,3,train,1,False
4852,3,train,2,False
4853,3,train,1,False
4856,3,train,2,False
4857,3,train,2,False
4858,3,train,2,False
4859,3,train,1,False
4860,3,train,0,False
4861,3,val,1,True
4862,3,train,0,False
4863,3,train,1,False
4864,3,train,0,False
4865,3,train,1,False
4866,3,train,0,False
4867,3,val,0,False
4868,3,train,0,False
4869,3,train,0,False
4870,3,train,1,False
4871,3,train,2,False
4872,3,val,1,False
4873,3,train,1,False
4874,3,train,1,False
4876,3,train,0,False
4877,3,train,1,False
4878,3,train,0,False
4879,3,train,1,False
4881,3,train,0,False
4882,3,train,1,False
4883,3,val,1,True
4884,3,val,0,False
4885,3,val,1,False
4886,3,train,1,False
4887,3,val,1,False
4888,3,train,2,False
4889,3,train,0,False
4890,3,val,1,False
4891,3,train,2,False
4894,3,train,1,False
4895,3,train,0,False
4896,3,train,1,False
4897,3,train,1,False
4898,3,val,2,False
4899,3,val,1,False
4900,3,train,1,False
4901,3,train,1,False
4902,3,train,1,False
4903,3,train,0,False
4904,3,train,1,False
4905,3,val,1,True
4906,3,train,1,False
4907,3,train,2,False
4908,3,train,2,False
4909,3,val,1,True
4910,3,train,0,False
4911,3,val,0,False
4914,3,val,0,False
4915,3,train,0,False
4917,3,train,2,False
4919,3,train,1,False
4920,3,train,1,False
4921,3,train,1,False
4922,3,val,1,True
4923,3,val,1,True
4924,3,val,0,False
4925,3,train,0,False
4926,3,val,1,True
4927,3,train,1,False
4928,3,train,0,False
4930,3,val,0,False
4933,3,train,2,False
4934,3,val,0,False
4935,3,train,1,False
4936,3,val,0,False
4937,3,train,1,False
4938,3,train,0,False
4939,3,train,2,False
4940,3,train,0,False
4942,3,train,2,False
4943,3,val,1,True
4944,3,train,1,False
4945,3,val,0,False
4946,3,train,1,False
4948,3,train,1,False
4949,3,train,0,False
4950,3,train,1,False
4951,3,val,1,False
4952,3,train,1,False
4957,3,val,1,False
4958,3,train,1,False
4959,3,train,2,False
4960,3,train,2,False
4961,3,train,2,False
4962,3,train,2,False
4963,3,train,0,False
4964,3,train,0,False
4965,3,train,0,False
4966,3,val,0,False
4967,3,val,0,False
4968,3,val,0,False
4969,3,train,0,False
4970,3,train,0,False
4971,3,train,1,False
4974,3,train,0,False
4975,3,train,1,False
4977,3,train,2,False
4978,3,train,0,False
4980,3,val,0,False
4982,3,val,1,True
4984,3,train,2,False
4985,3,train,2,False
4986,3,train,2,False
4988,3,train,1,False
4989,3,train,1,False
4991,3,val,1,True
4992,3,train,0,False
4994,3,val,1,False
4995,3,train,2,False
4999,3,val,2,False
5002,3,train,2,False
5003,3,train,2,False
5004,3,val,1,False
5005,3,train,0,False
5007,3,train,2,False
5008,3,val,2,False
5009,3,train,2,False
5010,3,train,2,False
5012,3,train,1,False
5013,3,val,2,False
5014,3,val,1,True
5015,3,val,1,True
5016,3,train,0,False
5017,3,val,2,False
5019,3,val,2,False
5020,3,val,1,True
5022,3,val,1,True
5023,3,train,0,False
5024,3,train,1,False
5027,3,train,0,False
5028,3,train,1,False
5029,3,val,1,True
5030,3,train,1,False
5031,3,val,2,False
5032,3,train,0,False
5034,3,train,1,False
5035,3,train,1,False
5036,3,train,2,False
5037,3,train,1,False
5039,3,train,0,False
5040,3,train,0,False
5041,3,train,0,False
5042,3,train,0,False
5044,3,train,0,False
5045,3,val,0,False
5046,3,train,0,False
5047,3,val,0,False
5048,3,val,1,False
5049,3,train,1,False
5050,3,val,0,False
5052,3,train,1,False
5054,3,train,1,False
5056,3,train,1,False
5057,3,train,0,False
5058,3,train,1,False
5060,3,val,1,False
5061,3,train,0,False
5062,3,train,1,False
5063,3,train,1,False
5065,3,train,1,False
5066,3,train,0,False
5067,3,train,1,False
5068,3,train,1,False
5069,3,train,0,False
5070,3,val,1,False
5072,3,train,1,False
5073,3,train,0,False
5075,3,val,1,True
5076,3,val,0,False
5077,3,train,1,False
5078,3,train,0,False
5080,3,train,1,False
2,4,train,2,False
3,4,train,2,False
4,4,train,1,False
5,4,val,2,False
6,4,train,2,False
7,4,train,2,False
8,4,val,1,False
9,4,train,2,False
11,4,train,0,False
12,4,train,2,False
14,4,train,0,False
15,4,train,0,False
16,4,train,2,False
17,4,val,0,False
18,4,val,0,False
19,4,train,0,False
20,4,train,0,False
21,4,train,1,False
23,4,train,1,False
24,4,val,0,False
25,4,train,0,False
26,4,train,0,False
27,4,train,0,False
28,4,train,0,False
29,4,train,1,False
30,4,train,0,False
32,4,train,0,False
33,4,train,0,False
34,4,val,0,False
35,4,train,1,False
38,4,train,1,False
39,4,train,0,False
40,4,val,0,False
43,4,val,0,False
45,4,val,1,False
46,4,train,0,False
47,4,val,0,False
48,4,train,0,False
49,4,val,0,False
50,4,train,0,False
51,4,train,0,False
52,4,train,1,False
54,4,val,0,False
55,4,train,1,False
57,4,train,0,False
58,4,val,1,True
59,4,train,0,False
62,4,train,0,False
63,4,train,0,False
64,4,train,0,False
65,4,train,0,False
66,4,val,0,False
67,4,train,0,False
68,4,train,0,False
69,4,train,0,False
70,4,train,0,False
71,4,train,0,False
72,4,train,0,False
73,4,train,1,False
74,4,train,2,False
75,4,val,1,False
76,4,val,1,False
77,4,train,0,False
78,4,train,0,False
79,4,train,0,False
80,4,val,0,False
81,4,train,1,False
82,4,val,1,True
83,4,train,1,False
84,4,train,1,False
85,4,train,0,False
86,4,train,0,False
87,4,train,2,False
88,4,val,1,True
89,4,train,0,False
91,4,train,0,False
92,4,train,0,False
93,4,val,0,False
95,4,train,1,False
96,4,train,0,False
97,4,train,0,False
98,4,train,0,False
99,4,train,0,False
100,4,train,1,False
101,4,train,0,False
103,4,train,0,False
105,4,train,0,False
106,4,train,0,False
107,4,train,1,False
108,4,val,0,False
109,4,train,0,False
110,4,val,0,False
111,4,val,0,False
112,4,train,0,False
113,4,val,0,False
114,4,train,1,False
115,4,train,0,False
116,4,train,0,False
117,4,train,1,False
118,4,train,0,False
119,4,train,0,False
120,4,train,0,False
121,4,val,0,False
122,4,train,0,False
123,4,train,0,False
124,4,train,0,False
125,4,train,0,False
126,4,train,0,False
127,4,train,0,False
128,4,train,0,False
130,4,train,0,False
131,4,train,0,False
133,4,train,1,False
134,4,train,1,False
135,4,train,1,False
136,4,train,0,False
137,4,train,1,False
139,4,val,0,False
140,4,train,1,False
141,4,val,1,True
142,4,train,0,False
143,4,train,0,False
144,4,train,0,False
145,4,train,0,False
147,4,train,0,False
148,4,train,0,False
149,4,val,1,True
150,4,val,0,False
151,4,train,0,False
152,4,train,0,False
153,4,train,0,False
154,4,train,0,False
155,4,val,0,False
156,4,train,0,False
157,4,train,0,False
158,4,train,0,False
159,4,train,1,False
160,4,train,0,False
161,4,train,0,False
162,4,train,0,False
163,4,train,0,False
165,4,val,1,True
166,4,train,1,False
167,4,train,0,False
168,4,train,0,False
170,4,train,0,False
171,4,train,0,False
172,4,train,1,False
173,4,train,0,False
174,4,train,1,False
176,4,train,0,False
177,4,val,1,False
179,4,train,1,False
180,4,train,0,False
181,4,train,1,False
182,4,val,0,False
185,4,train,0,False
186,4,train,0,False
187,4,train,0,False
188,4,val,1,False
189,4,train,0,False
190,4,train,0,False
191,4,train,0,False
192,4,train,0,False
194,4,train,0,False
196,4,train,1,False
197,4,val,0,False
198,4,train,2,False
199,4,train,0,False
201,4,train,0,False
202,4,train,0,False
204,4,train,0,False
205,4,train,0,False
206,4,train,0,False
207,4,train,0,False
208,4,train,0,False
209,4,train,0,False
210,4,train,0,False
211,4,train,0,False
212,4,train,0,False
213,4,train,0,False
214,4,val,0,False
215,4,train,0,False
216,4,train,0,False
217,4,val,0,False
218,4,train,1,False
220,4,train,1,False
222,4,train,0,False
223,4,train,0,False
224,4,train,0,False
225,4,train,0,False
226,4,val,0,False
227,4,train,1,False
228,4,train,0,False
229,4,train,0,False
230,4,train,0,False
231,4,train,2,False
233,4,train,0,False
235,4,train,1,False
236,4,train,0,False
238,4,train,0,False
239,4,val,0,False
240,4,train,0,False
241,4,train,2,False
242,4,train,0,False
243,4,train,0,False
244,4,train,0,False
245,4,train,0,False
246,4,train,0,False
247,4,val,0,False
249,4,train,1,False
251,4,train,2,False
252,4,val,1,True
253,4,train,1,False
255,4,train,0,False
256,4,train,0,False
257,4,train,0,False
260,4,train,0,False
262,4,train,0,False
263,4,train,0,False
264,4,train,0,False
265,4,train,0,False
266,4,val,0,False
267,4,train,0,False
268,4,train,0,False
269,4,train,0,False
270,4,train,1,False
271,4,train,0,False
272,4,val,0,False
273,4,train,0,False
274,4,val,0,False
275,4,train,0,False
277,4,train,0,False
278,4,train,0,False
279,4,val,0,False
280,4,train,0,False
281,4,train,1,False
282,4,train,0,False
283,4,val,2,False
284,4,train,0,False
286,4,train,1,False
288,4,train,0,False
289,4,val,0,False
290,4,train,0,False
292,4,train,0,False
293,4,train,0,False
294,4,train,0,False
295,4,train,1,False
296,4,train,0,False
297,4,train,2,False
298,4,train,0,False
299,4,train,0,False
300,4,train,0,False
301,4,val,0,False
304,4,val,1,False
305,4,train,0,False
306,4,train,0,False
307,4,train,0,False
308,4,val,1,True
311,4,train,0,False
312,4,train,1,False
313,4,train,1,False
314,4,train,0,False
315,4,train,1,False
316,4,val,2,False
317,4,train,2,False
318,4,train,1,False
319,4,train,0,False
320,4,train,2,False
321,4,train,0,False
322,4,train,0,False
323,4,train,1,False
324,4,train,2,False
325,4,train,2,False
326,4,train,0,False
327,4,train,1,False
328,4,train,1,False
329,4,train,0,False
330,4,train,0,False
331,4,train,0,False
332,4,train,0,False
333,4,val,1,False
334,4,train,0,False
335,4,train,0,False
336,4,train,0,False
337,4,val,0,False
338,4,train,2,False
339,4,train,2,False
340,4,train,1,False
342,4,train,0,False
343,4,train,0,False
346,4,train,0,False
348,4,train,0,False
350,4,train,0,False
352,4,val,1,False
354,4,val,1,True
355,4,val,0,False
356,4,val,0,False
357,4,train,1,False
358,4,val,0,False
359,4,train,2,False
360,4,val,1,True
361,4,train,0,False
362,4,train,2,False
363,4,val,0,False
364,4,train,1,False
365,4,train,0,False
366,4,val,0,False
367,4,train,2,False
368,4,train,2,False
369,4,train,1,False
370,4,val,1,True
371,4,train,0,False
372,4,val,0,False
373,4,train,0,False
374,4,train,0,False
375,4,val,1,True
376,4,val,0,False
377,4,train,0,False
378,4,val,1,True
379,4,val,1,False
380,4,train,2,False
381,4,train,0,False
382,4,train,0,False
383,4,train,1,False
384,4,train,1,False
385,4,train,1,False
386,4,train,0,False
387,4,train,2,False
388,4,val,2,False
389,4,val,2,False
390,4,train,2,False
391,4,train,2,False
392,4,train,1,False
393,4,train,1,False
394,4,train,0,False
396,4,train,2,False
397,4,train,1,False
398,4,train,2,False
399,4,val,1,True
400,4,train,1,False
401,4,train,2,False
402,4,train,2,False
403,4,val,2,False
404,4,val,1,True
405,4,train,2,False
406,4,train,0,False
408,4,train,2,False
409,4,val,0,False
410,4,train,2,False
411,4,val,1,True
412,4,train,1,False
413,4,train,1,False
414,4,train,2,False
416,4,train,0,False
417,4,train,0,False
419,4,train,0,False
420,4,val,2,False
421,4,train,1,False
422,4,train,1,False
423,4,train,2,False
424,4,train,2,False
426,4,train,1,False
428,4,train,1,False
429,4,train,0,False
431,4,val,1,False
432,4,train,0,False
433,4,train,1,False
436,4,train,0,False
437,4,train,2,False
438,4,train,0,False
440,4,val,0,False
441,4,train,2,False
442,4,train,1,False
445,4,train,1,False
446,4,train,1,False
447,4,train,2,False
450,4,train,0,False
451,4,train,0,False
453,4,val,1,False
454,4,train,2,False
456,4,train,1,False
458,4,train,1,False
459,4,train,0,False
460,4,val,0,False
461,4,train,1,False
462,4,train,0,False
463,4,val,2,False
464,4,train,1,False
465,4,train,1,False
466,4,train,0,False
467,4,train,2,False
468,4,train,1,False
469,4,train,1,False
470,4,train,0,False
471,4,train,2,False
473,4,val,1,False
475,4,train,0,False
477,4,val,2,False
479,4,train,1,False
480,4,train,0,False
481,4,train,2,False
482,4,val,1,True
483,4,train,1,False
485,4,train,0,False
486,4,train,0,False
487,4,train,0,False
489,4,train,0,False
490,4,train,0,False
491,4,train,0,False
492,4,train,0,False
493,4,train,0,False
494,4,train,0,False
495,4,val,1,False
496,4,val,0,False
497,4,train,0,False
498,4,train,0,False
499,4,train,1,False
500,4,train,0,False
501,4,val,0,False
502,4,train,0,False
503,4,val,0,False
505,4,train,0,False
506,4,train,0,False
507,4,train,0,False
508,4,val,0,False
509,4,train,0,False
510,4,val,0,False
511,4,val,0,False
512,4,train,0,False
513,4,train,1,False
514,4,val,0,False
515,4,train,0,False
517,4,train,0,False
519,4,train,1,False
520,4,val,0,False
521,4,train,0,False
522,4,train,0,False
523,4,val,0,False
524,4,train,0,False
525,4,train,0,False
526,4,train,0,False
527,4,train,0,False
528,4,train,0,False
529,4,val,0,False
530,4,val,0,False
531,4,train,0,False
533,4,val,0,False
536,4,train,0,False
537,4,train,0,False
538,4,train,0,False
539,4,train,2,False
540,4,train,0,False
541,4,train,0,False
542,4,val,0,False
543,4,val,1,True
544,4,train,0,False
545,4,train,1,False
546,4,train,0,False
547,4,train,0,False
549,4,train,0,False
550,4,train,2,False
551,4,val,0,False
552,4,train,0,False
553,4,train,0,False
554,4,train,0,False
555,4,train,0,False
556,4,train,1,False
557,4,train,0,False
558,4,train,0,False
559,4,train,0,False
560,4,val,2,False
561,4,val,2,False
563,4,train,1,False
564,4,val,0,False
567,4,train,0,False
568,4,train,1,False
569,4,val,0,False
570,4,val,1,True
571,4,train,0,False
572,4,train,1,False
573,4,train,0,False
574,4,train,2,False
575,4,train,0,False
576,4,train,0,False
577,4,train,1,False
578,4,val,1,True
579,4,train,0,False
580,4,train,0,False
581,4,train,0,False
582,4,val,0,False
583,4,train,0,False
584,4,train,0,False
585,4,train,2,False
587,4,train,1,False
588,4,train,0,False
589,4,train,0,False
590,4,val,0,False
591,4,train,0,False
592,4,val,2,False
593,4,train,1,False
594,4,train,0,False
595,4,val,0,False
596,4,train,0,False
597,4,val,0,False
599,4,train,2,False
600,4,val,1,False
601,4,train,0,False
603,4,val,1,True
604,4,train,1,False
605,4,val,1,True
606,4,val,0,False
609,4,train,1,False
610,4,train,0,False
611,4,train,0,False
612,4,train,1,False
613,4,train,1,False
614,4,train,1,False
615,4,train,2,False
616,4,train,1,False
617,4,train,0,False
618,4,train,0,False
619,4,train,0,False
620,4,train,0,False
621,4,train,0,False
622,4,val,0,False
623,4,val,0,False
625,4,train,2,False
626,4,val,0,False
627,4,train,0,False
628,4,val,0,False
629,4,train,0,False
630,4,train,0,False
631,4,val,0,False
632,4,val,2,False
633,4,val,1,True
634,4,train,1,False
635,4,val,2,False
636,4,val,2,False
637,4,train,0,False
638,4,val,0,False
639,4,train,2,False
640,4,train,2,False
641,4,train,2,False
643,4,val,1,False
644,4,val,1,True
645,4,train,2,False
646,4,train,2,False
648,4,train,2,False
649,4,val,2,False
650,4,train,1,False
651,4,train,0,False
652,4,train,0,False
653,4,train,1,False
654,4,train,0,False
655,4,train,2,False
656,4,train,2,False
657,4,train,0,False
658,4,train,1,False
660,4,train,1,False
661,4,train,0,False
662,4,train,1,False
664,4,train,1,False
665,4,train,1,False
666,4,train,1,False
667,4,val,1,False
668,4,val,2,False
670,4,train,0,False
671,4,train,2,False
672,4,train,1,False
673,4,train,1,False
674,4,train,0,False
675,4,train,0,False
676,4,train,0,False
677,4,val,1,True
678,4,train,0,False
679,4,train,2,False
680,4,train,2,False
682,4,train,1,False
683,4,train,2,False
685,4,train,0,False
686,4,train,2,False
688,4,train,1,False
689,4,train,0,False
690,4,train,2,False
691,4,val,1,True
694,4,val,0,False
696,4,val,1,True
697,4,train,1,False
698,4,train,1,False
699,4,train,1,False
700,4,train,2,False
701,4,train,0,False
702,4,train,2,False
703,4,val,2,False
704,4,val,0,False
705,4,train,2,False
706,4,train,0,False
707,4,val,1,True
708,4,val,0,False
710,4,train,1,False
711,4,train,0,False
714,4,train,0,False
715,4,train,0,False
716,4,train,1,False
717,4,val,2,False
718,4,train,2,False
721,4,train,2,False
723,4,train,0,False
724,4,train,1,False
725,4,train,1,False
727,4,train,1,False
728,4,val,2,False
729,4,train,2,False
730,4,train,2,False
733,4,train,2,False
734,4,train,2,False
735,4,val,0,False
736,4,train,0,False
737,4,train,0,False
739,4,train,0,False
741,4,val,0,False
742,4,val,2,False
743,4,train,1,False
744,4,val,0,False
745,4,train,0,False
746,4,train,1,False
747,4,train,1,False
748,4,train,1,False
750,4,val,1,False
751,4,train,2,False
752,4,train,1,False
753,4,train,2,False
754,4,train,2,False
755,4,train,1,False
756,4,train,1,False
757,4,val,2,False
758,4,train,2,False
760,4,train,0,False
762,4,val,2,False
763,4,val,2,False
764,4,train,2,False
765,4,train,2,False
766,4,train,2,False
767,4,train,2,False
768,4,val,2,False
769,4,train,0,False
770,4,train,0,False
771,4,val,2,False
772,4,val,1,False
774,4,train,2,False
776,4,val,1,True
777,4,train,0,False
778,4,train,0,False
779,4,val,1,True
780,4,val,0,False
781,4,val,0,False
782,4,train,0,False
783,4,train,2,False
784,4,train,2,False
787,4,train,2,False
788,4,train,1,False
789,4,train,1,False
790,4,train,1,False
791,4,val,2,False
792,4,val,2,False
793,4,train,2,False
794,4,train,2,False
795,4,train,2,False
796,4,val,2,False
797,4,train,2,False
798,4,val,1,False
799,4,train,2,False
800,4,val,0,False
801,4,train,2,False
802,4,train,1,False
804,4,val,0,False
805,4,train,2,False
807,4,train,0,False
808,4,train,2,False
809,4,train,1,False
810,4,train,0,False
812,4,train,0,False
814,4,train,2,False
815,4,train,2,False
816,4,val,1,False
817,4,val,0,False
818,4,train,1,False
819,4,train,2,False
820,4,train,2,False
821,4,train,2,False
822,4,train,0,False
823,4,val,1,False
824,4,train,2,False
825,4,train,2,False
827,4,train,1,False
828,4,train,2,False
829,4,val,1,False
830,4,train,1,False
831,4,train,0,False
832,4,val,1,True
833,4,val,1,True
834,4,train,0,False
835,4,train,0,False
836,4,train,1,False
837,4,train,2,False
838,4,val,0,False
839,4,train,1,False
840,4,val,1,True
841,4,train,1,False
842,4,train,2,False
843,4,train,0,False
844,4,train,2,False
845,4,train,2,False
846,4,train,1,False
847,4,train,2,False
848,4,train,2,False
849,4,train,2,False
850,4,train,1,False
851,4,val,2,False
852,4,train,2,False
853,4,train,2,False
854,4,train,2,False
855,4,train,0,False
856,4,train,2,False
857,4,train,2,False
858,4,val,0,False
859,4,train,2,False
861,4,train,2,False
862,4,train,2,False
863,4,train,0,False
864,4,train,2,False
865,4,val,1,False
866,4,val,2,False
867,4,train,0,False
869,4,train,1,False
870,4,val,2,False
871,4,train,0,False
872,4,train,0,False
873,4,train,1,False
874,4,train,2,False
875,4,train,0,False
876,4,train,2,False
877,4,val,1,True
878,4,val,2,False
879,4,train,2,False
880,4,train,0,False
882,4,train,1,False
883,4,train,2,False
885,4,val,2,False
886,4,val,1,False
888,4,val,2,False
889,4,train,0,False
890,4,train,0,False
893,4,val,1,True
894,4,val,0,False
895,4,train,1,False
896,4,train,0,False
897,4,val,0,False
898,4,train,1,False
899,4,train,1,False
900,4,train,2,False
901,4,train,0,False
902,4,train,0,False
903,4,train,0,False
904,4,train,2,False
905,4,train,0,False
907,4,train,2,False
908,4,val,1,False
910,4,train,2,False
911,4,val,0,False
912,4,train,2,False
913,4,train,2,False
914,4,train,0,False
915,4,train,2,False
916,4,train,1,False
917,4,train,1,False
918,4,train,2,False
919,4,train,0,False
921,4,val,0,False
923,4,train,1,False
924,4,train,2,False
926,4,val,1,False
927,4,train,2,False
928,4,val,1,False
929,4,train,2,False
930,4,train,2,False
931,4,train,2,False
932,4,train,1,False
933,4,train,0,False
934,4,train,2,False
935,4,train,0,False
936,4,train,1,False
937,4,train,1,False
938,4,train,0,False
940,4,val,1,True
941,4,val,2,False
942,4,train,1,False
943,4,train,1,False
944,4,val,0,False
945,4,val,0,False
946,4,train,2,False
947,4,val,2,False
948,4,train,0,False
949,4,val,2,False
951,4,val,2,False
952,4,train,0,False
953,4,train,0,False
954,4,train,0,False
955,4,train,2,False
956,4,val,1,True
957,4,train,2,False
958,4,train,2,False
959,4,train,2,False
960,4,train,2,False
961,4,train,2,False
962,4,train,2,False
963,4,train,1,False
965,4,train,0,False
966,4,train,1,False
967,4,train,2,False
969,4,train,1,False
970,4,val,1,False
971,4,train,1,False
972,4,train,2,False
973,4,train,1,False
974,4,train,0,False
976,4,train,0,False
977,4,train,0,False
978,4,train,1,False
979,4,train,1,False
982,4,val,2,False
983,4,train,2,False
984,4,train,2,False
985,4,train,2,False
986,4,train,2,False
987,4,train,2,False
988,4,train,2,False
989,4,val,2,False
990,4,train,2,False
991,4,val,1,True
992,4,train,2,False
993,4,train,2,False
994,4,train,1,False
996,4,train,2,False
997,4,train,2,False
998,4,val,1,False
999,4,train,1,False
1000,4,train,1,False
1001,4,val,0,False
1002,4,train,2,False
1003,4,train,2,False
1004,4,train,2,False
1006,4,train,2,False
1007,4,val,1,True
1009,4,val,1,True
1010,4,train,1,False
1011,4,train,2,False
1012,4,train,0,False
1013,4,val,2,False
1014,4,train,0,False
1015,4,train,0,False
1018,4,train,2,False
1019,4,train,1,False
1020,4,train,2,False
1021,4,val,1,False
1023,4,train,2,False
1024,4,train,2,False
1025,4,train,0,False
1026,4,train,1,False
1027,4,train,1,False
1028,4,train,2,False
1030,4,val,1,False
1031,4,train,2,False
1032,4,val,1,True
1035,4,train,1,False
1036,4,train,2,False
1038,4,val,0,False
1039,4,train,0,False
1042,4,val,2,False
1043,4,train,2,False
1044,4,train,1,False
1045,4,train,1,False
1046,4,val,1,False
1047,4,val,0,False
1048,4,val,1,True
1049,4,train,1,False
1050,4,train,2,False
1051,4,train,1,False
1055,4,train,1,False
1056,4,train,0,False
1057,4,train,1,False
1058,4,train,2,False
1059,4,train,1,False
1060,4,train,1,False
1061,4,train,0,False
1062,4,train,1,False
1064,4,train,0,False
1065,4,train,0,False
1066,4,train,0,False
1067,4,train,0,False
1068,4,train,2,False
1071,4,train,2,False
1072,4,train,2,False
1074,4,train,2,False
1075,4,train,1,False
1076,4,train,2,False
1077,4,train,2,False
1078,4,train,1,False
1079,4,train,1,False
1080,4,train,2,False
1081,4,train,2,False
1084,4,val,0,False
1085,4,val,0,False
1086,4,val,1,False
1087,4,val,1,False
1089,4,train,0,False
1090,4,train,2,False
1091,4,val,1,True
1092,4,train,2,False
1093,4,train,1,False
1094,4,train,1,False
1095,4,val,2,False
1096,4,train,1,False
1097,4,train,1,False
1098,4,train,1,False
1099,4,train,0,False
1101,4,train,0,False
1102,4,val,1,True
1103,4,train,0,False
1104,4,train,1,False
1106,4,train,0,False
1107,4,train,0,False
1108,4,train,1,False
1109,4,train,1,False
1110,4,val,1,False
1112,4,val,1,True
1113,4,train,2,False
1114,4,val,1,False
1115,4,train,2,False
1116,4,train,2,False
1118,4,train,0,False
1119,4,val,1,False
1120,4,train,0,False
1121,4,train,1,False
1122,4,train,1,False
1123,4,train,0,False
1125,4,train,1,False
1127,4,train,0,False
1128,4,val,0,False
1129,4,train,1,False
1130,4,val,0,False
1132,4,train,1,False
1133,4,train,0,False
1134,4,train,1,False
1135,4,train,1,False
1136,4,train,0,False
1137,4,val,1,False
1138,4,train,1,False
1139,4,train,0,False
1140,4,train,1,False
1141,4,val,0,False
1143,4,val,1,True
1144,4,train,0,False
1146,4,train,1,False
1148,4,val,1,False
1149,4,train,0,False
1150,4,val,1,False
1152,4,train,0,False
1153,4,train,0,False
1154,4,train,0,False
1155,4,train,1,False
1156,4,val,1,False
1157,4,train,0,False
1160,4,val,0,False
1163,4,train,1,False
1164,4,train,0,False
1165,4,train,2,False
1167,4,val,2,False
1168,4,val,1,True
1169,4,val,1,True
1172,4,train,1,False
1173,4,val,2,False
1174,4,train,0,False
1175,4,train,1,False
1177,4,train,1,False
1179,4,val,1,False
1180,4,train,0,False
1182,4,val,1,False
1184,4,train,0,False
1188,4,train,2,False
1189,4,train,2,False
1190,4,train,2,False
1191,4,train,2,False
1192,4,train,2,False
1193,4,val,1,True
1194,4,train,2,False
1195,4,train,1,False
1196,4,train,2,False
1197,4,val,2,False
1198,4,train,2,False
1199,4,train,1,False
1200,4,val,0,False
1201,4,val,2,False
1202,4,train,0,False
1203,4,train,2,False
1204,4,train,2,False
1205,4,train,0,False
1206,4,train,1,False
1208,4,train,2,False
1209,4,train,2,False
1210,4,val,1,False
1211,4,train,2,False
1212,4,train,1,False
1213,4,train,2,False
1214,4,val,2,False
1216,4,val,1,False
1217,4,train,2,False
1218,4,train,2,False
1221,4,val,1,False
1222,4,train,1,False
1223,4,val,1,False
1225,4,val,1,False
1226,4,train,1,False
1228,4,train,1,False
1231,4,train,0,False
1232,4,train,1,False
1233,4,train,2,False
1234,4,train,2,False
1235,4,train,2,False
1238,4,train,2,False
1239,4,train,2,False
1240,4,train,0,False
1241,4,val,2,False
1243,4,train,2,False
1244,4,val,1,False
1246,4,train,2,False
1247,4,train,2,False
1248,4,train,2,False
1249,4,train,2,False
1250,4,train,1,False
1251,4,train,2,False
1252,4,train,2,False
1253,4,train,1,False
1254,4,train,2,False
1255,4,train,1,False
1256,4,train,2,False
1257,4,train,2,False
1258,4,train,1,False
1259,4,val,2,False
1260,4,train,1,False
1261,4,train,2,False
1263,4,train,1,False
1264,4,val,1,False
1265,4,train,2,False
1266,4,train,2,False
1267,4,train,2,False
1268,4,train,2,False
1269,4,train,1,False
1270,4,train,1,False
1271,4,val,1,False
1272,4,val,1,False
1273,4,train,2,False
1274,4,train,1,False
1275,4,train,2,False
1276,4,train,2,False
1277,4,train,2,False
1278,4,train,1,False
1279,4,train,2,False
1280,4,val,1,True
1281,4,train,1,False
1282,4,train,2,False
1283,4,train,2,False
1284,4,train,2,False
1285,4,train,2,False
1286,4,val,1,True
1287,4,val,1,True
1289,4,val,1,False
1290,4,train,1,False
1291,4,train,2,False
1292,4,train,2,False
1293,4,val,2,False
1294,4,train,1,False
1296,4,train,1,False
1297,4,train,1,False
1298,4,train,2,False
1299,4,train,2,False
1300,4,train,1,False
1301,4,train,1,False
1303,4,train,2,False
1304,4,val,1,False
1309,4,val,1,True
1310,4,val,2,False
1311,4,train,0,False
1312,4,train,0,False
1313,4,train,2,False
1314,4,train,0,False
1318,4,val,1,True
1319,4,train,2,False
1320,4,val,0,False
1321,4,train,0,False
1326,4,val,1,False
1327,4,train,1,False
1328,4,val,1,False
1329,4,train,2,False
1331,4,train,2,False
1332,4,val,1,False
1334,4,train,1,False
1335,4,train,2,False
1336,4,train,0,False
1337,4,train,2,False
1338,4,train,1,False
1339,4,train,1,False
1340,4,train,2,False
1341,4,train,1,False
1343,4,val,1,False
1344,4,val,1,True
1345,4,train,1,False
1347,4,val,1,True
1348,4,train,2,False
1350,4,train,1,False
1351,4,train,0,False
1352,4,train,2,False
1353,4,train,2,False
1354,4,train,1,False
1355,4,train,2,False
1356,4,train,1,False
1357,4,train,1,False
1358,4,val,2,False
1361,4,val,2,False
1362,4,val,1,True
1365,4,val,1,False
1367,4,train,1,False
1368,4,train,2,False
1369,4,train,2,False
1370,4,train,1,False
1371,4,train,1,False
1373,4,train,0,False
1374,4,train,2,False
1375,4,val,0,False
1376,4,train,0,False
1377,4,train,2,False
1379,4,train,1,False
1380,4,train,1,False
1381,4,train,2,False
1382,4,val,1,True
1383,4,val,1,False
1384,4,train,1,False
1386,4,val,1,False
1387,4,train,0,False
1389,4,val,0,False
1390,4,train,1,False
1391,4,train,1,False
1392,4,train,0,False
1393,4,val,1,False
1394,4,train,0,False
1395,4,train,2,False
1396,4,train,2,False
1397,4,train,2,False
1398,4,train,2,False
1401,4,train,2,False
1402,4,train,1,False
1403,4,train,2,False
1404,4,train,2,False
1405,4,train,2,False
1406,4,train,1,False
1407,4,train,0,False
1408,4,val,1,True
1409,4,val,1,True
1410,4,train,1,False
1411,4,val,1,False
1412,4,train,2,False
1413,4,val,2,False
1414,4,train,0,False
1415,4,train,1,False
1416,4,val,1,True
1417,4,val,1,False
1418,4,train,1,False
1421,4,train,2,False
1422,4,val,1,True
1423,4,train,2,False
1424,4,train,2,False
1426,4,train,2,False
1427,4,val,2,False
1428,4,train,2,False
1429,4,val,1,False
1430,4,train,2,False
1431,4,train,2,False
1432,4,train,0,False
1433,4,train,1,False
1434,4,train,2,False
1435,4,train,1,False
1436,4,train,0,False
1437,4,train,1,False
1438,4,val,1,True
1439,4,val,1,False
1441,4,train,0,False
1442,4,train,1,False
1443,4,train,1,False
1444,4,val,1,True
1445,4,train,0,False
1446,4,val,1,False
1447,4,val,2,False
1448,4,train,2,False
1449,4,train,1,False
1451,4,train,0,False
1452,4,train,0,False
1454,4,train,1,False
1455,4,train,0,False
1458,4,train,0,False
1459,4,val,1,False
1460,4,train,1,False
1462,4,train,0,False
1463,4,val,1,True
1464,4,val,0,False
1468,4,train,0,False
1469,4,train,0,False
1470,4,train,2,False
1471,4,train,1,False
1472,4,train,1,False
1474,4,train,1,False
1475,4,train,0,False
1476,4,train,2,False
1477,4,val,2,False
1478,4,val,0,False
1479,4,train,2,False
1480,4,train,1,False
1481,4,train,1,False
1482,4,train,0,False
1483,4,val,0,False
1484,4,train,1,False
1485,4,train,1,False
1486,4,train,1,False
1487,4,train,0,False
1489,4,train,0,False
1490,4,train,0,False
1491,4,train,1,False
1492,4,train,2,False
1493,4,train,2,False
1495,4,train,2,False
1496,4,train,0,False
1497,4,val,1,False
1501,4,train,0,False
1502,4,train,1,False
1503,4,train,0,False
1504,4,train,1,False
1505,4,train,2,False
1506,4,train,2,False
1507,4,train,0,False
1508,4,train,2,False
1509,4,val,0,False
1510,4,val,2,False
1511,4,train,2,False
1512,4,train,0,False
1513,4,train,2,False
1514,4,val,1,False
1515,4,train,0,False
1516,4,train,0,False
1517,4,val,2,False
1518,4,val,1,True
1519,4,val,1,True
1520,4,train,0,False
1521,4,train,1,False
1522,4,train,1,False
1523,4,train,1,False
1525,4,val,1,False
1526,4,train,0,False
1527,4,train,2,False
1529,4,train,1,False
1531,4,train,1,False
1532,4,val,2,False
1533,4,val,0,False
1536,4,train,1,False
1540,4,train,1,False
1541,4,train,1,False
1542,4,train,1,False
1543,4,train,1,False
1544,4,train,1,False
1545,4,train,1,False
1546,4,train,2,False
1547,4,train,2,False
1548,4,train,0,False
1549,4,train,2,False
1551,4,train,1,False
1552,4,train,1,False
1553,4,train,2,False
1554,4,train,1,False
1555,4,train,1,False
1556,4,train,1,False
1557,4,val,2,False
1558,4,train,1,False
1559,4,train,1,False
1560,4,train,0,False
1562,4,train,1,False
1563,4,train,2,False
1565,4,train,1,False
1566,4,train,2,False
1567,4,train,1,False
1569,4,train,1,False
1570,4,train,1,False
1571,4,val,2,False
1574,4,val,1,True
1575,4,train,2,False
1577,4,val,1,True
1578,4,train,2,False
1579,4,train,2,False
1580,4,train,1,False
1581,4,train,0,False
1582,4,train,1,False
1584,4,val,1,True
1586,4,train,2,False
1587,4,val,1,True
1588,4,train,2,False
1589,4,val,1,False
1590,4,train,2,False
1591,4,train,0,False
1592,4,train,0,False
1593,4,val,1,False
1594,4,train,0,False
1595,4,train,2,False
1597,4,train,2,False
1598,4,val,1,False
1599,4,train,1,False
1600,4,val,1,False
1601,4,train,0,False
1602,4,train,0,False
1604,4,train,2,False
1605,4,train,2,False
1607,4,val,1,False
1608,4,train,2,False
1610,4,train,1,False
1611,4,val,1,False
1612,4,val,1,True
1614,4,val,0,False
1615,4,train,0,False
1616,4,train,2,False
1618,4,train,0,False
1619,4,train,2,False
1620,4,val,1,False
1621,4,train,0,False
1622,4,train,2,False
1623,4,train,1,False
1624,4,train,1,False
1625,4,train,1,False
1626,4,train,2,False
1627,4,train,1,False
1628,4,train,0,False
1631,4,train,0,False
1633,4,train,1,False
1634,4,val,0,False
1635,4,train,1,False
1637,4,train,2,False
1638,4,val,2,False
1639,4,train,0,False
1640,4,train,0,False
1641,4,train,0,False
1642,4,train,0,False
1644,4,train,2,False
1645,4,val,2,False
1646,4,train,2,False
1647,4,val,0,False
1649,4,train,0,False
1650,4,train,2,False
1652,4,train,0,False
1653,4,train,2,False
1654,4,train,0,False
1656,4,train,0,False
1657,4,train,0,False
1658,4,train,1,False
1659,4,val,2,False
1661,4,val,1,False
1662,4,train,0,False
1663,4,train,2,False
1664,4,train,2,False
1665,4,val,1,False
1666,4,train,2,False
1667,4,train,1,False
1668,4,train,2,False
1669,4,train,1,False
1670,4,train,0,False
1671,4,train,2,False
1672,4,train,0,False
1673,4,val,2,False
1674,4,train,2,False
1675,4,val,2,False
1676,4,train,0,False
1677,4,val,1,False
1678,4,train,0,False
1680,4,train,0,False
1681,4,train,2,False
1682,4,train,2,False
1683,4,train,0,False
1684,4,val,1,False
1685,4,train,0,False
1686,4,val,0,False
1687,4,train,0,False
1689,4,train,0,False
1690,4,train,2,False
1691,4,val,2,False
1692,4,val,2,False
1693,4,train,2,False
1694,4,train,2,False
1695,4,train,0,False
1697,4,train,1,False
1698,4,train,2,False
1699,4,train,1,False
1701,4,train,2,False
1702,4,train,1,False
1703,4,train,1,False
1704,4,train,2,False
1705,4,train,2,False
1706,4,train,1,False
1707,4,val,1,False
1708,4,train,1,False
1709,4,train,2,False
1710,4,train,2,False
1712,4,train,0,False
1713,4,val,0,False
1714,4,train,2,False
1715,4,train,1,False
1716,4,train,2,False
1717,4,val,2,False
1719,4,train,2,False
1720,4,train,2,False
1723,4,train,2,False
1724,4,val,1,False
1725,4,train,2,False
1726,4,train,2,False
1727,4,val,2,False
1728,4,train,1,False
1729,4,train,2,False
1730,4,train,2,False
1731,4,train,2,False
1732,4,train,2,False
1733,4,val,2,False
1734,4,train,2,False
1735,4,train,0,False
1736,4,val,2,False
1737,4,train,2,False
1738,4,train,1,False
1739,4,train,2,False
1740,4,val,2,False
1741,4,train,1,False
1742,4,train,1,False
1743,4,val,2,False
1744,4,train,2,False
1745,4,train,2,False
1746,4,val,2,False
1747,4,val,2,False
1748,4,train,1,False
1750,4,val,2,False
1751,4,val,1,True
1752,4,train,2,False
1753,4,train,0,False
1754,4,train,2,False
1755,4,train,2,False
1756,4,train,0,False
1757,4,train,2,False
1758,4,val,2,False
1759,4,train,2,False
1760,4,train,2,False
1761,4,train,0,False
1762,4,train,2,False
1763,4,train,0,False
1764,4,train,1,False
1765,4,val,0,False
1766,4,train,2,False
1768,4,train,2,False
1769,4,train,0,False
1770,4,val,2,False
1771,4,train,2,False
1772,4,val,2,False
1773,4,train,1,False
1774,4,train,0,False
1775,4,val,2,False
1777,4,train,2,False
1778,4,val,2,False
1779,4,val,2,False
1780,4,train,2,False
1781,4,train,0,False
1782,4,val,1,False
1783,4,train,1,False
1785,4,train,2,False
1786,4,train,0,False
1788,4,train,1,False
1790,4,train,2,False
1791,4,val,1,False
1792,4,train,0,False
1793,4,train,0,False
1794,4,val,2,False
1795,4,val,2,False
1796,4,train,2,False
1797,4,train,0,False
1798,4,train,2,False
1800,4,train,2,False
1804,4,val,2,False
1805,4,train,1,False
1806,4,train,2,False
1807,4,train,1,False
1809,4,train,2,False
1810,4,train,1,False
1812,4,train,2,False
1813,4,train,2,False
1817,4,val,1,False
1818,4,val,1,False
1820,4,train,0,False
1821,4,train,1,False
1823,4,train,0,False
1824,4,train,1,False
1825,4,train,1,False
1826,4,train,1,False
1828,4,train,1,False
1830,4,train,2,False
1832,4,train,2,False
1833,4,train,1,False
1834,4,val,2,False
1835,4,train,2,False
1836,4,train,2,False
1837,4,train,2,False
1839,4,val,1,False
1840,4,train,0,False
1842,4,train,0,False
1844,4,val,2,False
1845,4,train,1,False
1846,4,train,2,False
1847,4,train,2,False
1848,4,train,0,False
1849,4,train,2,False
1850,4,train,1,False
1851,4,train,0,False
1853,4,train,2,False
1857,4,train,2,False
1858,4,val,2,False
1859,4,train,0,False
1862,4,train,1,False
1866,4,train,0,False
1867,4,val,1,False
1870,4,train,0,False
1872,4,train,2,False
1874,4,train,1,False
1875,4,train,2,False
1877,4,train,1,False
1878,4,train,1,False
1881,4,train,0,False
1882,4,train,2,False
1884,4,train,0,False
1885,4,train,0,False
1886,4,val,0,False
1887,4,train,2,False
1888,4,train,2,False
1889,4,train,2,False
1890,4,train,2,False
1891,4,train,2,False
1892,4,train,2,False
1894,4,train,2,False
1895,4,train,2,False
1897,4,val,2,False
1898,4,train,0,False
1899,4,val,2,False
1900,4,val,1,True
1901,4,train,1,False
1902,4,val,1,True
1903,4,train,0,False
1904,4,train,1,False
1906,4,train,0,False
1907,4,train,0,False
1909,4,train,0,False
1910,4,train,1,False
1911,4,val,1,False
1913,4,train,0,False
1914,4,val,0,False
1915,4,train,0,False
1916,4,train,0,False
1917,4,val,1,False
1918,4,train,0,False
1919,4,val,0,False
1920,4,train,0,False
1921,4,train,1,False
1922,4,train,1,False
1923,4,train,1,False
1924,4,val,0,False
1926,4,train,2,False
1927,4,train,2,False
1928,4,val,2,False
1930,4,train,1,False
1933,4,train,1,False
1934,4,train,0,False
1935,4,val,0,False
1936,4,val,1,True
1937,4,train,2,False
1938,4,train,1,False
1939,4,val,1,True
1941,4,val,1,True
1942,4,val,1,True
1943,4,val,0,False
1945,4,train,0,False
1946,4,val,1,True
1947,4,train,1,False
1948,4,train,0,False
1949,4,train,0,False
1950,4,val,0,False
1952,4,train,0,False
1953,4,train,0,False
1955,4,train,0,False
1957,4,val,0,False
1958,4,train,1,False
1959,4,train,0,False
1962,4,train,1,False
1964,4,val,0,False
1965,4,train,2,False
1968,4,train,0,False
1969,4,train,1,False
1970,4,train,1,False
1972,4,train,2,False
1973,4,val,1,True
1974,4,train,1,False
1975,4,val,0,False
1976,4,train,1,False
1977,4,train,0,False
1979,4,train,1,False
1982,4,train,0,False
1984,4,train,0,False
1985,4,val,0,False
1986,4,train,0,False
1987,4,train,0,False
1988,4,train,0,False
1989,4,train,0,False
1990,4,train,0,False
1991,4,val,1,False
1992,4,train,0,False
1994,4,train,0,False
1995,4,train,0,False
1996,4,train,2,False
1997,4,val,1,True
1998,4,train,2,False
1999,4,train,2,False
2000,4,train,1,False
2001,4,train,2,False
2002,4,train,2,False
2003,4,train,2,False
2004,4,train,1,False
2005,4,train,2,False
2006,4,train,2,False
2007,4,train,1,False
2010,4,train,2,False
2011,4,train,1,False
2013,4,train,0,False
2016,4,train,1,False
2017,4,train,2,False
2019,4,train,0,False
2020,4,val,2,False
2021,4,train,1,False
2022,4,train,1,False
2023,4,train,1,False
2024,4,val,1,True
2025,4,train,0,False
2026,4,train,1,False
2028,4,train,1,False
2029,4,train,1,False
2030,4,train,1,False
2031,4,train,0,False
2033,4,train,1,False
2034,4,train,2,False
2035,4,train,1,False
2036,4,val,2,False
2037,4,train,0,False
2038,4,val,0,False
2039,4,train,0,False
2040,4,train,1,False
2041,4,val,1,False
2042,4,train,1,False
2043,4,train,1,False
2044,4,train,0,False
2045,4,train,1,False
2046,4,val,1,False
2047,4,train,1,False
2048,4,train,0,False
2050,4,train,0,False
2051,4,train,2,False
2052,4,train,1,False
2053,4,train,0,False
2054,4,train,1,False
2055,4,val,0,False
2057,4,train,2,False
2058,4,train,1,False
2059,4,train,1,False
2060,4,train,1,False
2061,4,train,1,False
2062,4,train,1,False
2063,4,val,1,False
2064,4,train,0,False
2067,4,train,2,False
2068,4,train,1,False
2070,4,train,0,False
2072,4,train,2,False
2073,4,val,1,False
2074,4,train,1,False
2075,4,train,0,False
2076,4,train,0,False
2078,4,train,1,False
2079,4,train,0,False
2081,4,train,1,False
2083,4,val,1,False
2084,4,train,0,False
2085,4,val,1,True
2086,4,train,1,False
2087,4,val,1,True
2088,4,train,0,False
2089,4,val,1,False
2090,4,train,1,False
2091,4,train,1,False
2092,4,val,1,True
2093,4,val,0,False
2094,4,train,0,False
2095,4,val,0,False
2096,4,val,0,False
2097,4,val,2,False
2099,4,train,2,False
2100,4,train,1,False
2101,4,train,1,False
2103,4,train,0,False
2105,4,train,1,False
2106,4,val,1,True
2107,4,train,1,False
2108,4,train,0,False
2109,4,train,1,False
2110,4,train,0,False
2113,4,train,0,False
2114,4,train,0,False
2115,4,train,2,False
2117,4,train,2,False
2118,4,val,1,False
2119,4,train,1,False
2120,4,train,0,False
2121,4,train,1,False
2122,4,val,2,False
2123,4,val,1,True
2124,4,train,1,False
2125,4,train,0,False
2126,4,train,1,False
2127,4,train,0,False
2130,4,train,2,False
2132,4,val,1,False
2134,4,train,1,False
2135,4,val,0,False
2136,4,train,2,False
2137,4,train,1,False
2138,4,train,2,False
2139,4,val,2,False
2141,4,val,2,False
2142,4,val,1,False
2144,4,val,1,False
2147,4,train,2,False
2148,4,train,1,False
2149,4,train,2,False
2150,4,train,0,False
2151,4,train,0,False
2153,4,val,1,False
2154,4,val,1,True
2155,4,val,0,False
2156,4,train,0,False
2158,4,train,0,False
2161,4,val,1,True
2163,4,train,1,False
2164,4,train,1,False
2165,4,train,0,False
2166,4,train,1,False
2167,4,train,0,False
2168,4,train,1,False
2169,4,train,2,False
2171,4,val,1,True
2172,4,val,1,False
2173,4,train,2,False
2174,4,train,2,False
2175,4,train,2,False
2176,4,val,1,False
2177,4,train,0,False
2180,4,train,0,False
2181,4,train,2,False
2182,4,train,1,False
2183,4,train,2,False
2184,4,val,2,False
2187,4,train,2,False
2188,4,train,1,False
2189,4,train,1,False
2191,4,train,2,False
2193,4,val,1,False
2194,4,train,2,False
2195,4,train,1,False
2198,4,val,1,True
2199,4,val,1,True
2200,4,train,1,False
2201,4,val,2,False
2203,4,train,1,False
2204,4,train,2,False
2205,4,train,2,False
2206,4,train,1,False
2208,4,train,2,False
2209,4,train,2,False
2210,4,train,1,False
2212,4,train,0,False
2213,4,val,0,False
2214,4,train,0,False
2216,4,train,1,False
2217,4,train,1,False
2218,4,train,0,False
2219,4,val,1,True
2222,4,val,0,False
2223,4,train,2,False
2224,4,train,0,False
2225,4,val,2,False
2226,4,train,2,False
2229,4,val,2,False
2230,4,train,0,False
2231,4,train,1,False
2232,4,val,0,False
2233,4,train,1,False
2234,4,train,1,False
2235,4,train,0,False
2237,4,train,1,False
2238,4,val,1,False
2240,4,train,0,False
2241,4,train,1,False
2242,4,val,2,False
2244,4,train,2,False
2245,4,train,0,False
2246,4,val,0,False
2247,4,train,0,False
2248,4,train,2,False
2249,4,train,0,False
2250,4,train,2,False
2251,4,train,2,False
2252,4,train,2,False
2253,4,val,1,True
2255,4,val,2,False
2256,4,train,1,False
2257,4,train,0,False
2258,4,train,0,False
2259,4,train,0,False
2260,4,train,0,False
2261,4,train,0,False
2263,4,train,2,False
2265,4,val,2,False
2266,4,train,2,False
2267,4,val,1,False
2269,4,val,1,True
2270,4,train,1,False
2271,4,train,1,False
2272,4,train,2,False
2273,4,val,2,False
2274,4,val,1,False
2275,4,train,1,False
2276,4,val,1,True
2277,4,val,1,False
2278,4,val,2,False
2280,4,train,2,False
2281,4,val,0,False
2282,4,train,1,False
2283,4,train,1,False
2284,4,train,2,False
2285,4,val,0,False
2286,4,train,2,False
2287,4,train,2,False
2288,4,train,0,False
2290,4,train,2,False
2291,4,val,1,True
2292,4,train,1,False
2293,4,train,1,False
2295,4,val,1,False
2296,4,train,2,False
2297,4,train,2,False
2298,4,train,2,False
2299,4,train,1,False
2300,4,train,1,False
2301,4,train,0,False
2304,4,val,0,False
2305,4,train,1,False
2307,4,train,1,False
2308,4,train,1,False
2309,4,train,1,False
2311,4,train,2,False
2315,4,train,2,False
2317,4,train,1,False
2318,4,train,2,False
2319,4,train,2,False
2320,4,train,2,False
2321,4,train,1,False
2322,4,train,2,False
2323,4,val,0,False
2324,4,train,2,False
2326,4,train,1,False
2327,4,train,2,False
2328,4,train,2,False
2329,4,train,2,False
2331,4,train,1,False
2332,4,train,2,False
2333,4,val,2,False
2334,4,train,1,False
2335,4,val,2,False
2336,4,val,1,False
2337,4,train,2,False
2339,4,train,2,False
2340,4,train,2,False
2341,4,val,1,False
2343,4,val,2,False
2344,4,train,1,False
2345,4,train,2,False
2346,4,train,2,False
2347,4,train,2,False
2348,4,train,2,False
2353,4,val,1,False
2355,4,train,2,False
2356,4,val,2,False
2357,4,train,2,False
2358,4,val,2,False
2360,4,val,2,False
2361,4,train,2,False
2362,4,train,1,False
2363,4,train,2,False
2364,4,train,2,False
2365,4,train,2,False
2366,4,val,2,False
2368,4,val,2,False
2369,4,val,2,False
2370,4,train,1,False
2372,4,train,1,False
2374,4,train,1,False
2375,4,train,2,False
2376,4,train,1,False
2377,4,val,0,False
2378,4,val,1,False
2379,4,train,0,False
2380,4,train,1,False
2381,4,train,1,False
2382,4,train,2,False
2383,4,train,2,False
2385,4,val,1,False
2386,4,train,2,False
2387,4,val,1,True
2388,4,train,2,False
2389,4,val,1,True
2390,4,train,2,False
2391,4,train,2,False
2393,4,train,2,False
2395,4,train,1,False
2396,4,train,1,False
2397,4,train,1,False
2398,4,val,2,False
2399,4,train,2,False
2400,4,train,0,False
2401,4,train,2,False
2402,4,train,2,False
2403,4,train,2,False
2408,4,train,1,False
2409,4,train,2,False
2410,4,train,1,False
2411,4,train,1,False
2412,4,train,1,False
2413,4,train,1,False
2414,4,train,0,False
2417,4,train,1,False
2419,4,val,0,False
2420,4,val,0,False
2421,4,val,2,False
2422,4,val,1,True
2424,4,train,1,False
2425,4,val,1,False
2426,4,val,1,True
2427,4,train,1,False
2428,4,train,1,False
2429,4,train,2,False
2431,4,train,2,False
2432,4,train,1,False
2433,4,train,2,False
2436,4,train,2,False
2437,4,train,2,False
2438,4,train,0,False
2440,4,train,2,False
2441,4,val,1,False
2442,4,train,2,False
2443,4,train,2,False
2444,4,train,1,False
2445,4,val,0,False
2446,4,val,0,False
2447,4,train,0,False
2449,4,train,2,False
2450,4,train,0,False
2451,4,train,0,False
2452,4,train,2,False
2453,4,train,1,False
2454,4,train,2,False
2455,4,train,1,False
2456,4,train,1,False
2457,4,train,2,False
2459,4,val,1,True
2460,4,train,0,False
2461,4,train,2,False
2462,4,train,0,False
2464,4,train,0,False
2466,4,train,2,False
2467,4,train,2,False
2468,4,train,1,False
2469,4,train,2,False
2470,4,train,1,False
2471,4,val,1,True
2472,4,train,0,False
2473,4,train,0,False
2474,4,val,1,True
2475,4,train,2,False
2476,4,train,2,False
2477,4,train,2,False
2478,4,train,2,False
2479,4,val,0,False
2480,4,train,2,False
2484,4,val,2,False
2485,4,val,1,True
2486,4,train,2,False
2487,4,train,2,False
2488,4,val,2,False
2489,4,val,1,False
2491,4,val,2,False
2492,4,train,2,False
2493,4,train,1,False
2495,4,train,2,False
2498,4,train,1,False
2499,4,val,0,False
2500,4,train,1,False
2501,4,val,1,False
2502,4,val,2,False
2503,4,train,1,False
2504,4,train,2,False
2505,4,train,2,False
2506,4,train,2,False
2507,4,val,2,False
2508,4,train,2,False
2509,4,val,1,False
2510,4,train,2,False
2511,4,train,2,False
2512,4,train,1,False
2513,4,train,2,False
2514,4,val,2,False
2515,4,val,2,False
2516,4,train,2,False
2517,4,train,1,False
2518,4,val,1,False
2519,4,train,2,False
2520,4,train,1,False
2521,4,train,2,False
2522,4,train,1,False
2523,4,train,1,False
2524,4,train,2,False
2525,4,train,2,False
2527,4,train,2,False
2529,4,val,1,False
2531,4,train,2,False
2533,4,val,2,False
2534,4,val,1,True
2536,4,train,1,False
2537,4,train,0,False
2539,4,val,1,True
2540,4,train,1,False
2541,4,train,2,False
2542,4,train,1,False
2543,4,val,2,False
2544,4,val,1,True
2546,4,train,1,False
2547,4,train,1,False
2548,4,train,2,False
2549,4,train,2,False
2550,4,train,2,False
2552,4,train,1,False
2553,4,train,2,False
2555,4,val,2,False
2556,4,train,2,False
2557,4,val,2,False
2559,4,val,1,True
2560,4,train,2,False
2561,4,train,2,False
2562,4,train,1,False
2563,4,train,1,False
2564,4,train,2,False
2565,4,train,2,False
2566,4,val,1,True
2567,4,train,1,False
2568,4,train,2,False
2569,4,val,1,False
2570,4,train,2,False
2571,4,train,2,False
2572,4,train,1,False
2575,4,train,2,False
2576,4,val,1,False
2577,4,val,1,True
2578,4,train,1,False
2580,4,train,0,False
2581,4,val,2,False
2582,4,train,2,False
2585,4,train,2,False
2586,4,train,1,False
2587,4,train,1,False
2588,4,val,2,False
2589,4,train,2,False
2590,4,val,0,False
2591,4,val,1,True
2592,4,val,1,False
2594,4,val,2,False
2595,4,train,1,False
2596,4,train,1,False
2597,4,val,1,True
2598,4,train,1,False
2599,4,val,1,True
2600,4,train,1,False
2601,4,train,0,False
2605,4,val,1,False
2606,4,train,1,False
2607,4,train,0,False
2608,4,train,0,False
2609,4,train,0,False
2612,4,val,1,False
2613,4,val,1,False
2614,4,train,2,False
2616,4,train,1,False
2617,4,train,0,False
2618,4,train,2,False
2619,4,train,1,False
2620,4,train,1,False
2622,4,train,1,False
2623,4,train,2,False
2624,4,train,2,False
2626,4,train,2,False
2627,4,val,1,True
2628,4,train,2,False
2630,4,train,2,False
2631,4,val,1,False
2632,4,val,1,False
2634,4,train,1,False
2635,4,train,2,False
2636,4,train,1,False
2637,4,train,1,False
2638,4,train,1,False
2639,4,train,0,False
2640,4,val,1,False
2641,4,val,2,False
2642,4,train,2,False
2644,4,train,0,False
2645,4,train,1,False
2646,4,train,1,False
2647,4,train,2,False
2648,4,train,2,False
2649,4,train,1,False
2650,4,val,0,False
2651,4,train,2,False
2652,4,train,2,False
2653,4,train,2,False
2654,4,train,0,False
2655,4,val,1,False
2656,4,train,1,False
2657,4,train,1,False
2659,4,train,2,False
2660,4,val,2,False
2661,4,train,2,False
2662,4,train,1,False
2663,4,train,2,False
2664,4,train,1,False
2666,4,train,1,False
2667,4,train,1,False
2668,4,train,2,False
2669,4,train,1,False
2671,4,train,0,False
2672,4,train,1,False
2673,4,train,0,False
2674,4,train,0,False
2675,4,train,2,False
2677,4,train,1,False
2678,4,train,2,False
2679,4,train,0,False
2680,4,train,2,False
2682,4,train,2,False
2683,4,train,2,False
2684,4,train,1,False
2685,4,train,1,False
2686,4,train,2,False
2687,4,train,1,False
2688,4,train,1,False
2689,4,train,0,False
2690,4,val,2,False
2691,4,train,2,False
2692,4,val,1,False
2693,4,train,2,False
2694,4,val,2,False
2695,4,train,2,False
2696,4,train,0,False
2697,4,val,0,False
2698,4,train,0,False
2699,4,train,1,False
2700,4,train,2,False
2702,4,val,1,False
2704,4,train,2,False
2705,4,val,1,False
2707,4,train,1,False
2709,4,train,2,False
2711,4,train,1,False
2712,4,train,2,False
2713,4,train,2,False
2714,4,val,1,False
2715,4,train,1,False
2716,4,train,1,False
2718,4,train,1,False
2720,4,train,1,False
2721,4,train,0,False
2722,4,val,1,True
2724,4,train,0,False
2726,4,val,1,False
2729,4,train,0,False
2731,4,val,1,True
2732,4,train,0,False
2734,4,train,0,False
2735,4,train,1,False
2737,4,train,0,False
2738,4,train,1,False
2739,4,train,2,False
2740,4,train,0,False
2741,4,train,1,False
2742,4,train,1,False
2744,4,train,1,False
2745,4,train,1,False
2746,4,train,1,False
2747,4,train,1,False
2748,4,train,0,False
2749,4,val,1,False
2751,4,train,1,False
2753,4,val,1,False
2754,4,train,1,False
2755,4,train,1,False
2756,4,train,1,False
2757,4,train,0,False
2759,4,train,0,False
2760,4,val,1,False
2763,4,train,1,False
2764,4,train,0,False
2766,4,val,1,False
2767,4,train,1,False
2768,4,val,1,False
2771,4,val,2,False
2772,4,train,2,False
2775,4,train,2,False
2776,4,train,2,False
2777,4,train,1,False
2778,4,train,2,False
2779,4,train,1,False
2780,4,train,2,False
2781,4,train,0,False
2783,4,val,1,False
2785,4,train,2,False
2787,4,train,0,False
2788,4,val,1,False
2789,4,train,1,False
2790,4,train,1,False
2791,4,train,2,False
2792,4,train,1,False
2793,4,train,1,False
2794,4,train,0,False
2799,4,train,0,False
2801,4,val,1,True
2802,4,train,2,False
2804,4,val,0,False
2805,4,val,0,False
2806,4,train,0,False
2808,4,train,0,False
2810,4,val,0,False
2812,4,val,1,True
2814,4,train,0,False
2815,4,train,1,False
2816,4,train,0,False
2817,4,train,1,False
2818,4,train,0,False
2819,4,train,0,False
2821,4,val,0,False
2822,4,train,0,False
2823,4,train,0,False
2825,4,train,0,False
2826,4,val,2,False
2827,4,train,0,False
2828,4,train,2,False
2829,4,train,2,False
2830,4,val,2,False
2831,4,train,0,False
2832,4,train,2,False
2833,4,train,2,False
2834,4,train,1,False
2835,4,train,2,False
2837,4,train,1,False
2838,4,train,2,False
2839,4,train,1,False
2840,4,train,0,False
2841,4,val,2,False
2842,4,train,1,False
2843,4,train,2,False
2844,4,train,2,False
2845,4,train,2,False
2846,4,train,0,False
2847,4,val,1,True
2848,4,train,2,False
2849,4,val,2,False
2850,4,train,0,False
2851,4,val,1,False
2852,4,train,1,False
2854,4,val,1,True
2855,4,train,1,False
2856,4,train,2,False
2857,4,train,0,False
2858,4,val,0,False
2859,4,train,2,False
2860,4,train,1,False
2861,4,train,0,False
2862,4,train,2,False
2863,4,val,1,True
2866,4,train,0,False
2868,4,train,0,False
2869,4,train,0,False
2870,4,val,1,True
2872,4,val,2,False
2873,4,val,1,True
2875,4,train,1,False
2877,4,val,2,False
2879,4,train,2,False
2880,4,train,1,False
2881,4,train,2,False
2883,4,train,2,False
2884,4,train,0,False
2885,4,train,1,False
2886,4,train,1,False
2887,4,train,0,False
2888,4,train,0,False
2890,4,val,0,False
2891,4,train,0,False
2892,4,train,1,False
2893,4,train,2,False
2894,4,train,0,False
2895,4,val,1,True
2896,4,train,0,False
2897,4,train,0,False
2898,4,train,0,False
2899,4,train,0,False
2900,4,train,0,False
2901,4,train,0,False
2902,4,train,2,False
2903,4,train,2,False
2904,4,val,2,False
2905,4,val,2,False
2906,4,train,2,False
2907,4,train,2,False
2910,4,val,2,False
2911,4,train,2,False
2913,4,train,2,False
2914,4,train,2,False
2915,4,val,1,True
2916,4,train,0,False
2917,4,train,1,False
2918,4,val,2,False
2919,4,train,1,False
2920,4,train,1,False
2921,4,train,1,False
2922,4,train,1,False
2923,4,train,1,False
2924,4,train,0,False
2925,4,val,1,True
2926,4,train,0,False
2927,4,val,1,False
2928,4,val,1,False
2929,4,train,0,False
2931,4,val,0,False
2933,4,val,0,False
2934,4,train,1,False
2936,4,train,2,False
2937,4,val,0,False
2938,4,train,0,False
2939,4,train,2,False
2940,4,train,0,False
2941,4,val,1,True
2942,4,val,0,False
2943,4,train,1,False
2945,4,val,2,False
2946,4,train,2,False
2947,4,val,2,False
2949,4,train,2,False
2950,4,train,2,False
2952,4,val,2,False
2954,4,train,2,False
2955,4,val,2,False
2956,4,train,0,False
2957,4,val,0,False
2958,4,train,1,False
2959,4,val,0,False
2960,4,val,0,False
2961,4,val,0,False
2962,4,train,0,False
2963,4,val,0,False
2964,4,train,2,False
2965,4,train,1,False
2966,4,train,1,False
2967,4,train,2,False
2968,4,train,2,False
2969,4,val,1,False
2970,4,train,2,False
2972,4,train,2,False
2973,4,train,2,False
2974,4,val,0,False
2975,4,val,0,False
2976,4,train,2,False
2977,4,val,1,True
2978,4,val,2,False
2979,4,val,1,False
2980,4,train,2,False
2982,4,train,2,False
2983,4,train,0,False
2985,4,val,0,False
2986,4,train,1,False
2987,4,train,2,False
2988,4,train,0,False
2989,4,train,2,False
2990,4,train,2,False
2992,4,train,1,False
2994,4,train,0,False
2996,4,train,0,False
2997,4,train,1,False
2998,4,train,2,False
2999,4,train,2,False
3000,4,train,0,False
3002,4,train,2,False
3003,4,train,2,False
3005,4,val,2,False
3006,4,train,2,False
3007,4,train,1,False
3008,4,train,1,False
3009,4,val,1,False
3010,4,train,2,False
3011,4,train,2,False
3012,4,train,2,False
3013,4,train,2,False
3014,4,train,0,False
3015,4,train,0,False
3016,4,train,0,False
3018,4,train,2,False
3019,4,val,2,False
3021,4,train,0,False
3023,4,train,1,False
3025,4,train,1,False
3026,4,val,0,False
3027,4,train,1,False
3028,4,val,0,False
3029,4,train,0,False
3030,4,train,1,False
3033,4,train,1,False
3034,4,train,0,False
3035,4,train,1,False
3036,4,train,2,False
3037,4,val,0,False
3041,4,train,0,False
3042,4,val,1,False
3043,4,train,1,False
3044,4,val,2,False
3045,4,train,1,False
3046,4,train,1,False
3047,4,val,2,False
3048,4,val,2,False
3050,4,train,2,False
3052,4,val,2,False
3053,4,train,2,False
3054,4,val,1,False
3055,4,val,1,True
3057,4,val,1,False
3059,4,val,1,True
3060,4,train,0,False
3061,4,train,1,False
3062,4,train,1,False
3063,4,train,0,False
3064,4,train,2,False
3065,4,train,2,False
3066,4,train,2,False
3068,4,train,2,False
3069,4,train,1,False
3070,4,train,0,False
3071,4,train,2,False
3072,4,val,0,False
3073,4,train,1,False
3074,4,train,1,False
3075,4,train,0,False
3076,4,val,2,False
3078,4,train,2,False
3079,4,train,1,False
3080,4,val,1,False
3081,4,train,2,False
3082,4,val,1,False
3083,4,train,2,False
3084,4,train,1,False
3085,4,train,1,False
3087,4,train,2,False
3088,4,train,1,False
3090,4,train,0,False
3091,4,train,2,False
3092,4,train,0,False
3093,4,train,1,False
3094,4,val,0,False
3095,4,train,1,False
3096,4,train,1,False
3097,4,train,1,False
3098,4,train,2,False
3099,4,train,1,False
3104,4,train,2,False
3105,4,train,2,False
3106,4,train,2,False
3108,4,train,0,False
3109,4,train,2,False
3110,4,train,0,False
3111,4,train,0,False
3112,4,val,2,False
3114,4,val,1,False
3116,4,train,0,False
3118,4,val,1,False
3120,4,train,2,False
3121,4,train,1,False
3123,4,val,1,True
3125,4,train,2,False
3126,4,val,1,True
3127,4,train,1,False
3128,4,val,0,False
3130,4,train,2,False
3131,4,train,1,False
3132,4,train,0,False
3133,4,train,2,False
3134,4,train,0,False
3135,4,val,1,True
3136,4,val,2,False
3137,4,val,0,False
3139,4,val,1,True
3140,4,train,0,False
3141,4,val,1,True
3142,4,val,2,False
3143,4,train,0,False
3144,4,train,1,False
3145,4,val,1,False
3146,4,train,1,False
3147,4,train,0,False
3148,4,train,2,False
3149,4,train,2,False
3150,4,train,1,False
3151,4,train,0,False
3152,4,train,2,False
3153,4,val,1,False
3154,4,train,2,False
3155,4,train,1,False
3157,4,train,2,False
3158,4,train,1,False
3159,4,val,2,False
3160,4,train,2,False
3161,4,val,1,True
3162,4,train,2,False
3163,4,train,2,False
3164,4,train,2,False
3165,4,train,2,False
3166,4,train,2,False
3167,4,train,1,False
3168,4,val,1,False
3169,4,train,2,False
3170,4,val,1,False
3171,4,train,1,False
3172,4,train,2,False
3173,4,val,2,False
3174,4,train,2,False
3175,4,train,2,False
3176,4,val,2,False
3177,4,train,2,False
3178,4,val,1,False
3179,4,train,1,False
3180,4,train,0,False
3181,4,val,1,False
3182,4,train,1,False
3183,4,train,1,False
3184,4,train,1,False
3185,4,train,1,False
3186,4,train,2,False
3187,4,train,2,False
3188,4,train,2,False
3189,4,train,1,False
3190,4,train,2,False
3191,4,train,0,False
3192,4,val,2,False
3193,4,val,1,True
3194,4,train,0,False
3195,4,train,0,False
3197,4,train,0,False
3198,4,train,0,False
3199,4,val,2,False
3200,4,train,1,False
3201,4,train,0,False
3202,4,train,2,False
3206,4,val,1,False
3207,4,train,1,False
3208,4,train,1,False
3209,4,train,1,False
3210,4,train,1,False
3211,4,val,0,False
3212,4,train,2,False
3213,4,train,1,False
3214,4,val,1,False
3215,4,train,0,False
3216,4,train,0,False
3217,4,train,2,False
3218,4,train,1,False
3219,4,train,0,False
3220,4,val,0,False
3221,4,train,1,False
3222,4,train,1,False
3223,4,val,1,False
3224,4,val,2,False
3225,4,val,1,False
3226,4,train,1,False
3228,4,train,2,False
3229,4,val,0,False
3230,4,val,1,False
3232,4,train,0,False
3233,4,train,2,False
3234,4,train,0,False
3235,4,train,2,False
3236,4,train,0,False
3237,4,train,2,False
3238,4,train,2,False
3239,4,val,2,False
3240,4,val,1,True
3241,4,val,2,False
3242,4,train,2,False
3243,4,train,2,False
3244,4,val,2,False
3246,4,val,1,True
3248,4,train,2,False
3249,4,val,1,True
3250,4,train,2,False
3251,4,train,1,False
3252,4,train,2,False
3253,4,train,2,False
3255,4,val,1,True
3256,4,val,1,False
3258,4,val,0,False
3260,4,train,2,False
3261,4,train,1,False
3262,4,train,1,False
3263,4,train,1,False
3264,4,train,1,False
3265,4,val,1,True
3266,4,val,0,False
3267,4,train,0,False
3268,4,val,1,True
3269,4,train,0,False
3271,4,train,2,False
3272,4,train,0,False
3273,4,train,0,False
3275,4,train,1,False
3276,4,val,1,True
3278,4,train,1,False
3280,4,train,1,False
3281,4,train,2,False
3283,4,train,0,False
3284,4,train,0,False
3285,4,val,2,False
3286,4,val,1,True
3287,4,train,2,False
3288,4,train,2,False
3289,4,val,2,False
3290,4,train,2,False
3291,4,val,0,False
3292,4,train,1,False
3293,4,train,2,False
3294,4,train,1,False
3297,4,val,1,True
3298,4,val,0,False
3299,4,train,2,False
3300,4,train,0,False
3301,4,train,0,False
3302,4,train,0,False
3303,4,train,0,False
3304,4,train,0,False
3306,4,train,1,False
3307,4,train,1,False
3309,4,train,1,False
3310,4,val,1,True
3311,4,train,2,False
3312,4,train,1,False
3313,4,train,2,False
3314,4,train,2,False
3315,4,train,2,False
3316,4,train,2,False
3317,4,val,1,False
3318,4,train,2,False
3319,4,train,2,False
3320,4,train,2,False
3321,4,train,2,False
3322,4,val,2,False
3323,4,train,1,False
3324,4,val,1,False
3325,4,train,1,False
3326,4,train,2,False
3327,4,train,2,False
3328,4,train,2,False
3329,4,train,2,False
3330,4,train,2,False
3331,4,val,2,False
3332,4,train,2,False
3333,4,val,2,False
3334,4,train,2,False
3335,4,train,2,False
3338,4,train,1,False
3340,4,train,1,False
3342,4,train,2,False
3343,4,train,2,False
3344,4,train,2,False
3345,4,train,2,False
3346,4,train,2,False
3347,4,train,2,False
3348,4,train,2,False
3349,4,train,1,False
3350,4,train,1,False
3351,4,train,2,False
3352,4,val,1,False
3353,4,val,2,False
3355,4,train,2,False
3356,4,train,0,False
3359,4,train,2,False
3361,4,train,2,False
3362,4,val,2,False
3363,4,val,0,False
3364,4,train,0,False
3365,4,train,2,False
3366,4,val,1,True
3367,4,val,1,True
3368,4,train,1,False
3369,4,val,2,False
3370,4,train,2,False
3371,4,train,2,False
3374,4,val,1,True
3375,4,train,1,False
3376,4,train,2,False
3378,4,val,2,False
3379,4,train,1,False
3381,4,train,2,False
3382,4,train,2,False
3383,4,val,1,False
3384,4,train,2,False
3385,4,val,1,True
3386,4,train,2,False
3387,4,train,1,False
3389,4,train,1,False
3391,4,train,1,False
3392,4,train,1,False
3393,4,train,1,False
3394,4,train,2,False
3395,4,val,2,False
3397,4,train,2,False
3398,4,train,2,False
3399,4,train,2,False
3400,4,val,2,False
3401,4,train,2,False
3402,4,train,1,False
3403,4,train,2,False
3404,4,train,2,False
3405,4,train,1,False
3406,4,train,2,False
3407,4,val,1,False
3408,4,train,2,False
3409,4,train,0,False
3411,4,train,0,False
3412,4,train,0,False
3414,4,train,0,False
3415,4,val,0,False
3416,4,train,2,False
3417,4,val,1,False
3418,4,train,0,False
3419,4,train,1,False
3420,4,train,2,False
3421,4,train,2,False
3423,4,train,2,False
3424,4,train,2,False
3425,4,val,2,False
3426,4,val,2,False
3428,4,train,2,False
3429,4,train,1,False
3430,4,train,2,False
3431,4,train,2,False
3432,4,train,0,False
3433,4,train,2,False
3434,4,train,2,False
3435,4,train,2,False
3436,4,train,2,False
3437,4,train,2,False
3439,4,train,2,False
3440,4,train,2,False
3441,4,val,2,False
3442,4,val,2,False
3443,4,train,2,False
3444,4,train,2,False
3445,4,train,2,False
3446,4,train,2,False
3447,4,train,2,False
3448,4,train,2,False
3449,4,train,2,False
3450,4,val,1,False
3451,4,train,2,False
3452,4,val,2,False
3453,4,train,2,False
3454,4,train,2,False
3455,4,train,2,False
3456,4,train,2,False
3457,4,val,2,False
3458,4,train,2,False
3460,4,train,2,False
3461,4,train,2,False
3462,4,val,1,False
3463,4,train,2,False
3465,4,val,1,True
3466,4,train,2,False
3467,4,train,2,False
3468,4,train,2,False
3469,4,train,0,False
3470,4,train,2,False
3471,4,train,2,False
3473,4,train,1,False
3474,4,train,1,False
3475,4,train,2,False
3477,4,val,1,True
3478,4,train,2,False
3479,4,val,0,False
3480,4,train,2,False
3481,4,val,2,False
3482,4,train,2,False
3483,4,val,1,True
3484,4,train,2,False
3485,4,val,2,False
3486,4,val,2,False
3487,4,train,2,False
3489,4,train,2,False
3490,4,train,2,False
3491,4,train,2,False
3492,4,train,2,False
3493,4,train,2,False
3494,4,train,2,False
3495,4,train,1,False
3496,4,train,2,False
3497,4,train,0,False
3498,4,train,0,False
3499,4,train,1,False
3500,4,train,2,False
3501,4,val,2,False
3502,4,train,2,False
3504,4,train,1,False
3505,4,train,2,False
3506,4,val,2,False
3507,4,train,2,False
3508,4,train,1,False
3509,4,val,1,False
3511,4,train,2,False
3513,4,val,1,True
3515,4,train,2,False
3516,4,train,2,False
3517,4,train,2,False
3519,4,train,2,False
3520,4,val,2,False
3522,4,train,2,False
3524,4,train,2,False
3525,4,val,2,False
3527,4,train,2,False
3528,4,train,2,False
3529,4,val,2,False
3530,4,train,2,False
3531,4,train,2,False
3532,4,train,2,False
3533,4,train,2,False
3534,4,val,2,False
3535,4,val,2,False
3536,4,train,2,False
3537,4,val,2,False
3538,4,train,2,False
3539,4,train,2,False
3540,4,train,2,False
3541,4,train,2,False
3542,4,train,2,False
3543,4,train,1,False
3544,4,train,2,False
3545,4,train,2,False
3546,4,train,2,False
3547,4,train,2,False
3548,4,val,2,False
3549,4,train,2,False
3550,4,val,2,False
3551,4,train,2,False
3553,4,train,2,False
3554,4,train,2,False
3555,4,train,2,False
3556,4,val,2,False
3557,4,train,2,False
3558,4,train,2,False
3559,4,train,2,False
3560,4,train,2,False
3561,4,val,1,False
3562,4,train,2,False
3563,4,train,2,False
3564,4,val,2,False
3565,4,train,2,False
3566,4,train,2,False
3567,4,train,2,False
3568,4,train,2,False
3569,4,train,2,False
3570,4,val,1,False
3571,4,train,2,False
3573,4,train,2,False
3574,4,train,2,False
3575,4,train,2,False
3576,4,train,2,False
3578,4,train,2,False
3579,4,train,2,False
3580,4,train,2,False
3581,4,train,2,False
3583,4,val,1,False
3584,4,val,2,False
3585,4,train,2,False
3586,4,train,2,False
3587,4,train,1,False
3588,4,train,1,False
3589,4,val,1,True
3590,4,train,1,False
3591,4,train,2,False
3592,4,train,2,False
3593,4,val,2,False
3594,4,val,2,False
3596,4,train,2,False
3597,4,train,2,False
3598,4,val,2,False
3599,4,train,1,False
3600,4,train,2,False
3601,4,train,2,False
3602,4,val,1,True
3603,4,train,2,False
3604,4,train,2,False
3605,4,val,2,False
3606,4,val,2,False
3609,4,val,1,True
3610,4,train,0,False
3611,4,train,2,False
3612,4,train,2,False
3613,4,val,2,False
3614,4,val,0,False
3615,4,val,2,False
3616,4,train,2,False
3617,4,train,2,False
3619,4,train,2,False
3620,4,train,2,False
3621,4,train,2,False
3622,4,val,1,True
3623,4,val,2,False
3624,4,train,1,False
3625,4,train,2,False
3627,4,val,1,True
3628,4,train,1,False
3629,4,train,2,False
3630,4,val,1,False
3631,4,train,2,False
3632,4,train,1,False
3633,4,val,2,False
3634,4,val,2,False
3635,4,train,2,False
3636,4,train,1,False
3638,4,train,2,False
3639,4,train,1,False
3641,4,val,1,True
3642,4,train,1,False
3643,4,train,1,False
3644,4,val,1,False
3645,4,train,1,False
3646,4,train,1,False
3647,4,train,0,False
3648,4,train,1,False
3650,4,train,1,False
3652,4,val,2,False
3654,4,train,0,False
3655,4,train,1,False
3656,4,train,2,False
3657,4,train,1,False
3659,4,val,0,False
3661,4,train,0,False
3662,4,train,1,False
3663,4,val,0,False
3664,4,train,0,False
3666,4,train,1,False
3667,4,train,0,False
3668,4,train,0,False
3669,4,val,0,False
3670,4,val,0,False
3671,4,train,2,False
3673,4,train,2,False
3674,4,train,1,False
3675,4,train,0,False
3676,4,val,1,False
3677,4,train,2,False
3678,4,train,2,False
3679,4,train,0,False
3680,4,train,0,False
3681,4,train,1,False
3682,4,train,0,False
3683,4,train,0,False
3684,4,train,0,False
3685,4,train,0,False
3686,4,train,0,False
3688,4,train,1,False
3689,4,val,1,False
3690,4,train,1,False
3691,4,val,0,False
3692,4,train,1,False
3693,4,train,0,False
3694,4,train,0,False
3696,4,train,0,False
3697,4,val,2,False
3698,4,train,2,False
3699,4,train,2,False
3700,4,train,0,False
3701,4,val,1,False
3702,4,train,0,False
3703,4,train,0,False
3705,4,train,0,False
3706,4,train,1,False
3707,4,train,1,False
3708,4,train,0,False
3709,4,val,0,False
3710,4,val,0,False
3711,4,train,0,False
3712,4,train,0,False
3713,4,train,0,False
3716,4,train,1,False
3717,4,train,1,False
3718,4,train,0,False
3719,4,train,1,False
3720,4,train,0,False
3721,4,val,0,False
3722,4,train,1,False
3723,4,val,0,False
3724,4,train,0,False
3726,4,train,0,False
3728,4,train,0,False
3729,4,train,0,False
3730,4,train,0,False
3731,4,train,0,False
3732,4,train,0,False
3733,4,val,0,False
3734,4,train,0,False
3735,4,train,0,False
3736,4,train,0,False
3737,4,train,2,False
3738,4,train,2,False
3741,4,train,1,False
3744,4,train,2,False
3746,4,train,0,False
3747,4,val,1,False
3749,4,train,1,False
3750,4,val,0,False
3751,4,train,1,False
3753,4,train,0,False
3756,4,train,0,False
3757,4,val,0,False
3758,4,val,2,False
3759,4,train,0,False
3761,4,train,0,False
3766,4,train,0,False
3767,4,train,0,False
3768,4,train,0,False
3769,4,val,0,False
3770,4,train,0,False
3771,4,train,1,False
3772,4,train,0,False
3773,4,train,1,False
3774,4,train,0,False
3775,4,train,1,False
3776,4,train,1,False
3777,4,train,1,False
3778,4,train,0,False
3779,4,train,0,False
3780,4,val,0,False
3782,4,val,1,True
3783,4,val,1,False
3784,4,train,0,False
3785,4,train,1,False
3787,4,train,0,False
3788,4,train,0,False
3789,4,train,0,False
3791,4,train,0,False
3792,4,train,1,False
3793,4,train,0,False
3794,4,train,0,False
3795,4,train,0,False
3797,4,train,0,False
3798,4,train,0,False
3799,4,train,0,False
3800,4,val,0,False
3802,4,train,0,False
3804,4,train,0,False
3805,4,train,0,False
3806,4,train,2,False
3807,4,val,1,False
3808,4,train,0,False
3809,4,train,1,False
3811,4,train,0,False
3812,4,train,0,False
3814,4,train,1,False
3815,4,train,0,False
3817,4,train,1,False
3818,4,train,0,False
3821,4,val,0,False
3822,4,val,0,False
3823,4,train,1,False
3824,4,train,0,False
3825,4,val,0,False
3826,4,train,0,False
3827,4,train,0,False
3828,4,train,1,False
3829,4,train,0,False
3830,4,val,0,False
3831,4,train,0,False
3832,4,train,0,False
3833,4,train,0,False
3834,4,train,1,False
3835,4,val,1,True
3839,4,train,1,False
3841,4,val,0,False
3842,4,train,1,False
3843,4,train,1,False
3845,4,train,1,False
3846,4,train,1,False
3847,4,train,0,False
3848,4,train,1,False
3849,4,train,0,False
3850,4,train,0,False
3851,4,train,1,False
3852,4,val,1,False
3853,4,train,1,False
3854,4,val,0,False
3855,4,train,0,False
3856,4,val,0,False
3857,4,val,0,False
3858,4,train,0,False
3859,4,val,0,False
3860,4,train,1,False
3863,4,val,1,True
3864,4,val,2,False
3865,4,val,0,False
3866,4,val,1,True
3867,4,train,0,False
3868,4,train,0,False
3869,4,train,0,False
3870,4,val,1,True
3874,4,val,0,False
3875,4,train,1,False
3876,4,train,0,False
3877,4,train,1,False
3878,4,train,0,False
3879,4,train,0,False
3880,4,val,1,False
3881,4,train,1,False
3882,4,train,1,False
3884,4,train,0,False
3887,4,train,0,False
3888,4,train,0,False
3889,4,train,0,False
3890,4,train,0,False
3891,4,val,0,False
3892,4,train,0,False
3893,4,train,0,False
3894,4,val,0,False
3895,4,val,1,False
3896,4,val,0,False
3897,4,val,1,True
3898,4,train,1,False
3899,4,train,0,False
3900,4,train,0,False
3901,4,train,0,False
3902,4,train,1,False
3904,4,val,1,True
3905,4,train,0,False
3907,4,train,1,False
3908,4,train,1,False
3909,4,train,0,False
3910,4,train,0,False
3911,4,train,1,False
3915,4,train,2,False
3917,4,train,2,False
3918,4,train,2,False
3921,4,train,1,False
3924,4,train,1,False
3925,4,val,2,False
3926,4,train,1,False
3927,4,train,1,False
3929,4,train,2,False
3930,4,train,1,False
3933,4,train,2,False
3936,4,val,2,False
3937,4,val,1,True
3938,4,train,1,False
3939,4,train,1,False
3940,4,train,0,False
3941,4,train,1,False
3942,4,train,1,False
3944,4,train,1,False
3945,4,val,1,True
3946,4,train,1,False
3947,4,train,0,False
3949,4,train,0,False
3951,4,train,0,False
3954,4,train,0,False
3955,4,train,0,False
3956,4,train,0,False
3957,4,train,0,False
3959,4,train,0,False
3960,4,val,1,True
3961,4,train,0,False
3963,4,train,1,False
3964,4,train,0,False
3965,4,val,1,True
3967,4,train,0,False
3969,4,train,1,False
3970,4,train,2,False
3972,4,train,2,False
3974,4,train,2,False
3978,4,train,0,False
3980,4,train,1,False
3981,4,train,2,False
3983,4,val,1,True
3984,4,train,2,False
3986,4,val,1,True
3987,4,train,1,False
3988,4,train,2,False
3989,4,train,1,False
3991,4,train,0,False
3992,4,train,0,False
3994,4,train,1,False
3995,4,train,0,False
3997,4,val,1,False
3998,4,val,1,False
4000,4,train,0,False
4001,4,val,0,False
4002,4,train,1,False
4005,4,val,1,True
4007,4,train,0,False
4008,4,train,0,False
4009,4,train,1,False
4010,4,train,0,False
4011,4,train,0,False
4013,4,val,1,True
4015,4,train,1,False
4017,4,val,2,False
4019,4,train,2,False
4021,4,train,0,False
4022,4,val,1,False
4023,4,train,2,False
4024,4,train,2,False
4025,4,train,2,False
4026,4,train,2,False
4028,4,train,1,False
4036,4,train,2,False
4038,4,train,1,False
4041,4,train,1,False
4042,4,train,2,False
4043,4,val,1,False
4044,4,train,0,False
4046,4,train,1,False
4047,4,val,1,False
4049,4,train,1,False
4051,4,val,0,False
4052,4,val,1,True
4053,4,train,1,False
4056,4,val,2,False
4058,4,train,1,False
4059,4,val,0,False
4060,4,train,0,False
4061,4,train,1,False
4062,4,train,1,False
4063,4,train,1,False
4064,4,val,0,False
4065,4,train,1,False
4066,4,val,2,False
4067,4,train,1,False
4068,4,train,0,False
4069,4,val,1,True
4070,4,train,1,False
4073,4,train,1,False
4074,4,train,1,False
4075,4,val,0,False
4076,4,val,1,True
4077,4,val,0,False
4078,4,train,1,False
4079,4,train,1,False
4080,4,train,1,False
4082,4,train,0,False
4083,4,train,0,False
4084,4,train,1,False
4085,4,train,2,False
4086,4,val,0,False
4087,4,val,1,False
4088,4,train,2,False
4090,4,train,1,False
4092,4,train,1,False
4093,4,train,1,False
4094,4,train,0,False
4096,4,train,1,False
4097,4,train,1,False
4098,4,train,1,False
4099,4,train,0,False
4100,4,train,1,False
4101,4,train,2,False
4102,4,train,0,False
4103,4,val,0,False
4106,4,train,1,False
4107,4,train,1,False
4108,4,train,1,False
4109,4,train,0,False
4111,4,train,1,False
4112,4,val,0,False
4113,4,val,1,False
4114,4,val,1,True
4115,4,train,0,False
4116,4,train,0,False
4117,4,train,0,False
4118,4,train,0,False
4119,4,train,2,False
4120,4,train,0,False
4121,4,val,1,True
4123,4,train,1,False
4124,4,train,1,False
4125,4,val,1,True
4127,4,val,1,True
4130,4,val,1,True
4131,4,val,2,False
4132,4,train,2,False
4134,4,train,2,False
4136,4,train,1,False
4137,4,train,1,False
4138,4,train,1,False
4139,4,val,1,False
4140,4,train,1,False
4141,4,train,1,False
4142,4,val,1,False
4143,4,train,0,False
4144,4,train,1,False
4145,4,train,1,False
4146,4,train,0,False
4147,4,train,0,False
4150,4,val,1,False
4152,4,train,0,False
4154,4,train,0,False
4156,4,train,0,False
4157,4,train,1,False
4158,4,train,2,False
4160,4,val,0,False
4161,4,train,0,False
4162,4,train,1,False
4163,4,train,2,False
4164,4,train,1,False
4165,4,train,2,False
4166,4,train,0,False
4167,4,val,2,False
4168,4,val,2,False
4169,4,train,1,False
4170,4,val,2,False
4171,4,train,1,False
4172,4,val,1,True
4174,4,val,1,False
4175,4,train,0,False
4178,4,train,1,False
4179,4,train,2,False
4180,4,train,2,False
4181,4,train,2,False
4182,4,train,0,False
4183,4,train,0,False
4184,4,train,1,False
4186,4,val,1,False
4188,4,train,1,False
4189,4,train,1,False
4191,4,train,0,False
4192,4,train,2,False
4193,4,train,0,False
4194,4,train,1,False
4197,4,train,1,False
4199,4,train,0,False
4200,4,val,1,False
4201,4,val,1,True
4204,4,train,0,False
4205,4,train,0,False
4206,4,val,1,True
4207,4,train,2,False
4208,4,train,1,False
4210,4,train,1,False
4211,4,train,2,False
4212,4,train,2,False
4213,4,train,2,False
4214,4,train,2,False
4215,4,val,2,False
4216,4,train,2,False
4217,4,train,1,False
4218,4,val,2,False
4219,4,train,2,False
4220,4,train,0,False
4221,4,train,2,False
4222,4,train,2,False
4223,4,train,1,False
4224,4,train,2,False
4225,4,train,0,False
4229,4,train,0,False
4230,4,train,1,False
4231,4,val,0,False
4233,4,train,0,False
4234,4,train,0,False
4239,4,val,1,True
4240,4,train,0,False
4241,4,train,1,False
4242,4,train,0,False
4244,4,val,0,False
4245,4,train,1,False
4246,4,train,1,False
4247,4,train,1,False
4248,4,val,1,True
4249,4,train,1,False
4250,4,val,1,False
4252,4,train,1,False
4253,4,train,0,False
4254,4,train,0,False
4255,4,train,1,False
4256,4,train,1,False
4257,4,train,0,False
4258,4,train,1,False
4262,4,train,1,False
4263,4,train,2,False
4264,4,train,2,False
4265,4,train,0,False
4266,4,train,1,False
4267,4,train,1,False
4269,4,train,0,False
4270,4,train,1,False
4271,4,train,1,False
4273,4,train,0,False
4274,4,train,1,False
4275,4,train,0,False
4276,4,train,2,False
4277,4,val,0,False
4278,4,val,0,False
4279,4,val,1,True
4280,4,val,1,True
4282,4,train,1,False
4283,4,train,2,False
4284,4,train,0,False
4285,4,train,1,False
4286,4,val,1,True
4287,4,train,1,False
4288,4,val,1,False
4289,4,train,1,False
4290,4,train,1,False
4291,4,val,1,True
4292,4,val,2,False
4293,4,train,1,False
4295,4,train,0,False
4296,4,train,1,False
4297,4,val,1,True
4299,4,train,1,False
4301,4,val,2,False
4302,4,train,1,False
4304,4,train,1,False
4305,4,train,0,False
4306,4,val,2,False
4307,4,train,1,False
4309,4,train,1,False
4310,4,val,1,True
4311,4,train,1,False
4312,4,train,2,False
4315,4,train,1,False
4317,4,val,1,True
4318,4,train,1,False
4319,4,train,0,False
4320,4,val,0,False
4322,4,train,1,False
4324,4,train,0,False
4326,4,train,0,False
4327,4,val,1,True
4328,4,val,0,False
4330,4,val,2,False
4331,4,val,1,False
4332,4,train,2,False
4333,4,val,1,False
4334,4,train,1,False
4335,4,train,1,False
4336,4,train,0,False
4337,4,train,0,False
4338,4,val,1,False
4339,4,val,1,False
4340,4,train,1,False
4342,4,train,2,False
4343,4,val,1,False
4345,4,val,1,False
4346,4,val,1,False
4348,4,train,1,False
4349,4,train,1,False
4350,4,train,1,False
4351,4,train,0,False
4352,4,val,1,True
4354,4,train,1,False
4355,4,train,1,False
4356,4,val,2,False
4357,4,train,1,False
4359,4,train,1,False
4360,4,val,1,True
4361,4,train,0,False
4362,4,train,2,False
4364,4,train,0,False
4365,4,train,0,False
4367,4,train,0,False
4369,4,train,1,False
4370,4,train,0,False
4371,4,train,0,False
4372,4,train,0,False
4373,4,train,0,False
4375,4,train,2,False
4377,4,train,2,False
4378,4,train,0,False
4381,4,train,2,False
4382,4,train,2,False
4383,4,train,0,False
4385,4,train,2,False
4388,4,train,0,False
4389,4,train,0,False
4390,4,val,0,False
4391,4,val,1,True
4392,4,train,0,False
4393,4,train,1,False
4394,4,train,0,False
4395,4,train,1,False
4396,4,train,1,False
4397,4,train,1,False
4398,4,val,1,True
4401,4,val,1,True
4402,4,train,0,False
4403,4,val,1,True
4406,4,train,1,False
4407,4,val,0,False
4408,4,val,1,True
4409,4,train,0,False
4410,4,val,1,True
4411,4,train,1,False
4414,4,train,2,False
4415,4,train,2,False
4416,4,val,0,False
4417,4,train,0,False
4418,4,train,1,False
4419,4,train,1,False
4420,4,train,2,False
4421,4,train,0,False
4422,4,train,1,False
4425,4,train,0,False
4426,4,train,0,False
4427,4,train,0,False
4428,4,train,0,False
4429,4,train,0,False
4431,4,train,0,False
4432,4,train,1,False
4433,4,train,0,False
4435,4,train,0,False
4437,4,train,1,False
4438,4,train,2,False
4439,4,val,2,False
4440,4,train,2,False
4441,4,train,0,False
4442,4,train,2,False
4443,4,train,0,False
4447,4,train,0,False
4449,4,train,2,False
4450,4,train,0,False
4452,4,val,1,True
4453,4,val,0,False
4454,4,val,1,False
4455,4,train,1,False
4457,4,val,1,False
4458,4,train,2,False
4459,4,train,1,False
4460,4,val,1,True
4461,4,val,1,False
4462,4,train,2,False
4463,4,train,0,False
4464,4,val,1,False
4465,4,val,1,True
4467,4,train,1,False
4468,4,train,0,False
4469,4,val,1,True
4470,4,val,1,True
4471,4,train,0,False
4472,4,train,0,False
4473,4,train,1,False
4474,4,train,1,False
4475,4,train,0,False
4476,4,train,0,False
4477,4,val,0,False
4478,4,train,0,False
4479,4,train,0,False
4480,4,train,1,False
4481,4,train,1,False
4482,4,val,1,True
4483,4,val,1,True
4484,4,train,2,False
4485,4,train,2,False
4486,4,val,1,True
4488,4,train,1,False
4490,4,train,1,False
4491,4,train,1,False
4492,4,train,1,False
4495,4,val,1,True
4496,4,train,1,False
4497,4,train,0,False
4498,4,train,0,False
4499,4,train,0,False
4502,4,val,1,True
4503,4,train,1,False
4504,4,train,0,False
4506,4,train,0,False
4507,4,train,1,False
4508,4,train,1,False
4509,4,train,1,False
4510,4,train,1,False
4511,4,train,0,False
4513,4,train,2,False
4514,4,train,0,False
4516,4,train,1,False
4517,4,train,1,False
4518,4,val,1,False
4519,4,train,1,False
4520,4,train,1,False
4522,4,train,1,False
4523,4,train,2,False
4524,4,val,0,False
4526,4,train,1,False
4527,4,train,1,False
4528,4,train,1,False
4529,4,train,1,False
4530,4,val,1,True
4531,4,train,1,False
4532,4,train,2,False
4533,4,val,0,False
4534,4,val,2,False
4536,4,train,1,False
4538,4,train,1,False
4539,4,train,1,False
4540,4,val,1,False
4541,4,val,1,False
4543,4,train,0,False
4544,4,train,1,False
4545,4,train,0,False
4546,4,train,1,False
4547,4,train,1,False
4548,4,train,1,False
4549,4,train,0,False
4550,4,train,0,False
4551,4,train,0,False
4553,4,train,0,False
4554,4,train,1,False
4556,4,train,0,False
4558,4,val,0,False
4559,4,train,0,False
4560,4,train,0,False
4561,4,val,1,True
4563,4,train,1,False
4564,4,train,1,False
4566,4,train,1,False
4567,4,train,1,False
4568,4,train,1,False
4569,4,train,1,False
4570,4,train,0,False
4571,4,train,1,False
4572,4,train,2,False
4574,4,train,1,False
4576,4,train,1,False
4577,4,train,2,False
4578,4,train,2,False
4579,4,train,1,False
4580,4,train,1,False
4581,4,train,1,False
4583,4,val,1,True
4585,4,train,1,False
4587,4,val,2,False
4588,4,train,0,False
4589,4,train,1,False
4590,4,train,1,False
4591,4,train,1,False
4593,4,train,0,False
4594,4,val,1,False
4595,4,train,0,False
4596,4,val,1,False
4597,4,val,2,False
4599,4,train,0,False
4600,4,train,0,False
4601,4,train,1,False
4602,4,train,0,False
4603,4,train,2,False
4604,4,val,2,False
4605,4,val,1,True
4606,4,train,1,False
4607,4,train,1,False
4608,4,val,1,True
4609,4,train,2,False
4610,4,val,2,False
4611,4,train,2,False
4612,4,train,1,False
4613,4,train,2,False
4614,4,train,1,False
4615,4,train,2,False
4616,4,train,2,False
4618,4,val,1,True
4619,4,train,1,False
4621,4,val,0,False
4622,4,train,1,False
4623,4,train,0,False
4624,4,val,0,False
4626,4,train,1,False
4627,4,train,2,False
4628,4,train,0,False
4629,4,train,0,False
4630,4,train,2,False
4633,4,train,1,False
4634,4,train,1,False
4635,4,train,1,False
4638,4,train,1,False
4639,4,val,1,False
4640,4,train,2,False
4641,4,train,2,False
4642,4,val,1,True
4643,4,train,2,False
4644,4,train,1,False
4646,4,train,2,False
4648,4,train,1,False
4649,4,train,2,False
4650,4,train,2,False
4652,4,train,1,False
4653,4,train,2,False
4654,4,train,1,False
4655,4,train,2,False
4656,4,train,2,False
4657,4,train,0,False
4658,4,val,1,False
4659,4,train,1,False
4660,4,val,2,False
4661,4,val,1,True
4662,4,val,2,False
4663,4,train,1,False
4665,4,train,0,False
4666,4,train,1,False
4667,4,train,0,False
4668,4,train,2,False
4670,4,train,2,False
4672,4,val,1,False
4674,4,train,1,False
4676,4,train,0,False
4678,4,train,1,False
4679,4,train,1,False
4680,4,train,2,False
4681,4,train,1,False
4682,4,train,2,False
4683,4,train,1,False
4684,4,train,0,False
4685,4,train,1,False
4687,4,train,1,False
4688,4,train,1,False
4689,4,val,2,False
4690,4,train,2,False
4691,4,train,1,False
4692,4,train,2,False
4693,4,train,0,False
4694,4,train,1,False
4697,4,train,2,False
4698,4,val,1,True
4699,4,train,2,False
4700,4,val,1,False
4702,4,val,1,True
4703,4,val,1,False
4704,4,train,1,False
4705,4,train,1,False
4707,4,val,0,False
4708,4,val,0,False
4709,4,train,1,False
4713,4,val,1,True
4714,4,train,0,False
4715,4,train,1,False
4716,4,train,1,False
4717,4,train,2,False
4718,4,train,1,False
4719,4,train,1,False
4721,4,train,0,False
4723,4,train,2,False
4725,4,train,1,False
4726,4,val,1,False
4727,4,train,1,False
4728,4,train,0,False
4729,4,val,1,True
4731,4,train,1,False
4732,4,train,2,False
4733,4,val,1,True
4735,4,train,1,False
4736,4,train,1,False
4737,4,train,1,False
4738,4,train,1,False
4740,4,train,0,False
4742,4,train,2,False
4744,4,train,2,False
4745,4,train,2,False
4747,4,train,1,False
4748,4,train,2,False
4749,4,train,1,False
4750,4,train,1,False
4751,4,train,0,False
4754,4,train,0,False
4755,4,val,1,False
4758,4,train,1,False
4761,4,train,1,False
4762,4,val,0,False
4763,4,train,0,False
4764,4,train,0,False
4766,4,train,1,False
4767,4,val,1,False
4768,4,train,0,False
4770,4,train,1,False
4771,4,train,0,False
4772,4,train,1,False
4773,4,train,1,False
4775,4,train,1,False
4776,4,val,1,False
4778,4,train,0,False
4779,4,train,0,False
4780,4,train,1,False
4781,4,train,1,False
4782,4,val,1,True
4783,4,val,1,False
4784,4,train,0,False
4785,4,train,0,False
4786,4,train,1,False
4787,4,val,0,False
4788,4,train,2,False
4789,4,train,2,False
4790,4,val,1,True
4791,4,train,1,False
4792,4,train,0,False
4793,4,train,2,False
4794,4,train,0,False
4796,4,train,2,False
4797,4,train,1,False
4798,4,train,1,False
4800,4,train,0,False
4801,4,val,1,False
4803,4,train,0,False
4804,4,train,2,False
4805,4,train,0,False
4806,4,train,1,False
4807,4,train,1,False
4808,4,val,1,True
4811,4,train,0,False
4813,4,train,0,False
4815,4,train,0,False
4816,4,train,0,False
4817,4,train,2,False
4818,4,train,1,False
4820,4,train,0,False
4821,4,train,2,False
4822,4,train,1,False
4823,4,train,2,False
4825,4,val,2,False
4827,4,train,1,False
4828,4,train,2,False
4829,4,train,2,False
4830,4,train,2,False
4831,4,val,1,True
4832,4,train,1,False
4833,4,train,2,False
4834,4,train,2,False
4836,4,val,1,False
4837,4,train,1,False
4838,4,train,1,False
4840,4,val,1,False
4841,4,train,1,False
4842,4,train,1,False
4844,4,train,1,False
4845,4,train,0,False
4846,4,train,1,False
4851,4,train,1,False
4852,4,train,2,False
4853,4,train,1,False
4854,4,val,1,True
4856,4,train,2,False
4857,4,val,2,False
4858,4,val,2,False
4859,4,train,1,False
4860,4,train,0,False
4862,4,train,0,False
4863,4,train,1,False
4864,4,train,0,False
4865,4,val,1,False
4866,4,train,0,False
4867,4,train,0,False
4868,4,val,0,False
4869,4,train,0,False
4870,4,val,1,False
4871,4,val,2,False
4872,4,train,1,False
4873,4,train,1,False
4874,4,val,1,False
4876,4,val,0,False
4877,4,train,1,False
4878,4,train,0,False
4879,4,train,1,False
4881,4,train,0,False
4882,4,train,1,False
4884,4,train,0,False
4885,4,train,1,False
4886,4,train,1,False
4887,4,train,1,False
4888,4,train,2,False
4889,4,train,0,False
4890,4,train,1,False
4891,4,train,2,False
4893,4,val,1,True
4894,4,val,1,False
4895,4,val,1,True
4896,4,val,1,False
4897,4,train,1,False
4898,4,train,2,False
4899,4,train,1,False
4900,4,val,1,False
4902,4,val,1,False
4903,4,train,0,False
4904,4,train,1,False
4906,4,train,1,False
4907,4,train,2,False
4908,4,train,2,False
4910,4,train,0,False
4911,4,train,0,False
4914,4,train,0,False
4915,4,train,0,False
4917,4,train,2,False
4918,4,train,1,False
4919,4,val,1,False
4920,4,val,1,False
4921,4,val,1,False
4924,4,train,0,False
4925,4,val,0,False
4927,4,train,1,False
4928,4,val,0,False
4930,4,train,0,False
4933,4,val,2,False
4934,4,train,0,False
4935,4,train,1,False
4936,4,train,0,False
4937,4,train,1,False
4938,4,train,0,False
4939,4,train,2,False
4940,4,train,0,False
4942,4,val,2,False
4944,4,train,1,False
4945,4,train,0,False
4946,4,train,1,False
4947,4,val,1,True
4948,4,train,1,False
4949,4,train,0,False
4950,4,train,1,False
4951,4,train,1,False
4952,4,train,1,False
4953,4,val,1,True
4954,4,val,1,True
4955,4,val,1,True
4957,4,train,1,False
4958,4,train,1,False
4959,4,train,2,False
4960,4,train,2,False
4961,4,train,2,False
4962,4,train,2,False
4963,4,val,0,False
4964,4,train,0,False
4966,4,train,0,False
4967,4,train,0,False
4968,4,train,0,False
4969,4,train,0,False
4970,4,train,0,False
4971,4,train,1,False
4974,4,train,0,False
4975,4,train,1,False
4977,4,train,2,False
4978,4,train,0,False
4979,4,val,1,True
4980,4,train,0,False
4981,4,val,1,True
4984,4,train,2,False
4985,4,train,2,False
4986,4,val,2,False
4988,4,train,1,False
4989,4,train,1,False
4992,4,train,0,False
4993,4,val,1,True
4994,4,train,1,False
4995,4,train,2,False
4997,4,val,1,True
4998,4,val,1,True
4999,4,train,2,False
5000,4,val,1,True
5002,4,train,2,False
5003,4,val,2,False
5004,4,train,1,False
5005,4,train,0,False
5007,4,train,2,False
5008,4,train,2,False
5009,4,train,2,False
5010,4,train,2,False
5012,4,val,1,False
5013,4,train,2,False
5016,4,train,0,False
5017,4,train,2,False
5019,4,train,2,False
5021,4,val,1,False
5023,4,train,0,False
5024,4,val,1,False
5025,4,val,1,True
5027,4,val,0,False
5028,4,val,1,False
5030,4,train,1,False
5031,4,train,2,False
5032,4,val,0,False
5034,4,val,1,False
5035,4,train,1,False
5036,4,train,2,False
5037,4,val,1,False
5038,4,val,1,True
5039,4,train,0,False
5040,4,train,0,False
5041,4,train,0,False
5042,4,train,0,False
5044,4,train,0,False
5045,4,train,0,False
5046,4,val,0,False
5047,4,train,0,False
5048,4,train,1,False
5049,4,train,1,False
5050,4,train,0,False
5052,4,train,1,False
5054,4,val,1,False
5055,4,val,1,True
5056,4,train,1,False
5057,4,train,0,False
5058,4,val,1,False
5059,4,val,1,True
5060,4,train,1,False
5061,4,train,0,False
5062,4,train,1,False
5063,4,train,1,False
5065,4,train,1,False
5066,4,train,0,False
5067,4,train,1,False
5068,4,train,1,False
5069,4,train,0,False
5070,4,train,1,False
5072,4,train,1,False
5073,4,train,0,False
5076,4,train,0,False
5077,4,train,1,False
5078,4,train,0,False
5079,4,val,1,True
5080,4,train,1,False
